	Subphylum	Relative_Abundance	Sample	Total_Reads	Reads_Subphylum
0	Agaricomycotina	0.0	0		
1	Agaricomycotina	0.02372466400967211	1		
2	Agaricomycotina	0.012290384243850814	2		
3	Agaricomycotina	0.01970757631344739	3		
4	Agaricomycotina	0.050441967899777874	4		
5	Agaricomycotina	0.0	5		
6	Agaricomycotina	0.0	6		
7	Agaricomycotina	0.0	7		
8	Agaricomycotina	0.0	8		
9	Agaricomycotina	0.0	9		
10	Agaricomycotina	0.0	10		
11	Agaricomycotina	0.0	11		
12	Agaricomycotina	0.0	12		
13	Agaricomycotina	0.0	13		
14	Agaricomycotina	0.0	14		
15	Agaricomycotina	0.0	15		
16	Agaricomycotina	0.0	16		
17	Agaricomycotina	0.0	17		
18	Agaricomycotina	0.0	18		
19	Agaricomycotina	0.0	19		
20	Agaricomycotina	0.0	20		
21	Agaricomycotina	0.0	21		
22	Agaricomycotina	0.0	22		
23	Agaricomycotina	0.0	23		
24	Agaricomycotina	0.0	24		
25	Agaricomycotina	0.0	25		
26	Agaricomycotina	0.0	26		
27	Agaricomycotina	0.0	27		
28	Agaricomycotina	0.0	28		
29	Agaricomycotina	0.0	29		
30	Agaricomycotina	0.0	30		
31	Agaricomycotina	0.0	31		
32	Agaricomycotina	0.0	32		
33	Agaricomycotina	0.0	33		
34	Agaricomycotina	0.0	34		
35	Agaricomycotina	0.0	35		
36	Agaricomycotina	0.0	36		
37	Agaricomycotina	0.0	37		
38	Agaricomycotina	0.0	38		
39	Agaricomycotina	0.0	39		
40	Agaricomycotina	0.0	40		
41	Agaricomycotina	0.0	41		
42	Agaricomycotina	0.0	42		
43	Agaricomycotina	0.0	43		
44	Agaricomycotina	0.0	44		
45	Agaricomycotina	0.0	45		
46	Agaricomycotina	0.0	46		
47	Agaricomycotina	0.0	47		
48	Agaricomycotina	0.0	48		
49	Agaricomycotina	0.0	49		
50	Agaricomycotina	0.0	50		
51	Agaricomycotina	0.0	51		
52	Agaricomycotina	0.0	52		
53	Agaricomycotina	0.0	53		
54	Agaricomycotina	0.0	54		
55	Agaricomycotina	0.0	55		
56	Agaricomycotina	0.0	56		
57	Agaricomycotina	0.0	57		
58	Agaricomycotina	0.0	58		
59	Agaricomycotina	0.0	59		
60	Agaricomycotina	0.0	60		
61	Agaricomycotina	0.0	61		
62	Agaricomycotina	0.0	62		
63	Agaricomycotina	0.0	63		
64	Agaricomycotina	0.0	64		
65	Agaricomycotina	0.0	65		
66	Agaricomycotina	0.0	66		
67	Agaricomycotina	0.0	67		
68	Agaricomycotina	0.0	68		
69	Agaricomycotina	0.0	69		
70	Agaricomycotina	0.0	70		
71	Agaricomycotina	0.0	71		
72	Agaricomycotina	0.0	72		
73	Agaricomycotina	0.0	73		
74	Agaricomycotina	0.0	74		
75	Agaricomycotina	0.0	75		
76	Agaricomycotina	0.0	76		
77	Agaricomycotina	0.0	77		
78	Agaricomycotina	0.0	78		
79	Agaricomycotina	0.0	79		
80	Agaricomycotina	0.0	80		
81	Agaricomycotina	0.0	81		
82	Agaricomycotina	0.0	82		
83	Agaricomycotina	0.0	83		
84	Agaricomycotina	0.0	84		
85	Agaricomycotina	0.0	85		
86	Agaricomycotina	0.0	86		
87	Agaricomycotina	0.0	87		
88	Agaricomycotina	0.0	88		
89	Agaricomycotina	0.0	89		
90	Agaricomycotina	0.0	90		
91	Agaricomycotina	0.0	91		
92	Agaricomycotina	0.0	92		
93	Agaricomycotina	0.0	93		
94	Agaricomycotina	0.0	94		
95	Agaricomycotina	0.0	95		
96	Agaricomycotina	0.0	96		
97	Agaricomycotina	0.0	97		
98	Agaricomycotina	0.0	98		
99	Agaricomycotina	0.0	99		
100	Agaricomycotina	0.0	100		
101	Agaricomycotina	0.0	101		
102	Agaricomycotina	0.0	102		
103	Agaricomycotina	0.0	103		
104	Agaricomycotina	0.0	104		
105	Agaricomycotina	0.0	105		
106	Agaricomycotina	0.0	106		
107	Agaricomycotina	0.0	107		
108	Agaricomycotina	0.0	108		
109	Agaricomycotina	0.0	109		
110	Agaricomycotina	0.0	110		
111	Agaricomycotina	0.0	111		
112	Agaricomycotina	0.0	112		
113	Agaricomycotina	0.0	113		
114	Agaricomycotina	0.0	114		
115	Agaricomycotina	0.0	115		
116	Agaricomycotina	0.0	116		
117	Agaricomycotina	0.0	117		
118	Agaricomycotina	0.0	118		
119	Agaricomycotina	0.0	119		
120	Agaricomycotina	0.0	120		
121	Agaricomycotina	0.0	121		
122	Agaricomycotina	0.0	122		
123	Agaricomycotina	0.0	123		
124	Agaricomycotina	0.0	124		
125	Agaricomycotina	0.0	125		
126	Agaricomycotina	0.0	126		
127	Agaricomycotina	0.0	127		
128	Agaricomycotina	0.0	128		
129	Agaricomycotina	0.0	129		
130	Agaricomycotina	0.0	130		
131	Agaricomycotina	0.0	131		
132	Agaricomycotina	0.0	132		
133	Agaricomycotina	0.0	133		
134	Agaricomycotina	0.0	134		
135	Agaricomycotina	0.0	135		
136	Agaricomycotina	0.0	136		
137	Agaricomycotina	0.0	137		
138	Agaricomycotina	0.0	138		
139	Agaricomycotina	0.0	139		
140	Agaricomycotina	0.0	140		
141	Agaricomycotina	0.0	141		
142	Agaricomycotina	0.0	142		
143	Agaricomycotina	0.0	143		
144	Agaricomycotina	0.0	144		
145	Agaricomycotina	0.0	145		
146	Agaricomycotina	0.0	146		
147	Agaricomycotina	0.0	147		
148	Agaricomycotina	0.0	148		
149	Agaricomycotina	0.0	149		
150	Agaricomycotina	0.0	150		
151	Agaricomycotina	0.0	151		
152	Agaricomycotina	0.0	152		
153	Agaricomycotina	0.0	153		
154	Agaricomycotina	0.0	154		
155	Agaricomycotina	0.0	155		
156	Agaricomycotina	0.0	156		
157	Agaricomycotina	0.0	157		
158	Agaricomycotina	0.0	158		
159	Agaricomycotina	0.0	159		
160	Agaricomycotina	0.0	160		
161	Agaricomycotina	0.0	161		
162	Agaricomycotina	0.0	162		
163	Agaricomycotina	0.0	163		
164	Agaricomycotina	0.0	164		
165	Agaricomycotina	0.0	165		
166	Agaricomycotina	0.0	166		
167	Agaricomycotina	0.0	167		
168	Agaricomycotina	0.0	168		
169	Agaricomycotina	0.0	169		
170	Agaricomycotina	0.0	170		
171	Agaricomycotina	0.0	171		
172	Agaricomycotina	0.0	172		
173	Agaricomycotina	0.0	173		
174	Agaricomycotina	0.0	174		
175	Agaricomycotina	0.0	175		
176	Agaricomycotina	0.0	176		
177	Agaricomycotina	0.0	177		
178	Agaricomycotina	0.0	178		
179	Agaricomycotina	0.0	179		
180	Agaricomycotina	0.0	180		
181	Agaricomycotina	0.0	181		
182	Agaricomycotina	0.0	182		
183	Agaricomycotina	0.0	183		
184	Agaricomycotina	0.0	184		
185	Agaricomycotina	0.0	185		
186	Agaricomycotina	0.0	186		
187	Agaricomycotina	0.0	187		
188	Agaricomycotina	0.0	188		
189	Agaricomycotina	0.0	189		
190	Agaricomycotina	0.0	190		
191	Agaricomycotina	0.0	191		
192	Agaricomycotina	0.0	192		
193	Agaricomycotina	0.0	193		
194	Agaricomycotina	0.0	194		
195	Agaricomycotina	0.0	195		
196	Agaricomycotina	0.0	196		
197	Agaricomycotina	0.0	197		
198	Agaricomycotina	0.0	198		
199	Agaricomycotina	0.0	199		
200	Agaricomycotina	0.0	200		
201	Agaricomycotina	0.0	201		
202	Agaricomycotina	0.0	202		
203	Agaricomycotina	0.0	203		
204	Agaricomycotina	0.0	204		
205	Agaricomycotina	0.0	205		
206	Agaricomycotina	0.0	206		
207	Agaricomycotina	0.0	207		
208	Agaricomycotina	0.0	208		
209	Agaricomycotina	0.0	209		
210	Agaricomycotina	0.0	210		
211	Agaricomycotina	0.001014428754753346	211		
212	Agaricomycotina	0.0	212		
213	Agaricomycotina	0.0	213		
214	Agaricomycotina	0.0	214		
215	Agaricomycotina	0.0	215		
216	Agaricomycotina	0.0	216		
217	Agaricomycotina	0.0	217		
218	Agaricomycotina	0.0	218		
219	Agaricomycotina	0.0	219		
220	Agaricomycotina	0.0	220		
221	Agaricomycotina	0.0	221		
222	Agaricomycotina	0.0	222		
223	Agaricomycotina	0.0	223		
224	Agaricomycotina	0.0	224		
225	Agaricomycotina	0.0	225		
226	Agaricomycotina	0.0	226		
227	Agaricomycotina	0.0	227		
228	Agaricomycotina	0.0	228		
229	Agaricomycotina	0.025729322004726253	229		
230	Agaricomycotina	0.01268352213333992	230		
231	Agaricomycotina	0.009877390852476516	231		
232	Agaricomycotina	0.0	232		
233	Agaricomycotina	0.022126504602312958	233		
234	Agaricomycotina	0.00931820135175465	234		
235	Agaricomycotina	0.0	235		
236	Agaricomycotina	0.0	236		
237	Agaricomycotina	0.025699504636468747	237		
238	Agaricomycotina	0.015310748024793184	238		
239	Agaricomycotina	0.004997030119167073	239		
240	Agaricomycotina	0.0	240		
241	Agaricomycotina	0.0	241		
242	Agaricomycotina	0.0	242		
243	Agaricomycotina	0.0	243		
244	Agaricomycotina	0.0	244		
245	Agaricomycotina	0.0	245		
246	Agaricomycotina	0.0	246		
247	Agaricomycotina	0.0	247		
248	Agaricomycotina	0.0	248		
249	Agaricomycotina	0.0	249		
250	Agaricomycotina	0.0	250		
251	Agaricomycotina	0.0	251		
252	Agaricomycotina	0.0	252		
253	Agaricomycotina	0.0	253		
254	Agaricomycotina	0.0	254		
255	Agaricomycotina	0.0	255		
256	Agaricomycotina	0.0	256		
257	Agaricomycotina	0.0	257		
258	Agaricomycotina	0.0	258		
259	Agaricomycotina	0.0	259		
260	Agaricomycotina	0.0	260		
261	Agaricomycotina	0.0	261		
262	Agaricomycotina	0.0	262		
263	Agaricomycotina	0.0	263		
264	Agaricomycotina	0.0	264		
265	Agaricomycotina	0.0	265		
266	Agaricomycotina	0.0	266		
267	Agaricomycotina	0.0	267		
268	Agaricomycotina	0.0	268		
269	Agaricomycotina	0.0	269		
270	Agaricomycotina	0.0	270		
271	Agaricomycotina	0.0	271		
272	Agaricomycotina	0.0	272		
273	Agaricomycotina	0.0	273		
274	Agaricomycotina	0.0	274		
275	Agaricomycotina	0.0	275		
276	Agaricomycotina	0.0	276		
277	Agaricomycotina	0.0	277		
278	Agaricomycotina	0.0	278		
279	Agaricomycotina	0.00011187434273823641	279		
280	Agaricomycotina	0.0	280		
281	Agaricomycotina	0.0005076183359864852	281		
282	Agaricomycotina	0.0	282		
283	Agaricomycotina	0.0	283		
284	Agaricomycotina	0.0	284		
285	Agaricomycotina	0.0	285		
286	Agaricomycotina	0.0	286		
287	Agaricomycotina	0.0	287		
288	Agaricomycotina	0.0	288		
289	Agaricomycotina	0.0	289		
290	Agaricomycotina	0.0	290		
291	Agaricomycotina	0.0	291		
292	Agaricomycotina	0.0	292		
293	Agaricomycotina	0.0	293		
294	Agaricomycotina	0.0	294		
295	Agaricomycotina	0.0	295		
296	Agaricomycotina	0.0	296		
297	Agaricomycotina	0.0	297		
298	Agaricomycotina	0.0	298		
299	Agaricomycotina	0.0	299		
300	Agaricomycotina	0.002917098873027469	300		
301	Agaricomycotina	0.0	301		
302	Agaricomycotina	0.0	302		
303	Agaricomycotina	0.0	303		
304	Agaricomycotina	0.0	304		
305	Agaricomycotina	0.0	305		
306	Agaricomycotina	0.0	306		
307	Agaricomycotina	0.0	307		
308	Agaricomycotina	0.0	308		
309	Agaricomycotina	0.0	309		
310	Agaricomycotina	0.0	310		
311	Agaricomycotina	0.0	311		
312	Agaricomycotina	0.0	312		
313	Agaricomycotina	0.0	313		
314	Agaricomycotina	0.0	314		
315	Agaricomycotina	0.0	315		
316	Agaricomycotina	0.0	316		
317	Agaricomycotina	0.0	317		
318	Agaricomycotina	0.0	318		
319	Agaricomycotina	0.0	319		
320	Agaricomycotina	0.0	320		
321	Agaricomycotina	0.0	321		
322	Agaricomycotina	0.0	322		
323	Agaricomycotina	0.0	323		
324	Agaricomycotina	0.0	324		
325	Agaricomycotina	0.0	325		
326	Agaricomycotina	0.0	326		
327	Agaricomycotina	0.0	327		
328	Agaricomycotina	0.004645180632966484	328		
329	Agaricomycotina	0.0	329		
330	Agaricomycotina	0.0	330		
331	Agaricomycotina	0.0	331		
332	Agaricomycotina	0.0	332		
333	Agaricomycotina	0.0	333		
334	Agaricomycotina	0.0	334		
335	Agaricomycotina	0.0	335		
336	Agaricomycotina	0.0	336		
337	Agaricomycotina	0.0	337		
338	Agaricomycotina	0.0	338		
339	Agaricomycotina	0.0	339		
340	Agaricomycotina	0.0	340		
341	Agaricomycotina	0.0	341		
342	Agaricomycotina	0.006769192131255617	342		
343	Agaricomycotina	0.0	343		
344	Agaricomycotina	0.0	344		
345	Agaricomycotina	0.0	345		
346	Agaricomycotina	0.00757402920804288	346		
347	Agaricomycotina	0.0	347		
348	Agaricomycotina	0.0	348		
349	Agaricomycotina	0.0	349		
350	Agaricomycotina	0.006812757077832118	350		
351	Agaricomycotina	0.0	351		
352	Agaricomycotina	0.002723832748067692	352		
353	Agaricomycotina	0.0	353		
354	Agaricomycotina	0.0	354		
355	Agaricomycotina	0.0	355		
356	Agaricomycotina	0.009355633777013476	356		
357	Agaricomycotina	0.04757537939641323	357		
358	Agaricomycotina	0.0	358		
359	Agaricomycotina	0.0	359		
360	Agaricomycotina	0.0	360		
361	Agaricomycotina	0.0	361		
362	Agaricomycotina	0.0038022267937884726	362		
363	Agaricomycotina	0.0	363		
364	Agaricomycotina	0.0	364		
365	Agaricomycotina	0.021611046165001962	365		
366	Agaricomycotina	0.0	366		
367	Agaricomycotina	0.0	367		
368	Agaricomycotina	0.0	368		
369	Agaricomycotina	0.0	369		
370	Agaricomycotina	0.0	370		
371	Agaricomycotina	0.0	371		
372	Agaricomycotina	0.0	372		
373	Agaricomycotina	0.0	373		
374	Agaricomycotina	0.0	374		
375	Agaricomycotina	0.0	375		
376	Agaricomycotina	0.0	376		
377	Agaricomycotina	0.0	377		
378	Agaricomycotina	0.0	378		
379	Agaricomycotina	0.0	379		
380	Agaricomycotina	0.0	380		
381	Agaricomycotina	0.0	381		
382	Agaricomycotina	0.0	382		
383	Agaricomycotina	0.0	383		
384	Agaricomycotina	0.0	384		
385	Agaricomycotina	0.0	385		
386	Agaricomycotina	0.0	386		
387	Agaricomycotina	0.0	387		
388	Agaricomycotina	0.0	388		
389	Agaricomycotina	0.0	389		
390	Agaricomycotina	0.0	390		
391	Agaricomycotina	0.0	391		
392	Agaricomycotina	0.0	392		
393	Agaricomycotina	0.0	393		
394	Agaricomycotina	0.0	394		
395	Agaricomycotina	0.0	395		
396	Agaricomycotina	0.0	396		
397	Agaricomycotina	0.0	397		
398	Agaricomycotina	0.0	398		
399	Agaricomycotina	0.0	399		
400	Agaricomycotina	0.0	400		
401	Agaricomycotina	0.0	401		
402	Agaricomycotina	0.0	402		
403	Agaricomycotina	0.0	403		
404	Agaricomycotina	0.0	404		
405	Agaricomycotina	0.0	405		
406	Agaricomycotina	0.0	406		
407	Agaricomycotina	0.0	407		
408	Agaricomycotina	0.0	408		
409	Agaricomycotina	0.0	409		
410	Agaricomycotina	0.0	410		
411	Agaricomycotina	0.0	411		
412	Agaricomycotina	0.0	412		
413	Agaricomycotina	0.0635827026956163	413		
414	Agaricomycotina	0.0012296991767487618	414		
415	Agaricomycotina	0.0	415		
416	Agaricomycotina	0.0	416		
417	Agaricomycotina	0.0	417		
418	Agaricomycotina	0.0	418		
419	Agaricomycotina	0.0	419		
420	Agaricomycotina	0.0	420		
421	Agaricomycotina	0.0	421		
422	Agaricomycotina	0.0	422		
423	Agaricomycotina	0.0	423		
424	Agaricomycotina	0.0	424		
425	Agaricomycotina	0.0	425		
426	Agaricomycotina	0.0	426		
427	Agaricomycotina	0.0	427		
428	Agaricomycotina	0.0	428		
429	Agaricomycotina	0.0	429		
430	Agaricomycotina	0.0	430		
431	Agaricomycotina	0.0	431		
432	Agaricomycotina	0.0	432		
433	Agaricomycotina	0.0	433		
434	Agaricomycotina	0.0	434		
435	Agaricomycotina	0.0	435		
436	Agaricomycotina	0.0	436		
437	Agaricomycotina	0.0	437		
438	Agaricomycotina	0.0	438		
439	Agaricomycotina	0.0	439		
440	Agaricomycotina	0.0	440		
441	Agaricomycotina	0.0	441		
442	Agaricomycotina	0.0	442		
443	Agaricomycotina	0.0	443		
444	Agaricomycotina	0.0	444		
445	Agaricomycotina	0.0	445		
446	Agaricomycotina	0.0	446		
447	Agaricomycotina	0.0	447		
448	Agaricomycotina	0.0	448		
449	Agaricomycotina	0.0	449		
450	Agaricomycotina	0.0	450		
451	Agaricomycotina	0.0	451		
452	Agaricomycotina	0.0	452		
453	Agaricomycotina	0.0	453		
454	Agaricomycotina	0.0	454		
455	Agaricomycotina	0.0	455		
456	Agaricomycotina	0.0	456		
457	Agaricomycotina	0.0	457		
458	Agaricomycotina	0.0	458		
459	Agaricomycotina	0.0	459		
460	Agaricomycotina	0.0	460		
461	Agaricomycotina	0.0	461		
462	Agaricomycotina	0.0	462		
463	Agaricomycotina	0.0	463		
464	Agaricomycotina	0.0	464		
465	Agaricomycotina	0.0	465		
466	Agaricomycotina	0.0	466		
467	Agaricomycotina	0.0	467		
468	Agaricomycotina	0.0	468		
469	Agaricomycotina	0.0	469		
470	Agaricomycotina	0.0	470		
471	Agaricomycotina	0.0	471		
472	Agaricomycotina	0.0	472		
473	Agaricomycotina	0.0	473		
474	Agaricomycotina	0.0	474		
475	Agaricomycotina	0.0	475		
476	Agaricomycotina	0.0	476		
477	Agaricomycotina	0.0	477		
478	Agaricomycotina	0.0	478		
479	Agaricomycotina	0.0	479		
480	Agaricomycotina	0.0	480		
481	Agaricomycotina	0.0	481		
482	Agaricomycotina	0.0	482		
483	Agaricomycotina	0.0	483		
484	Agaricomycotina	0.0	484		
485	Agaricomycotina	0.0	485		
486	Agaricomycotina	0.0	486		
487	Agaricomycotina	0.0	487		
488	Agaricomycotina	0.0	488		
489	Agaricomycotina	0.0	489		
490	Agaricomycotina	0.0	490		
491	Agaricomycotina	0.0	491		
492	Agaricomycotina	0.0	492		
493	Agaricomycotina	0.0	493		
494	Agaricomycotina	0.0	494		
495	Agaricomycotina	0.0	495		
496	Agaricomycotina	0.0	496		
497	Agaricomycotina	0.0	497		
498	Agaricomycotina	0.0	498		
499	Agaricomycotina	0.0	499		
500	Agaricomycotina	0.0	500		
501	Agaricomycotina	0.0	501		
502	Agaricomycotina	0.0	502		
503	Agaricomycotina	0.0	503		
504	Agaricomycotina	0.0	504		
505	Agaricomycotina	0.0	505		
506	Agaricomycotina	0.0	506		
507	Agaricomycotina	0.0	507		
508	Agaricomycotina	0.0	508		
509	Agaricomycotina	0.0	509		
510	Agaricomycotina	0.10390481101947388	510		
511	Agaricomycotina	0.0	511		
512	Agaricomycotina	0.0	512		
513	Agaricomycotina	0.0	513		
514	Agaricomycotina	0.0	514		
515	Agaricomycotina	0.0	515		
516	Agaricomycotina	0.0	516		
517	Agaricomycotina	0.0	517		
518	Agaricomycotina	0.07527221819243109	518		
519	Agaricomycotina	0.10904178392096044	519		
520	Agaricomycotina	0.0	520		
521	Agaricomycotina	0.0	521		
522	Agaricomycotina	0.0007111969054833983	522		
523	Agaricomycotina	0.00022032850564477472	523		
524	Agaricomycotina	0.0015577549091533279	524		
525	Agaricomycotina	0.00036883562873137336	525		
526	Agaricomycotina	0.0016578354985711677	526		
527	Agaricomycotina	0.0	527		
528	Agaricomycotina	0.0	528		
529	Agaricomycotina	0.014990885943486371	529		
530	Agaricomycotina	0.0019792617113243514	530		
531	Agaricomycotina	0.0006074774018406515	531		
532	Agaricomycotina	0.0029517457184845904	532		
533	Agaricomycotina	0.00020710883021191374	533		
534	Agaricomycotina	0.00195973833839433	534		
535	Agaricomycotina	0.0	535		
536	Agaricomycotina	0.0	536		
537	Agaricomycotina	0.000438827124802185	537		
538	Agaricomycotina	0.0	538		
539	Agaricomycotina	0.0	539		
540	Agaricomycotina	0.0	540		
541	Agaricomycotina	0.0	541		
542	Agaricomycotina	0.0	542		
543	Agaricomycotina	0.0	543		
544	Agaricomycotina	0.0	544		
545	Agaricomycotina	0.0	545		
546	Agaricomycotina	0.0	546		
547	Agaricomycotina	0.0	547		
548	Agaricomycotina	0.0	548		
549	Agaricomycotina	0.0	549		
550	Agaricomycotina	0.0	550		
551	Agaricomycotina	0.0	551		
552	Agaricomycotina	0.0	552		
553	Agaricomycotina	0.0	553		
554	Agaricomycotina	0.0	554		
555	Agaricomycotina	0.0	555		
556	Agaricomycotina	0.0	556		
557	Agaricomycotina	0.0	557		
558	Agaricomycotina	0.0	558		
559	Agaricomycotina	0.0	559		
560	Agaricomycotina	0.0	560		
561	Agaricomycotina	0.0	561		
562	Agaricomycotina	0.0	562		
563	Agaricomycotina	0.0	563		
564	Agaricomycotina	0.0	564		
565	Agaricomycotina	0.0005451782573337113	565		
566	Agaricomycotina	0.0007126764076573841	566		
567	Agaricomycotina	0.0004735979929328884	567		
568	Agaricomycotina	0.0008269846895109686	568		
569	Agaricomycotina	0.0014545845991433125	569		
570	Agaricomycotina	0.0012109219657116437	570		
571	Agaricomycotina	0.0013587786651225366	571		
572	Agaricomycotina	0.0	572		
573	Agaricomycotina	0.0010260369895662349	573		
574	Agaricomycotina	0.0013621496376552645	574		
575	Agaricomycotina	0.0018654007445952582	575		
576	Agaricomycotina	0.001262585473771267	576		
577	Agaricomycotina	0.0011645080501011405	577		
578	Agaricomycotina	0.0013552445467455944	578		
579	Agaricomycotina	0.001214352945280594	579		
580	Agaricomycotina	0.029431173439052046	580		
581	Agaricomycotina	0.0	581		
582	Agaricomycotina	0.0	582		
583	Agaricomycotina	0.001362085322960267	583		
584	Agaricomycotina	0.0	584		
585	Agaricomycotina	0.021208026737509017	585		
586	Agaricomycotina	0.0	586		
587	Agaricomycotina	0.020546676731715032	587		
588	Agaricomycotina	0.0	588		
589	Agaricomycotina	0.0	589		
590	Agaricomycotina	0.0	590		
591	Agaricomycotina	0.0	591		
592	Agaricomycotina	0.0	592		
593	Agaricomycotina	0.0	593		
594	Agaricomycotina	0.0	594		
595	Agaricomycotina	0.0	595		
596	Agaricomycotina	0.0	596		
597	Agaricomycotina	0.0	597		
598	Agaricomycotina	0.0	598		
599	Agaricomycotina	0.0	599		
600	Agaricomycotina	3.147431148316569e-05	600		
601	Agaricomycotina	0.0	601		
602	Agaricomycotina	3.144490035889712e-05	602		
603	Agaricomycotina	4.967381114310426e-05	603		
604	Agaricomycotina	0.0	604		
605	Agaricomycotina	0.0	605		
606	Agaricomycotina	0.0	606		
607	Agaricomycotina	0.0	607		
608	Agaricomycotina	0.0	608		
609	Agaricomycotina	0.0	609		
610	Agaricomycotina	0.046319443029565185	610		
611	Agaricomycotina	0.08754817820529026	611		
612	Agaricomycotina	0.003077895193118742	612		
613	Agaricomycotina	0.004293262942944734	613		
614	Agaricomycotina	0.0	614		
615	Agaricomycotina	0.0	615		
616	Agaricomycotina	0.0	616		
617	Agaricomycotina	0.0	617		
618	Agaricomycotina	0.004056843235782082	618		
619	Agaricomycotina	0.0003516837873145339	619		
620	Agaricomycotina	0.00021244842650182424	620		
621	Agaricomycotina	0.00022759071249506307	621		
622	Agaricomycotina	0.00022680178644788668	622		
623	Agaricomycotina	0.00025171771574616404	623		
624	Agaricomycotina	0.00019848360749855488	624		
625	Agaricomycotina	0.0003753667458228938	625		
626	Agaricomycotina	0.00041362446959201287	626		
627	Agaricomycotina	0.0003749174321746848	627		
628	Agaricomycotina	0.0010638755830200371	628		
629	Agaricomycotina	0.00207112879251552	629		
630	Agaricomycotina	0.01487391938228357	630		
631	Agaricomycotina	0.001322689895668587	631		
632	Agaricomycotina	0.0	632		
633	Agaricomycotina	0.0	633		
634	Agaricomycotina	0.0	634		
635	Agaricomycotina	0.0	635		
636	Agaricomycotina	0.0	636		
637	Agaricomycotina	0.0	637		
638	Agaricomycotina	0.0	638		
639	Agaricomycotina	0.0	639		
640	Agaricomycotina	0.0	640		
641	Agaricomycotina	0.0	641		
642	Agaricomycotina	0.0005909648301993611	642		
643	Agaricomycotina	0.0007135716189444807	643		
644	Agaricomycotina	0.0	644		
645	Agaricomycotina	0.00022184767852118637	645		
646	Agaricomycotina	0.0	646		
647	Agaricomycotina	0.0014745541112207014	647		
648	Agaricomycotina	0.0027644430631537016	648		
649	Agaricomycotina	0.0	649		
650	Agaricomycotina	0.0	650		
651	Agaricomycotina	0.0	651		
652	Agaricomycotina	0.0	652		
653	Agaricomycotina	0.0	653		
654	Agaricomycotina	0.0	654		
655	Agaricomycotina	0.0	655		
656	Agaricomycotina	0.0	656		
657	Agaricomycotina	0.0027784160081216727	657		
658	Agaricomycotina	0.01656247084072035	658		
659	Agaricomycotina	0.0	659		
660	Agaricomycotina	0.0	660		
661	Agaricomycotina	0.0	661		
662	Agaricomycotina	0.0	662		
663	Agaricomycotina	0.0	663		
664	Agaricomycotina	0.0	664		
665	Agaricomycotina	0.0	665		
666	Agaricomycotina	0.0	666		
667	Agaricomycotina	0.001551765362586369	667		
668	Agaricomycotina	0.0	668		
669	Agaricomycotina	0.0	669		
670	Agaricomycotina	0.0	670		
671	Agaricomycotina	0.0	671		
672	Agaricomycotina	0.0	672		
673	Agaricomycotina	0.0	673		
674	Agaricomycotina	0.0	674		
675	Agaricomycotina	0.0	675		
676	Agaricomycotina	0.0	676		
677	Agaricomycotina	0.0	677		
678	Agaricomycotina	0.0	678		
679	Agaricomycotina	0.0	679		
680	Agaricomycotina	0.0	680		
681	Agaricomycotina	0.0	681		
682	Agaricomycotina	0.0	682		
683	Agaricomycotina	0.0	683		
684	Agaricomycotina	0.0	684		
685	Agaricomycotina	0.0013709413678180057	685		
686	Agaricomycotina	0.0	686		
687	Agaricomycotina	0.0	687		
688	Agaricomycotina	0.0	688		
689	Agaricomycotina	0.0	689		
690	Agaricomycotina	0.0	690		
691	Agaricomycotina	0.0	691		
692	Agaricomycotina	0.0	692		
693	Agaricomycotina	0.0	693		
694	Agaricomycotina	0.0	694		
695	Agaricomycotina	0.0	695		
696	Agaricomycotina	0.0	696		
697	Agaricomycotina	0.0	697		
698	Agaricomycotina	0.0	698		
699	Agaricomycotina	0.0	699		
700	Agaricomycotina	0.0	700		
701	Agaricomycotina	0.0	701		
702	Agaricomycotina	0.0	702		
703	Agaricomycotina	0.0	703		
704	Agaricomycotina	0.0	704		
705	Agaricomycotina	0.0	705		
706	Agaricomycotina	0.0	706		
707	Agaricomycotina	0.0	707		
708	Agaricomycotina	0.0	708		
709	Agaricomycotina	0.0	709		
710	Agaricomycotina	0.0	710		
711	Agaricomycotina	0.0	711		
712	Agaricomycotina	0.0	712		
713	Agaricomycotina	0.0	713		
714	Agaricomycotina	0.0	714		
715	Agaricomycotina	0.0	715		
716	Agaricomycotina	0.0	716		
717	Agaricomycotina	0.0	717		
718	Agaricomycotina	0.0	718		
719	Agaricomycotina	0.0	719		
720	Agaricomycotina	0.0	720		
721	Agaricomycotina	0.0	721		
722	Agaricomycotina	0.0	722		
723	Agaricomycotina	0.0	723		
724	Agaricomycotina	0.0	724		
725	Agaricomycotina	0.0	725		
726	Agaricomycotina	0.0	726		
727	Agaricomycotina	0.0	727		
728	Agaricomycotina	0.0	728		
729	Agaricomycotina	0.0	729		
730	Agaricomycotina	0.0	730		
731	Agaricomycotina	0.0	731		
732	Agaricomycotina	0.0	732		
733	Agaricomycotina	0.0	733		
734	Agaricomycotina	0.0	734		
735	Agaricomycotina	0.0	735		
736	Agaricomycotina	0.0	736		
737	Agaricomycotina	0.0	737		
738	Agaricomycotina	0.0	738		
739	Agaricomycotina	0.0	739		
740	Agaricomycotina	0.0	740		
741	Agaricomycotina	0.0	741		
742	Agaricomycotina	0.0	742		
743	Agaricomycotina	0.0	743		
744	Agaricomycotina	0.0	744		
745	Agaricomycotina	0.0	745		
746	Agaricomycotina	0.0	746		
747	Agaricomycotina	0.0	747		
748	Agaricomycotina	0.0	748		
749	Agaricomycotina	0.0	749		
750	Agaricomycotina	0.0	750		
751	Agaricomycotina	0.0	751		
752	Agaricomycotina	0.0	752		
753	Agaricomycotina	0.0	753		
754	Agaricomycotina	0.002698334878303021	754		
755	Agaricomycotina	0.0	755		
756	Agaricomycotina	0.0	756		
757	Agaricomycotina	0.0	757		
758	Agaricomycotina	0.0	758		
759	Agaricomycotina	0.0	759		
760	Agaricomycotina	0.0	760		
761	Agaricomycotina	0.0	761		
762	Agaricomycotina	0.0	762		
763	Agaricomycotina	0.0	763		
764	Agaricomycotina	0.0	764		
765	Agaricomycotina	0.0	765		
766	Agaricomycotina	0.0	766		
767	Agaricomycotina	0.0	767		
768	Agaricomycotina	0.0	768		
769	Agaricomycotina	0.0	769		
770	Agaricomycotina	0.0	770		
771	Agaricomycotina	0.0	771		
772	Agaricomycotina	0.0	772		
773	Agaricomycotina	0.0	773		
774	Agaricomycotina	0.0	774		
775	Agaricomycotina	0.0	775		
776	Agaricomycotina	0.0	776		
777	Agaricomycotina	0.0	777		
778	Agaricomycotina	0.0	778		
779	Agaricomycotina	0.0	779		
780	Agaricomycotina	0.0	780		
781	Agaricomycotina	0.0	781		
782	Agaricomycotina	0.0	782		
783	Agaricomycotina	0.0	783		
784	Agaricomycotina	0.0	784		
785	Agaricomycotina	0.0	785		
786	Agaricomycotina	0.0	786		
787	Agaricomycotina	0.0	787		
788	Agaricomycotina	0.0	788		
789	Agaricomycotina	0.0	789		
790	Agaricomycotina	0.0	790		
791	Agaricomycotina	0.0	791		
792	Agaricomycotina	0.0	792		
793	Agaricomycotina	0.0	793		
794	Agaricomycotina	0.0	794		
795	Agaricomycotina	0.0	795		
796	Agaricomycotina	0.0	796		
797	Agaricomycotina	0.0	797		
798	Agaricomycotina	0.0	798		
799	Agaricomycotina	0.0	799		
800	Agaricomycotina	0.0	800		
801	Agaricomycotina	0.0	801		
802	Agaricomycotina	0.008043416993183672	802		
803	Agaricomycotina	0.02830078201241331	803		
804	Agaricomycotina	0.0	804		
805	Agaricomycotina	0.0	805		
806	Agaricomycotina	0.0	806		
807	Agaricomycotina	0.0	807		
808	Agaricomycotina	0.0	808		
809	Agaricomycotina	0.0	809		
810	Agaricomycotina	0.0	810		
811	Agaricomycotina	0.0	811		
812	Agaricomycotina	0.0	812		
813	Agaricomycotina	0.0	813		
814	Agaricomycotina	0.009190722877175466	814		
815	Agaricomycotina	0.0	815		
816	Agaricomycotina	0.0	816		
817	Agaricomycotina	0.0	817		
818	Agaricomycotina	0.02152970942749831	818		
819	Agaricomycotina	0.0047645753045032265	819		
820	Agaricomycotina	0.007510356000628139	820		
821	Agaricomycotina	0.0049095939126859054	821		
822	Agaricomycotina	0.0	822		
823	Agaricomycotina	0.0	823		
824	Agaricomycotina	0.0	824		
825	Agaricomycotina	0.0	825		
826	Agaricomycotina	0.0	826		
827	Agaricomycotina	0.0	827		
828	Agaricomycotina	0.0	828		
829	Agaricomycotina	0.0	829		
830	Agaricomycotina	0.0	830		
831	Agaricomycotina	0.0	831		
832	Agaricomycotina	0.0	832		
833	Agaricomycotina	0.0	833		
834	Agaricomycotina	0.0	834		
835	Agaricomycotina	0.0	835		
836	Agaricomycotina	0.0	836		
837	Agaricomycotina	0.0	837		
838	Agaricomycotina	0.0	838		
839	Agaricomycotina	0.003638603830069673	839		
840	Agaricomycotina	0.0	840		
841	Agaricomycotina	0.001528217104220262	841		
842	Agaricomycotina	0.0	842		
843	Agaricomycotina	0.0	843		
844	Agaricomycotina	0.0	844		
845	Agaricomycotina	0.0	845		
846	Agaricomycotina	0.0	846		
847	Agaricomycotina	0.0	847		
848	Agaricomycotina	0.0	848		
849	Agaricomycotina	0.0	849		
850	Agaricomycotina	0.0	850		
851	Agaricomycotina	0.0	851		
852	Agaricomycotina	0.0	852		
853	Agaricomycotina	0.0	853		
854	Agaricomycotina	0.0	854		
855	Agaricomycotina	0.0	855		
856	Agaricomycotina	0.0	856		
857	Agaricomycotina	0.0	857		
858	Agaricomycotina	0.0	858		
859	Agaricomycotina	0.0	859		
860	Agaricomycotina	0.0	860		
861	Agaricomycotina	0.0	861		
862	Agaricomycotina	0.0	862		
863	Agaricomycotina	0.0	863		
864	Agaricomycotina	0.0	864		
865	Agaricomycotina	0.0	865		
866	Agaricomycotina	0.0	866		
867	Agaricomycotina	0.0	867		
868	Agaricomycotina	0.0	868		
869	Agaricomycotina	0.0	869		
870	Agaricomycotina	0.0	870		
871	Agaricomycotina	0.0	871		
872	Agaricomycotina	0.0	872		
873	Agaricomycotina	0.0	873		
874	Agaricomycotina	0.0	874		
875	Agaricomycotina	0.0	875		
876	Agaricomycotina	0.0026507305351321526	876		
877	Agaricomycotina	0.3975309846551045	877		
878	Agaricomycotina	0.3541061615243907	878		
879	Agaricomycotina	0.3164349239248244	879		
880	Agaricomycotina	0.1404742158723779	880		
881	Agaricomycotina	0.036284485830132	881		
882	Agaricomycotina	0.02808233653996505	882		
883	Agaricomycotina	0.12282499394264111	883		
884	Agaricomycotina	0.05578154254654201	884		
885	Agaricomycotina	0.0028131576414946406	885		
886	Agaricomycotina	0.001886421722363797	886		
887	Agaricomycotina	0.002052103810058238	887		
888	Agaricomycotina	0.0005233393594671168	888		
889	Agaricomycotina	0.002211535285632394	889		
890	Agaricomycotina	0.0	890		
891	Agaricomycotina	0.0	891		
892	Agaricomycotina	0.0	892		
893	Agaricomycotina	0.0	893		
894	Agaricomycotina	0.0	894		
895	Agaricomycotina	0.0	895		
896	Agaricomycotina	0.0	896		
897	Agaricomycotina	0.0	897		
898	Agaricomycotina	0.0	898		
899	Agaricomycotina	0.0	899		
900	Agaricomycotina	0.0	900		
901	Agaricomycotina	0.0	901		
902	Agaricomycotina	0.0	902		
903	Agaricomycotina	0.0	903		
904	Agaricomycotina	0.0	904		
905	Agaricomycotina	0.0	905		
906	Agaricomycotina	0.0	906		
907	Agaricomycotina	0.0	907		
908	Agaricomycotina	0.0	908		
909	Agaricomycotina	0.0	909		
910	Agaricomycotina	0.0	910		
911	Agaricomycotina	0.0	911		
912	Agaricomycotina	0.0	912		
913	Agaricomycotina	0.0	913		
914	Agaricomycotina	0.0	914		
915	Agaricomycotina	0.0	915		
916	Agaricomycotina	0.0	916		
917	Agaricomycotina	0.0	917		
918	Agaricomycotina	0.0	918		
919	Agaricomycotina	0.0	919		
920	Agaricomycotina	0.0	920		
921	Agaricomycotina	0.0	921		
922	Agaricomycotina	0.0	922		
923	Agaricomycotina	0.0	923		
924	Agaricomycotina	0.0	924		
925	Agaricomycotina	0.0	925		
926	Agaricomycotina	0.0	926		
927	Agaricomycotina	0.0	927		
928	Agaricomycotina	0.0	928		
929	Agaricomycotina	0.0	929		
930	Agaricomycotina	0.0	930		
931	Agaricomycotina	0.0	931		
932	Agaricomycotina	0.0	932		
933	Agaricomycotina	0.0	933		
934	Agaricomycotina	0.0	934		
935	Agaricomycotina	0.0	935		
936	Agaricomycotina	0.0	936		
937	Agaricomycotina	0.0	937		
938	Agaricomycotina	0.0	938		
939	Agaricomycotina	0.0	939		
940	Agaricomycotina	0.0	940		
941	Agaricomycotina	0.0	941		
942	Agaricomycotina	0.0	942		
943	Agaricomycotina	0.0	943		
944	Agaricomycotina	0.0	944		
945	Agaricomycotina	0.0	945		
946	Agaricomycotina	0.0	946		
947	Agaricomycotina	0.0	947		
948	Agaricomycotina	0.0	948		
949	Agaricomycotina	0.0	949		
950	Agaricomycotina	0.0	950		
951	Agaricomycotina	0.0	951		
952	Agaricomycotina	0.0	952		
953	Agaricomycotina	0.0	953		
954	Agaricomycotina	0.0	954		
955	Agaricomycotina	0.0	955		
956	Agaricomycotina	0.0	956		
957	Agaricomycotina	0.0	957		
958	Agaricomycotina	0.0	958		
959	Agaricomycotina	0.0	959		
960	Agaricomycotina	0.0	960		
961	Agaricomycotina	0.0	961		
962	Agaricomycotina	0.0	962		
963	Agaricomycotina	0.0	963		
964	Agaricomycotina	0.0	964		
965	Agaricomycotina	0.0	965		
966	Agaricomycotina	0.0	966		
967	Agaricomycotina	0.0	967		
968	Agaricomycotina	0.0	968		
969	Agaricomycotina	0.0	969		
970	Agaricomycotina	0.0	970		
971	Agaricomycotina	0.0	971		
972	Agaricomycotina	0.0	972		
973	Agaricomycotina	0.0	973		
974	Agaricomycotina	0.0	974		
975	Agaricomycotina	0.0	975		
976	Agaricomycotina	0.0	976		
977	Agaricomycotina	0.0	977		
978	Agaricomycotina	0.0	978		
979	Agaricomycotina	0.0	979		
980	Agaricomycotina	0.0	980		
981	Agaricomycotina	0.0	981		
982	Agaricomycotina	0.0	982		
983	Agaricomycotina	0.0	983		
984	Agaricomycotina	0.0012302819358821794	984		
985	Agaricomycotina	0.0	985		
986	Agaricomycotina	0.0	986		
987	Agaricomycotina	0.0	987		
988	Agaricomycotina	0.0	988		
989	Agaricomycotina	0.0	989		
990	Agaricomycotina	0.0	990		
991	Agaricomycotina	0.0	991		
992	Agaricomycotina	0.0	992		
993	Agaricomycotina	0.0	993		
994	Agaricomycotina	0.0	994		
995	Agaricomycotina	0.0	995		
996	Agaricomycotina	0.0	996		
997	Agaricomycotina	0.0	997		
998	Agaricomycotina	0.0	998		
999	Agaricomycotina	0.0	999		
1000	Agaricomycotina	0.0	1000		
1001	Agaricomycotina	0.0	1001		
1002	Agaricomycotina	0.0	1002		
1003	Agaricomycotina	0.0	1003		
1004	Agaricomycotina	0.0	1004		
1005	Agaricomycotina	0.0	1005		
1006	Agaricomycotina	0.0	1006		
1007	Agaricomycotina	0.0	1007		
1008	Agaricomycotina	0.0	1008		
1009	Agaricomycotina	0.0	1009		
1010	Agaricomycotina	0.0	1010		
1011	Agaricomycotina	0.0	1011		
1012	Agaricomycotina	0.0	1012		
1013	Agaricomycotina	0.0	1013		
1014	Agaricomycotina	0.0	1014		
1015	Agaricomycotina	0.0	1015		
1016	Agaricomycotina	0.0	1016		
1017	Agaricomycotina	0.0	1017		
1018	Agaricomycotina	0.0	1018		
1019	Agaricomycotina	0.0	1019		
1020	Agaricomycotina	0.0	1020		
1021	Agaricomycotina	0.0	1021		
1022	Agaricomycotina	0.0	1022		
1023	Agaricomycotina	0.0	1023		
1024	Agaricomycotina	0.0	1024		
1025	Agaricomycotina	0.0	1025		
1026	Agaricomycotina	0.0	1026		
1027	Agaricomycotina	0.0	1027		
1028	Agaricomycotina	0.0	1028		
1029	Agaricomycotina	0.0	1029		
1030	Agaricomycotina	0.0	1030		
1031	Agaricomycotina	0.0	1031		
1032	Agaricomycotina	0.0	1032		
1033	Agaricomycotina	0.0	1033		
1034	Agaricomycotina	0.0	1034		
1035	Agaricomycotina	0.0	1035		
1036	Agaricomycotina	0.0	1036		
1037	Agaricomycotina	0.0	1037		
1038	Agaricomycotina	0.0	1038		
1039	Agaricomycotina	0.0	1039		
1040	Agaricomycotina	0.0	1040		
1041	Agaricomycotina	0.0	1041		
1042	Agaricomycotina	0.0	1042		
1043	Agaricomycotina	0.0	1043		
1044	Agaricomycotina	0.0	1044		
1045	Agaricomycotina	0.0	1045		
1046	Agaricomycotina	0.0	1046		
1047	Agaricomycotina	0.0	1047		
1048	Agaricomycotina	0.0	1048		
1049	Agaricomycotina	0.0	1049		
1050	Agaricomycotina	0.0	1050		
1051	Agaricomycotina	0.0	1051		
1052	Agaricomycotina	0.0	1052		
1053	Agaricomycotina	0.0	1053		
1054	Agaricomycotina	0.0	1054		
1055	Agaricomycotina	0.0	1055		
1056	Agaricomycotina	0.0	1056		
1057	Agaricomycotina	0.0	1057		
1058	Agaricomycotina	0.0	1058		
1059	Agaricomycotina	0.0	1059		
1060	Agaricomycotina	0.0	1060		
1061	Agaricomycotina	0.0	1061		
1062	Agaricomycotina	0.0	1062		
1063	Agaricomycotina	0.0	1063		
1064	Agaricomycotina	0.0	1064		
1065	Agaricomycotina	0.0	1065		
1066	Agaricomycotina	0.0	1066		
1067	Agaricomycotina	0.0	1067		
1068	Agaricomycotina	0.0	1068		
1069	Agaricomycotina	0.0	1069		
1070	Agaricomycotina	0.0	1070		
1071	Agaricomycotina	0.0	1071		
1072	Agaricomycotina	0.0	1072		
1073	Agaricomycotina	0.0	1073		
1074	Agaricomycotina	0.0	1074		
1075	Agaricomycotina	0.0	1075		
1076	Agaricomycotina	0.0	1076		
1077	Agaricomycotina	0.0	1077		
1078	Agaricomycotina	0.0	1078		
1079	Agaricomycotina	0.0	1079		
1080	Agaricomycotina	0.0	1080		
1081	Agaricomycotina	0.0	1081		
1082	Agaricomycotina	0.0	1082		
1083	Agaricomycotina	0.0	1083		
1084	Agaricomycotina	0.0	1084		
1085	Agaricomycotina	0.0	1085		
1086	Agaricomycotina	0.0	1086		
1087	Agaricomycotina	0.0	1087		
1088	Agaricomycotina	0.0	1088		
1089	Agaricomycotina	0.0	1089		
1090	Agaricomycotina	0.0	1090		
1091	Agaricomycotina	0.0	1091		
1092	Agaricomycotina	0.0	1092		
1093	Agaricomycotina	0.0	1093		
1094	Agaricomycotina	0.0	1094		
1095	Agaricomycotina	0.0	1095		
1096	Agaricomycotina	0.0	1096		
1097	Agaricomycotina	0.0	1097		
1098	Agaricomycotina	0.0	1098		
1099	Agaricomycotina	0.0	1099		
1100	Agaricomycotina	0.0	1100		
1101	Agaricomycotina	0.0	1101		
1102	Agaricomycotina	0.0	1102		
1103	Agaricomycotina	0.0	1103		
1104	Agaricomycotina	0.0	1104		
1105	Agaricomycotina	0.0	1105		
1106	Agaricomycotina	0.0	1106		
1107	Agaricomycotina	0.0	1107		
1108	Agaricomycotina	0.0	1108		
1109	Agaricomycotina	0.0	1109		
1110	Agaricomycotina	0.0	1110		
1111	Agaricomycotina	0.0	1111		
1112	Agaricomycotina	0.0	1112		
1113	Agaricomycotina	0.0	1113		
1114	Agaricomycotina	0.0	1114		
1115	Agaricomycotina	0.0	1115		
1116	Agaricomycotina	0.0	1116		
1117	Agaricomycotina	0.0	1117		
1118	Agaricomycotina	0.0	1118		
1119	Agaricomycotina	0.0	1119		
1120	Agaricomycotina	0.0	1120		
1121	Agaricomycotina	0.0	1121		
1122	Agaricomycotina	0.0	1122		
1123	Agaricomycotina	0.0	1123		
1124	Agaricomycotina	0.0	1124		
1125	Agaricomycotina	0.0	1125		
1126	Agaricomycotina	0.0	1126		
1127	Agaricomycotina	0.0	1127		
1128	Agaricomycotina	0.0	1128		
1129	Agaricomycotina	0.0	1129		
1130	Agaricomycotina	0.0	1130		
1131	Agaricomycotina	0.0	1131		
1132	Agaricomycotina	0.0	1132		
1133	Agaricomycotina	0.0	1133		
1134	Agaricomycotina	0.0	1134		
1135	Agaricomycotina	0.0	1135		
1136	Agaricomycotina	0.0	1136		
1137	Agaricomycotina	0.0	1137		
1138	Agaricomycotina	0.0	1138		
1139	Agaricomycotina	0.0	1139		
1140	Agaricomycotina	0.0	1140		
1141	Agaricomycotina	0.0	1141		
1142	Agaricomycotina	0.0	1142		
1143	Agaricomycotina	0.0	1143		
1144	Agaricomycotina	0.0	1144		
1145	Agaricomycotina	0.0	1145		
1146	Agaricomycotina	0.0	1146		
1147	Agaricomycotina	0.0	1147		
1148	Agaricomycotina	0.0	1148		
1149	Agaricomycotina	0.0	1149		
1150	Agaricomycotina	0.0	1150		
1151	Agaricomycotina	0.0	1151		
1152	Agaricomycotina	0.0	1152		
1153	Agaricomycotina	0.0	1153		
1154	Agaricomycotina	0.0	1154		
1155	Agaricomycotina	0.0	1155		
1156	Agaricomycotina	0.0	1156		
1157	Agaricomycotina	0.0	1157		
1158	Agaricomycotina	0.0	1158		
1159	Agaricomycotina	0.0	1159		
1160	Agaricomycotina	0.0	1160		
1161	Agaricomycotina	0.0	1161		
1162	Agaricomycotina	0.0	1162		
1163	Agaricomycotina	0.0	1163		
1164	Agaricomycotina	0.0	1164		
1165	Agaricomycotina	0.0	1165		
1166	Agaricomycotina	0.0	1166		
1167	Agaricomycotina	0.0	1167		
1168	Agaricomycotina	0.0	1168		
1169	Agaricomycotina	0.0	1169		
1170	Agaricomycotina	0.0	1170		
1171	Agaricomycotina	0.0	1171		
1172	Agaricomycotina	0.0	1172		
1173	Agaricomycotina	0.0	1173		
1174	Agaricomycotina	0.0	1174		
1175	Agaricomycotina	0.0	1175		
1176	Agaricomycotina	0.0	1176		
1177	Agaricomycotina	0.0	1177		
1178	Agaricomycotina	0.0	1178		
1179	Agaricomycotina	0.0	1179		
1180	Agaricomycotina	0.0	1180		
1181	Agaricomycotina	0.0	1181		
1182	Agaricomycotina	0.0	1182		
1183	Agaricomycotina	0.0	1183		
1184	Agaricomycotina	0.0	1184		
1185	Agaricomycotina	0.0	1185		
1186	Agaricomycotina	0.0	1186		
1187	Agaricomycotina	0.0	1187		
1188	Agaricomycotina	0.0	1188		
1189	Agaricomycotina	0.0	1189		
1190	Agaricomycotina	0.0	1190		
1191	Agaricomycotina	0.0	1191		
1192	Agaricomycotina	0.0	1192		
1193	Agaricomycotina	0.0	1193		
1194	Agaricomycotina	0.0	1194		
1195	Agaricomycotina	0.0	1195		
1196	Agaricomycotina	0.0	1196		
1197	Agaricomycotina	0.0	1197		
1198	Agaricomycotina	0.0	1198		
1199	Agaricomycotina	0.0	1199		
1200	Agaricomycotina	0.0	1200		
1201	Agaricomycotina	0.0	1201		
1202	Agaricomycotina	0.0	1202		
1203	Agaricomycotina	0.0	1203		
1204	Agaricomycotina	0.0	1204		
1205	Agaricomycotina	0.0	1205		
1206	Agaricomycotina	0.0	1206		
1207	Agaricomycotina	0.0	1207		
1208	Agaricomycotina	0.0	1208		
1209	Agaricomycotina	0.0	1209		
1210	Agaricomycotina	0.0	1210		
1211	Agaricomycotina	0.0	1211		
1212	Agaricomycotina	0.0	1212		
1213	Agaricomycotina	0.0	1213		
1214	Agaricomycotina	0.0	1214		
1215	Agaricomycotina	0.0	1215		
1216	Agaricomycotina	0.0	1216		
1217	Agaricomycotina	0.0	1217		
1218	Agaricomycotina	0.0	1218		
1219	Agaricomycotina	0.0	1219		
1220	Agaricomycotina	0.0	1220		
1221	Agaricomycotina	0.0	1221		
1222	Agaricomycotina	0.0	1222		
1223	Agaricomycotina	0.0	1223		
1224	Agaricomycotina	0.0	1224		
1225	Agaricomycotina	0.0	1225		
1226	Agaricomycotina	0.0	1226		
1227	Agaricomycotina	0.0	1227		
1228	Agaricomycotina	0.0	1228		
1229	Agaricomycotina	0.0	1229		
1230	Agaricomycotina	0.0	1230		
1231	Agaricomycotina	0.0	1231		
1232	Agaricomycotina	0.0	1232		
1233	Agaricomycotina	0.0	1233		
1234	Agaricomycotina	0.0	1234		
1235	Agaricomycotina	0.0	1235		
1236	Agaricomycotina	0.0	1236		
1237	Agaricomycotina	0.0	1237		
1238	Agaricomycotina	0.0	1238		
1239	Agaricomycotina	0.0	1239		
1240	Agaricomycotina	0.0	1240		
1241	Agaricomycotina	0.0	1241		
1242	Agaricomycotina	0.0	1242		
1243	Agaricomycotina	0.0	1243		
1244	Agaricomycotina	0.0	1244		
1245	Agaricomycotina	0.0	1245		
1246	Agaricomycotina	0.0	1246		
1247	Agaricomycotina	0.0	1247		
1248	Agaricomycotina	0.0	1248		
1249	Agaricomycotina	0.0	1249		
1250	Agaricomycotina	0.0	1250		
1251	Agaricomycotina	0.0	1251		
1252	Agaricomycotina	0.0	1252		
1253	Agaricomycotina	0.0	1253		
1254	Agaricomycotina	0.0	1254		
1255	Agaricomycotina	0.0	1255		
1256	Agaricomycotina	0.0	1256		
1257	Agaricomycotina	0.0	1257		
1258	Agaricomycotina	0.0	1258		
1259	Agaricomycotina	0.0	1259		
1260	Agaricomycotina	0.0	1260		
1261	Agaricomycotina	0.0	1261		
1262	Agaricomycotina	0.0	1262		
1263	Agaricomycotina	0.0	1263		
1264	Agaricomycotina	0.0	1264		
1265	Agaricomycotina	0.005844444289842122	1265		
1266	Agaricomycotina	0.0	1266		
1267	Agaricomycotina	0.0	1267		
1268	Agaricomycotina	0.0	1268		
1269	Agaricomycotina	0.0	1269		
1270	Agaricomycotina	0.0	1270		
1271	Agaricomycotina	0.0007602605765518903	1271		
1272	Agaricomycotina	0.0	1272		
1273	Agaricomycotina	0.0	1273		
1274	Agaricomycotina	0.0	1274		
1275	Agaricomycotina	0.0	1275		
1276	Agaricomycotina	0.0	1276		
1277	Agaricomycotina	0.0	1277		
1278	Agaricomycotina	0.0	1278		
1279	Agaricomycotina	0.0	1279		
1280	Agaricomycotina	0.0	1280		
1281	Agaricomycotina	0.0	1281		
1282	Agaricomycotina	0.0	1282		
1283	Agaricomycotina	0.0	1283		
1284	Agaricomycotina	0.0	1284		
1285	Agaricomycotina	0.0	1285		
1286	Agaricomycotina	0.0	1286		
1287	Agaricomycotina	0.0	1287		
1288	Agaricomycotina	0.0	1288		
1289	Agaricomycotina	0.0	1289		
1290	Agaricomycotina	0.0	1290		
1291	Agaricomycotina	0.0	1291		
1292	Agaricomycotina	0.0	1292		
1293	Agaricomycotina	0.0	1293		
1294	Agaricomycotina	0.0	1294		
1295	Agaricomycotina	0.0	1295		
1296	Agaricomycotina	0.0	1296		
1297	Agaricomycotina	0.0	1297		
1298	Agaricomycotina	0.0	1298		
1299	Agaricomycotina	0.0	1299		
1300	Agaricomycotina	0.0006858140863750356	1300		
1301	Agaricomycotina	0.0	1301		
1302	Agaricomycotina	0.0	1302		
1303	Agaricomycotina	0.0	1303		
1304	Agaricomycotina	0.0	1304		
1305	Agaricomycotina	0.0	1305		
1306	Agaricomycotina	0.0	1306		
1307	Agaricomycotina	0.0	1307		
1308	Agaricomycotina	0.0	1308		
1309	Agaricomycotina	0.0	1309		
1310	Agaricomycotina	0.0	1310		
1311	Agaricomycotina	0.0	1311		
1312	Agaricomycotina	0.0	1312		
1313	Agaricomycotina	0.0	1313		
1314	Agaricomycotina	0.0	1314		
1315	Agaricomycotina	0.0	1315		
1316	Agaricomycotina	0.0	1316		
1317	Agaricomycotina	0.0	1317		
1318	Agaricomycotina	0.0	1318		
1319	Agaricomycotina	0.0	1319		
1320	Agaricomycotina	0.0	1320		
1321	Agaricomycotina	0.0	1321		
1322	Agaricomycotina	0.0	1322		
1323	Agaricomycotina	0.0	1323		
1324	Agaricomycotina	0.0033487345241083274	1324		
1325	Agaricomycotina	0.0	1325		
1326	Agaricomycotina	0.0	1326		
1327	Agaricomycotina	0.0	1327		
1328	Agaricomycotina	0.0	1328		
1329	Agaricomycotina	0.0	1329		
1330	Agaricomycotina	0.0	1330		
1331	Agaricomycotina	0.0	1331		
1332	Agaricomycotina	0.0	1332		
1333	Agaricomycotina	0.0	1333		
1334	Agaricomycotina	0.0	1334		
1335	Agaricomycotina	0.0	1335		
1336	Agaricomycotina	0.0	1336		
1337	Agaricomycotina	0.0	1337		
1338	Agaricomycotina	0.0	1338		
1339	Agaricomycotina	0.0	1339		
1340	Agaricomycotina	0.0	1340		
1341	Agaricomycotina	0.0	1341		
1342	Agaricomycotina	0.0	1342		
1343	Agaricomycotina	0.0	1343		
1344	Agaricomycotina	0.0	1344		
1345	Agaricomycotina	0.0	1345		
1346	Agaricomycotina	0.0	1346		
1347	Agaricomycotina	0.0	1347		
1348	Agaricomycotina	0.0	1348		
1349	Agaricomycotina	0.0	1349		
1350	Agaricomycotina	0.0	1350		
1351	Agaricomycotina	0.0	1351		
1352	Agaricomycotina	0.0	1352		
1353	Agaricomycotina	0.0	1353		
1354	Agaricomycotina	0.0	1354		
1355	Agaricomycotina	0.0	1355		
1356	Agaricomycotina	0.0	1356		
1357	Agaricomycotina	0.0	1357		
1358	Agaricomycotina	0.0	1358		
1359	Agaricomycotina	0.0	1359		
1360	Agaricomycotina	0.0	1360		
1361	Agaricomycotina	0.0	1361		
1362	Agaricomycotina	0.000806192747838111	1362		
1363	Agaricomycotina	0.0	1363		
1364	Agaricomycotina	0.001185880720651219	1364		
1365	Agaricomycotina	0.0	1365		
1366	Agaricomycotina	9.342147731666826e-05	1366		
1367	Agaricomycotina	0.0	1367		
1368	Agaricomycotina	0.0	1368		
1369	Agaricomycotina	0.0001302073160886764	1369		
1370	Agaricomycotina	0.0	1370		
1371	Agaricomycotina	0.0	1371		
1372	Agaricomycotina	0.0	1372		
1373	Agaricomycotina	0.0	1373		
1374	Agaricomycotina	0.0	1374		
1375	Agaricomycotina	0.0	1375		
1376	Agaricomycotina	0.0	1376		
1377	Agaricomycotina	0.0	1377		
1378	Agaricomycotina	0.0	1378		
1379	Agaricomycotina	0.0	1379		
1380	Agaricomycotina	0.0	1380		
1381	Agaricomycotina	0.0	1381		
1382	Agaricomycotina	0.0	1382		
1383	Agaricomycotina	0.0	1383		
1384	Agaricomycotina	0.0	1384		
1385	Agaricomycotina	0.0	1385		
1386	Agaricomycotina	0.0	1386		
1387	Agaricomycotina	0.0	1387		
1388	Agaricomycotina	0.0	1388		
1389	Agaricomycotina	0.0	1389		
1390	Agaricomycotina	0.0	1390		
1391	Agaricomycotina	0.0	1391		
1392	Agaricomycotina	0.0	1392		
1393	Agaricomycotina	0.0	1393		
1394	Agaricomycotina	0.0	1394		
1395	Agaricomycotina	0.0	1395		
1396	Agaricomycotina	0.0	1396		
1397	Agaricomycotina	0.0	1397		
1398	Agaricomycotina	0.0	1398		
1399	Agaricomycotina	0.0	1399		
1400	Agaricomycotina	0.04974750887097178	1400		
1401	Agaricomycotina	0.003632854807077115	1401		
1402	Agaricomycotina	0.0	1402		
1403	Agaricomycotina	0.0030236122403865012	1403		
1404	Agaricomycotina	0.0	1404		
1405	Agaricomycotina	0.0	1405		
1406	Agaricomycotina	0.0	1406		
1407	Agaricomycotina	0.11368925859811017	1407		
1408	Agaricomycotina	0.0	1408		
1409	Agaricomycotina	0.0	1409		
1410	Agaricomycotina	0.0016787213484710758	1410		
1411	Agaricomycotina	0.0	1411		
1412	Agaricomycotina	0.0	1412		
1413	Agaricomycotina	0.0	1413		
1414	Agaricomycotina	0.0	1414		
1415	Agaricomycotina	0.0	1415		
1416	Agaricomycotina	0.17932311578895732	1416		
1417	Agaricomycotina	0.0	1417		
1418	Agaricomycotina	0.0027302460001896096	1418		
1419	Agaricomycotina	0.0026849818226730607	1419		
1420	Agaricomycotina	0.0	1420		
1421	Agaricomycotina	0.2616603348553527	1421		
1422	Agaricomycotina	0.012850300425196673	1422		
1423	Agaricomycotina	0.024035054946470673	1423		
1424	Agaricomycotina	0.0	1424		
1425	Agaricomycotina	0.0	1425		
1426	Agaricomycotina	0.001743222351497378	1426		
1427	Agaricomycotina	0.0	1427		
1428	Agaricomycotina	0.0	1428		
1429	Agaricomycotina	0.0	1429		
1430	Agaricomycotina	0.23059872627739555	1430		
1431	Agaricomycotina	0.0	1431		
1432	Agaricomycotina	0.0	1432		
1433	Agaricomycotina	0.0	1433		
1434	Agaricomycotina	0.0	1434		
1435	Agaricomycotina	0.0	1435		
1436	Agaricomycotina	0.0	1436		
1437	Agaricomycotina	0.0	1437		
1438	Agaricomycotina	0.0	1438		
1439	Agaricomycotina	0.009208818748090368	1439		
1440	Agaricomycotina	0.03108803073058131	1440		
1441	Agaricomycotina	0.0	1441		
1442	Agaricomycotina	0.0	1442		
1443	Agaricomycotina	0.0	1443		
1444	Agaricomycotina	0.0012879195719985677	1444		
1445	Agaricomycotina	0.0	1445		
1446	Agaricomycotina	0.0	1446		
1447	Agaricomycotina	0.0	1447		
1448	Agaricomycotina	0.0	1448		
1449	Agaricomycotina	0.0	1449		
1450	Agaricomycotina	0.0021858160270221026	1450		
1451	Agaricomycotina	0.0024584347437665134	1451		
1452	Agaricomycotina	0.0	1452		
1453	Agaricomycotina	0.0	1453		
1454	Agaricomycotina	0.0	1454		
1455	Agaricomycotina	0.0	1455		
1456	Agaricomycotina	0.0	1456		
1457	Agaricomycotina	0.0	1457		
1458	Agaricomycotina	0.0	1458		
1459	Agaricomycotina	0.0	1459		
1460	Agaricomycotina	0.0	1460		
1461	Agaricomycotina	0.0	1461		
1462	Agaricomycotina	0.0	1462		
1463	Agaricomycotina	0.0017929695578787251	1463		
1464	Agaricomycotina	0.0	1464		
1465	Agaricomycotina	0.0	1465		
1466	Agaricomycotina	0.0	1466		
1467	Agaricomycotina	0.0	1467		
1468	Agaricomycotina	0.0	1468		
1469	Agaricomycotina	0.0	1469		
1470	Agaricomycotina	0.0	1470		
1471	Agaricomycotina	0.0	1471		
1472	Agaricomycotina	0.0015771075299341867	1472		
1473	Agaricomycotina	0.0	1473		
1474	Agaricomycotina	0.0	1474		
1475	Agaricomycotina	0.0	1475		
1476	Agaricomycotina	0.0	1476		
1477	Agaricomycotina	0.0	1477		
1478	Agaricomycotina	0.0	1478		
1479	Agaricomycotina	0.0	1479		
1480	Agaricomycotina	0.0	1480		
1481	Agaricomycotina	0.0	1481		
1482	Agaricomycotina	0.003325196863969891	1482		
1483	Agaricomycotina	0.0	1483		
1484	Agaricomycotina	0.00252400199699038	1484		
1485	Agaricomycotina	0.0019923509985744522	1485		
1486	Agaricomycotina	0.0	1486		
1487	Agaricomycotina	0.0	1487		
1488	Agaricomycotina	0.0	1488		
1489	Agaricomycotina	0.0	1489		
1490	Agaricomycotina	0.0	1490		
1491	Agaricomycotina	0.0	1491		
1492	Agaricomycotina	0.0	1492		
1493	Agaricomycotina	0.0	1493		
1494	Agaricomycotina	7.342491158374698e-05	1494		
1495	Agaricomycotina	0.0	1495		
1496	Agaricomycotina	0.00016617012151042178	1496		
1497	Agaricomycotina	0.0	1497		
1498	Agaricomycotina	0.0	1498		
1499	Agaricomycotina	0.0	1499		
1500	Agaricomycotina	0.0	1500		
1501	Agaricomycotina	0.0	1501		
1502	Agaricomycotina	0.0	1502		
1503	Agaricomycotina	0.0	1503		
1504	Agaricomycotina	0.0	1504		
1505	Agaricomycotina	0.0	1505		
1506	Agaricomycotina	0.0	1506		
1507	Agaricomycotina	0.0	1507		
1508	Agaricomycotina	0.0	1508		
1509	Agaricomycotina	0.0	1509		
1510	Agaricomycotina	0.0	1510		
1511	Agaricomycotina	0.0	1511		
1512	Agaricomycotina	0.0	1512		
1513	Agaricomycotina	0.0	1513		
1514	Agaricomycotina	0.0	1514		
1515	Agaricomycotina	0.0	1515		
1516	Agaricomycotina	0.0	1516		
1517	Agaricomycotina	0.0	1517		
1518	Agaricomycotina	0.0	1518		
1519	Agaricomycotina	0.0	1519		
1520	Agaricomycotina	0.0	1520		
1521	Agaricomycotina	0.0	1521		
1522	Agaricomycotina	0.0	1522		
1523	Agaricomycotina	0.0	1523		
1524	Agaricomycotina	0.0	1524		
1525	Agaricomycotina	0.0	1525		
1526	Agaricomycotina	0.0	1526		
1527	Agaricomycotina	0.0	1527		
1528	Agaricomycotina	0.0	1528		
1529	Agaricomycotina	0.0	1529		
1530	Agaricomycotina	0.0	1530		
1531	Agaricomycotina	0.0	1531		
1532	Agaricomycotina	0.0	1532		
1533	Agaricomycotina	0.0	1533		
1534	Agaricomycotina	0.0	1534		
1535	Agaricomycotina	0.0	1535		
1536	Agaricomycotina	0.0	1536		
1537	Agaricomycotina	0.0	1537		
1538	Agaricomycotina	0.0006329707109081645	1538		
1539	Agaricomycotina	0.0	1539		
1540	Agaricomycotina	0.0	1540		
1541	Agaricomycotina	0.0001612993868020516	1541		
1542	Agaricomycotina	0.0	1542		
1543	Agaricomycotina	0.0	1543		
1544	Agaricomycotina	0.0	1544		
1545	Agaricomycotina	0.0	1545		
1546	Agaricomycotina	0.0	1546		
1547	Agaricomycotina	0.0	1547		
1548	Agaricomycotina	0.0	1548		
1549	Agaricomycotina	0.0	1549		
1550	Agaricomycotina	0.0	1550		
1551	Agaricomycotina	0.0005639411243232777	1551		
1552	Agaricomycotina	0.00048705616810288007	1552		
1553	Agaricomycotina	0.0018706657288395814	1553		
1554	Agaricomycotina	0.001435476421174679	1554		
1555	Agaricomycotina	0.0015472356599099313	1555		
1556	Agaricomycotina	0.0018467536772919565	1556		
1557	Agaricomycotina	0.0	1557		
1558	Agaricomycotina	0.0	1558		
1559	Agaricomycotina	0.0	1559		
1560	Agaricomycotina	0.0	1560		
1561	Agaricomycotina	0.0	1561		
1562	Agaricomycotina	0.0	1562		
1563	Agaricomycotina	0.000896555587129492	1563		
1564	Agaricomycotina	0.0014244226612217387	1564		
1565	Agaricomycotina	0.0037460499010646083	1565		
1566	Agaricomycotina	0.0046414198677361415	1566		
1567	Agaricomycotina	0.0	1567		
1568	Agaricomycotina	0.0008944176497072484	1568		
1569	Agaricomycotina	0.0	1569		
1570	Agaricomycotina	0.0011036977323087757	1570		
1571	Agaricomycotina	0.0	1571		
1572	Agaricomycotina	0.0006162740220532427	1572		
1573	Agaricomycotina	0.0	1573		
1574	Agaricomycotina	0.0	1574		
1575	Agaricomycotina	0.0	1575		
1576	Agaricomycotina	0.0	1576		
1577	Agaricomycotina	0.0	1577		
1578	Agaricomycotina	0.0	1578		
1579	Agaricomycotina	0.0	1579		
1580	Agaricomycotina	0.0	1580		
1581	Agaricomycotina	0.0	1581		
1582	Agaricomycotina	0.0	1582		
1583	Agaricomycotina	0.0	1583		
1584	Agaricomycotina	0.0	1584		
1585	Agaricomycotina	0.0	1585		
1586	Agaricomycotina	0.0	1586		
1587	Agaricomycotina	0.0	1587		
1588	Agaricomycotina	0.0	1588		
1589	Agaricomycotina	0.0029916653055298455	1589		
1590	Agaricomycotina	0.0	1590		
1591	Agaricomycotina	0.0	1591		
1592	Agaricomycotina	0.0	1592		
1593	Agaricomycotina	0.0	1593		
1594	Agaricomycotina	0.0	1594		
1595	Agaricomycotina	0.0	1595		
1596	Agaricomycotina	0.0	1596		
1597	Agaricomycotina	0.0	1597		
1598	Agaricomycotina	0.0	1598		
1599	Agaricomycotina	0.0	1599		
1600	Agaricomycotina	0.0	1600		
1601	Agaricomycotina	0.0	1601		
1602	Agaricomycotina	0.0	1602		
1603	Agaricomycotina	0.0	1603		
1604	Agaricomycotina	0.0015613886742614617	1604		
1605	Agaricomycotina	0.0	1605		
1606	Agaricomycotina	0.0	1606		
1607	Agaricomycotina	0.0	1607		
1608	Agaricomycotina	0.0	1608		
1609	Agaricomycotina	0.0	1609		
1610	Agaricomycotina	0.0	1610		
1611	Agaricomycotina	0.0	1611		
1612	Agaricomycotina	0.0	1612		
1613	Agaricomycotina	0.0	1613		
1614	Agaricomycotina	0.0	1614		
1615	Agaricomycotina	0.0	1615		
1616	Agaricomycotina	0.0	1616		
1617	Agaricomycotina	0.0	1617		
1618	Agaricomycotina	0.0	1618		
1619	Agaricomycotina	0.0	1619		
1620	Agaricomycotina	0.0	1620		
1621	Agaricomycotina	0.0013254500267643624	1621		
1622	Agaricomycotina	0.0	1622		
1623	Agaricomycotina	0.0	1623		
1624	Agaricomycotina	0.0	1624		
1625	Agaricomycotina	0.0	1625		
1626	Agaricomycotina	0.0	1626		
1627	Agaricomycotina	0.0	1627		
1628	Agaricomycotina	0.0	1628		
1629	Agaricomycotina	0.0	1629		
1630	Agaricomycotina	0.0	1630		
1631	Agaricomycotina	0.0	1631		
1632	Agaricomycotina	0.0	1632		
1633	Agaricomycotina	0.0	1633		
1634	Agaricomycotina	0.0	1634		
1635	Agaricomycotina	0.0	1635		
1636	Agaricomycotina	0.0	1636		
1637	Agaricomycotina	0.0	1637		
1638	Agaricomycotina	0.0	1638		
1639	Agaricomycotina	0.0	1639		
1640	Agaricomycotina	0.0	1640		
1641	Agaricomycotina	0.0	1641		
1642	Agaricomycotina	0.0	1642		
1643	Agaricomycotina	0.0	1643		
1644	Agaricomycotina	0.0	1644		
1645	Agaricomycotina	0.0	1645		
1646	Agaricomycotina	0.0	1646		
1647	Agaricomycotina	0.0	1647		
1648	Agaricomycotina	0.0	1648		
1649	Agaricomycotina	0.0	1649		
1650	Agaricomycotina	0.0	1650		
1651	Agaricomycotina	0.0	1651		
1652	Agaricomycotina	0.0	1652		
1653	Agaricomycotina	0.0	1653		
1654	Agaricomycotina	0.0	1654		
1655	Agaricomycotina	0.00039682349911432044	1655		
1656	Agaricomycotina	0.0	1656		
1657	Agaricomycotina	0.0	1657		
1658	Agaricomycotina	0.0	1658		
1659	Agaricomycotina	0.0	1659		
1660	Agaricomycotina	0.0007722531360464376	1660		
1661	Agaricomycotina	0.0	1661		
1662	Agaricomycotina	0.0	1662		
1663	Agaricomycotina	0.0	1663		
1664	Agaricomycotina	0.0	1664		
1665	Agaricomycotina	0.0	1665		
1666	Agaricomycotina	0.0	1666		
1667	Agaricomycotina	0.0	1667		
1668	Agaricomycotina	0.0	1668		
1669	Agaricomycotina	0.00035281850419066965	1669		
1670	Agaricomycotina	0.0	1670		
1671	Agaricomycotina	0.0003354666431323914	1671		
1672	Agaricomycotina	0.0	1672		
1673	Agaricomycotina	0.0	1673		
1674	Agaricomycotina	0.0	1674		
1675	Agaricomycotina	0.0	1675		
1676	Agaricomycotina	0.0	1676		
1677	Agaricomycotina	0.0	1677		
1678	Agaricomycotina	0.0	1678		
1679	Agaricomycotina	0.0	1679		
1680	Agaricomycotina	0.0	1680		
1681	Agaricomycotina	0.0	1681		
1682	Agaricomycotina	0.0	1682		
1683	Agaricomycotina	0.0	1683		
1684	Agaricomycotina	0.0	1684		
1685	Agaricomycotina	0.0	1685		
1686	Agaricomycotina	0.0	1686		
1687	Agaricomycotina	0.0	1687		
1688	Agaricomycotina	0.0	1688		
1689	Agaricomycotina	0.0	1689		
1690	Agaricomycotina	0.0	1690		
1691	Agaricomycotina	0.0	1691		
1692	Agaricomycotina	0.0	1692		
1693	Agaricomycotina	0.0	1693		
1694	Agaricomycotina	0.0	1694		
1695	Agaricomycotina	0.0	1695		
1696	Agaricomycotina	0.0	1696		
1697	Agaricomycotina	0.0	1697		
1698	Agaricomycotina	0.0	1698		
1699	Agaricomycotina	0.0	1699		
1700	Agaricomycotina	0.0	1700		
1701	Agaricomycotina	0.0	1701		
1702	Agaricomycotina	0.0	1702		
1703	Agaricomycotina	0.0	1703		
1704	Agaricomycotina	0.0	1704		
1705	Agaricomycotina	0.0	1705		
1706	Agaricomycotina	0.0	1706		
1707	Agaricomycotina	0.0003759193577793692	1707		
1708	Agaricomycotina	0.0	1708		
1709	Agaricomycotina	0.0	1709		
1710	Agaricomycotina	0.0	1710		
1711	Agaricomycotina	0.0	1711		
1712	Agaricomycotina	0.0	1712		
1713	Agaricomycotina	0.0	1713		
1714	Agaricomycotina	0.0	1714		
1715	Agaricomycotina	0.0	1715		
1716	Agaricomycotina	0.0	1716		
1717	Agaricomycotina	0.0	1717		
1718	Agaricomycotina	0.0	1718		
1719	Agaricomycotina	0.0	1719		
1720	Agaricomycotina	0.0	1720		
1721	Agaricomycotina	0.0	1721		
1722	Agaricomycotina	0.0	1722		
1723	Agaricomycotina	0.0	1723		
1724	Agaricomycotina	0.0	1724		
1725	Agaricomycotina	0.0	1725		
1726	Agaricomycotina	0.0	1726		
1727	Agaricomycotina	0.0	1727		
1728	Agaricomycotina	0.0	1728		
1729	Agaricomycotina	0.0	1729		
1730	Agaricomycotina	0.0	1730		
1731	Agaricomycotina	0.0	1731		
1732	Agaricomycotina	0.0	1732		
1733	Agaricomycotina	0.0	1733		
1734	Agaricomycotina	0.0	1734		
1735	Agaricomycotina	0.0	1735		
1736	Agaricomycotina	0.0	1736		
1737	Agaricomycotina	0.0	1737		
1738	Agaricomycotina	0.0	1738		
1739	Agaricomycotina	0.0	1739		
1740	Agaricomycotina	0.0	1740		
1741	Agaricomycotina	0.0	1741		
1742	Agaricomycotina	0.0	1742		
1743	Agaricomycotina	0.0	1743		
1744	Agaricomycotina	0.0	1744		
1745	Agaricomycotina	0.0	1745		
1746	Agaricomycotina	0.0	1746		
1747	Agaricomycotina	0.0	1747		
1748	Agaricomycotina	0.0	1748		
1749	Agaricomycotina	0.0	1749		
1750	Agaricomycotina	0.0	1750		
1751	Agaricomycotina	0.0	1751		
1752	Agaricomycotina	0.0	1752		
1753	Agaricomycotina	0.0	1753		
1754	Agaricomycotina	0.0	1754		
1755	Agaricomycotina	0.0	1755		
1756	Agaricomycotina	0.0001916918631298945	1756		
1757	Agaricomycotina	0.0	1757		
1758	Agaricomycotina	0.0	1758		
1759	Agaricomycotina	0.0	1759		
1760	Agaricomycotina	0.0	1760		
1761	Agaricomycotina	0.0	1761		
1762	Agaricomycotina	0.0	1762		
1763	Agaricomycotina	0.0	1763		
1764	Agaricomycotina	0.0	1764		
1765	Agaricomycotina	0.0	1765		
1766	Agaricomycotina	0.0	1766		
1767	Agaricomycotina	0.0	1767		
1768	Agaricomycotina	0.0	1768		
1769	Agaricomycotina	0.0	1769		
1770	Agaricomycotina	0.0	1770		
1771	Agaricomycotina	0.0	1771		
1772	Agaricomycotina	0.0	1772		
1773	Agaricomycotina	0.0	1773		
1774	Agaricomycotina	0.0	1774		
1775	Agaricomycotina	0.0	1775		
1776	Agaricomycotina	0.0	1776		
1777	Agaricomycotina	0.0	1777		
1778	Agaricomycotina	0.0	1778		
1779	Agaricomycotina	0.0	1779		
1780	Agaricomycotina	0.0	1780		
1781	Agaricomycotina	0.0	1781		
1782	Agaricomycotina	0.0	1782		
1783	Agaricomycotina	0.0	1783		
1784	Agaricomycotina	0.0	1784		
1785	Agaricomycotina	0.0	1785		
1786	Agaricomycotina	0.0	1786		
1787	Agaricomycotina	0.0	1787		
1788	Agaricomycotina	0.0	1788		
1789	Agaricomycotina	0.0	1789		
1790	Agaricomycotina	0.0	1790		
1791	Agaricomycotina	0.0	1791		
1792	Agaricomycotina	0.0	1792		
1793	Agaricomycotina	0.0	1793		
1794	Agaricomycotina	0.0	1794		
1795	Agaricomycotina	0.0	1795		
1796	Agaricomycotina	0.0	1796		
1797	Agaricomycotina	0.0	1797		
1798	Agaricomycotina	0.0	1798		
1799	Agaricomycotina	0.0	1799		
1800	Agaricomycotina	0.0	1800		
1801	Agaricomycotina	0.0	1801		
1802	Agaricomycotina	0.0	1802		
1803	Agaricomycotina	0.0	1803		
1804	Agaricomycotina	0.0	1804		
1805	Agaricomycotina	0.0	1805		
1806	Agaricomycotina	0.0	1806		
1807	Agaricomycotina	0.0	1807		
1808	Agaricomycotina	0.0	1808		
1809	Agaricomycotina	0.0	1809		
1810	Agaricomycotina	0.0	1810		
1811	Agaricomycotina	0.0	1811		
1812	Agaricomycotina	0.0	1812		
1813	Agaricomycotina	0.0	1813		
1814	Agaricomycotina	0.0	1814		
1815	Agaricomycotina	0.0	1815		
1816	Agaricomycotina	0.0	1816		
1817	Agaricomycotina	0.0	1817		
1818	Agaricomycotina	0.0	1818		
1819	Agaricomycotina	0.0	1819		
1820	Agaricomycotina	0.0	1820		
1821	Agaricomycotina	0.0	1821		
1822	Agaricomycotina	0.0	1822		
1823	Agaricomycotina	0.0	1823		
1824	Agaricomycotina	0.0	1824		
1825	Agaricomycotina	0.0	1825		
1826	Agaricomycotina	0.006446969519986055	1826		
1827	Agaricomycotina	0.007185905300233053	1827		
1828	Agaricomycotina	0.0022179353426134457	1828		
1829	Agaricomycotina	0.0	1829		
1830	Agaricomycotina	0.0	1830		
1831	Agaricomycotina	0.0	1831		
1832	Agaricomycotina	0.007345290861752214	1832		
1833	Agaricomycotina	0.0	1833		
1834	Agaricomycotina	0.0	1834		
1835	Agaricomycotina	0.0	1835		
1836	Agaricomycotina	0.0	1836		
1837	Agaricomycotina	0.0	1837		
1838	Agaricomycotina	0.00233321846719341	1838		
1839	Agaricomycotina	0.0	1839		
1840	Agaricomycotina	0.0	1840		
1841	Agaricomycotina	0.0	1841		
1842	Agaricomycotina	0.00048638056159400433	1842		
1843	Agaricomycotina	0.0	1843		
1844	Agaricomycotina	0.0	1844		
1845	Agaricomycotina	0.0	1845		
1846	Agaricomycotina	0.0	1846		
1847	Agaricomycotina	0.0	1847		
1848	Agaricomycotina	0.0	1848		
1849	Agaricomycotina	0.0	1849		
1850	Agaricomycotina	0.0	1850		
1851	Agaricomycotina	0.0	1851		
1852	Agaricomycotina	0.0	1852		
1853	Agaricomycotina	0.0	1853		
1854	Agaricomycotina	0.0	1854		
1855	Agaricomycotina	0.0	1855		
1856	Agaricomycotina	0.0	1856		
1857	Agaricomycotina	0.0	1857		
1858	Agaricomycotina	0.0	1858		
1859	Agaricomycotina	0.0	1859		
1860	Agaricomycotina	0.0	1860		
1861	Agaricomycotina	0.0	1861		
1862	Agaricomycotina	0.0	1862		
1863	Agaricomycotina	0.0	1863		
1864	Agaricomycotina	0.0	1864		
1865	Agaricomycotina	0.0	1865		
1866	Agaricomycotina	0.0	1866		
1867	Agaricomycotina	0.0	1867		
1868	Agaricomycotina	0.0	1868		
1869	Agaricomycotina	0.0	1869		
1870	Agaricomycotina	0.0	1870		
1871	Agaricomycotina	0.0	1871		
1872	Agaricomycotina	0.0	1872		
1873	Agaricomycotina	0.0	1873		
1874	Agaricomycotina	0.0	1874		
1875	Agaricomycotina	0.0	1875		
1876	Agaricomycotina	0.0	1876		
1877	Agaricomycotina	0.0	1877		
1878	Agaricomycotina	0.0	1878		
1879	Agaricomycotina	0.0	1879		
1880	Agaricomycotina	0.0	1880		
1881	Agaricomycotina	0.0	1881		
1882	Agaricomycotina	0.0	1882		
1883	Agaricomycotina	0.0	1883		
1884	Agaricomycotina	0.0	1884		
1885	Agaricomycotina	0.0	1885		
1886	Agaricomycotina	0.0	1886		
1887	Agaricomycotina	0.0	1887		
1888	Agaricomycotina	0.0	1888		
1889	Agaricomycotina	0.10306171216769724	1889		
1890	Agaricomycotina	0.003084998340226391	1890		
1891	Agaricomycotina	0.003318328673877614	1891		
1892	Agaricomycotina	0.0034856781623688673	1892		
1893	Agaricomycotina	0.07893241083610424	1893		
1894	Agaricomycotina	0.0034856782425136726	1894		
1895	Agaricomycotina	0.0	1895		
1896	Agaricomycotina	0.0	1896		
1897	Agaricomycotina	0.0	1897		
1898	Agaricomycotina	0.0	1898		
1899	Agaricomycotina	0.0	1899		
1900	Agaricomycotina	0.0	1900		
1901	Agaricomycotina	0.0	1901		
1902	Agaricomycotina	0.0	1902		
1903	Agaricomycotina	0.0	1903		
1904	Agaricomycotina	0.0005703367035538384	1904		
1905	Agaricomycotina	0.0	1905		
1906	Agaricomycotina	0.0	1906		
1907	Agaricomycotina	0.0	1907		
1908	Agaricomycotina	0.0	1908		
1909	Agaricomycotina	0.0028285279648778347	1909		
1910	Agaricomycotina	0.0	1910		
1911	Agaricomycotina	0.003069309070340734	1911		
1912	Agaricomycotina	0.0	1912		
1913	Agaricomycotina	0.0	1913		
1914	Agaricomycotina	0.0	1914		
1915	Agaricomycotina	0.0	1915		
1916	Agaricomycotina	0.0	1916		
1917	Agaricomycotina	0.011306394195366987	1917		
1918	Agaricomycotina	0.0008515350735698835	1918		
1919	Agaricomycotina	0.0	1919		
1920	Agaricomycotina	0.009380197173819204	1920		
1921	Agaricomycotina	0.0007007420059529365	1921		
1922	Agaricomycotina	0.0	1922		
1923	Agaricomycotina	0.0	1923		
1924	Agaricomycotina	0.0	1924		
1925	Agaricomycotina	0.0	1925		
1926	Agaricomycotina	0.0026062397981727902	1926		
1927	Agaricomycotina	0.004131947360940053	1927		
1928	Agaricomycotina	0.0035857333650312715	1928		
1929	Agaricomycotina	0.002491993601255872	1929		
1930	Agaricomycotina	0.0	1930		
1931	Pezizomycotina	0.0	1931		
1932	Pezizomycotina	0.0	1932		
1933	Pezizomycotina	0.00010666593698938091	1933		
1934	Pezizomycotina	0.0005044601445421687	1934		
1935	Pezizomycotina	0.0006440209045992141	1935		
1936	Pezizomycotina	0.0	1936		
1937	Pezizomycotina	0.0	1937		
1938	Pezizomycotina	0.0	1938		
1939	Pezizomycotina	0.0	1939		
1940	Pezizomycotina	0.0	1940		
1941	Pezizomycotina	0.0	1941		
1942	Pezizomycotina	0.0	1942		
1943	Pezizomycotina	0.0	1943		
1944	Pezizomycotina	0.0	1944		
1945	Pezizomycotina	0.0	1945		
1946	Pezizomycotina	0.0	1946		
1947	Pezizomycotina	0.0	1947		
1948	Pezizomycotina	0.0	1948		
1949	Pezizomycotina	0.0	1949		
1950	Pezizomycotina	0.0	1950		
1951	Pezizomycotina	0.0	1951		
1952	Pezizomycotina	0.0	1952		
1953	Pezizomycotina	0.0	1953		
1954	Pezizomycotina	0.0	1954		
1955	Pezizomycotina	0.0	1955		
1956	Pezizomycotina	0.0	1956		
1957	Pezizomycotina	0.0	1957		
1958	Pezizomycotina	0.0	1958		
1959	Pezizomycotina	0.0	1959		
1960	Pezizomycotina	0.0	1960		
1961	Pezizomycotina	0.0	1961		
1962	Pezizomycotina	0.0	1962		
1963	Pezizomycotina	0.0	1963		
1964	Pezizomycotina	0.0	1964		
1965	Pezizomycotina	0.0	1965		
1966	Pezizomycotina	0.0	1966		
1967	Pezizomycotina	0.0	1967		
1968	Pezizomycotina	0.0	1968		
1969	Pezizomycotina	0.0	1969		
1970	Pezizomycotina	0.0	1970		
1971	Pezizomycotina	0.0	1971		
1972	Pezizomycotina	0.0	1972		
1973	Pezizomycotina	0.0	1973		
1974	Pezizomycotina	0.0	1974		
1975	Pezizomycotina	0.0	1975		
1976	Pezizomycotina	0.0	1976		
1977	Pezizomycotina	0.0	1977		
1978	Pezizomycotina	0.0	1978		
1979	Pezizomycotina	0.0	1979		
1980	Pezizomycotina	0.0	1980		
1981	Pezizomycotina	0.0	1981		
1982	Pezizomycotina	0.0	1982		
1983	Pezizomycotina	0.0	1983		
1984	Pezizomycotina	0.0	1984		
1985	Pezizomycotina	0.0	1985		
1986	Pezizomycotina	0.0	1986		
1987	Pezizomycotina	0.0	1987		
1988	Pezizomycotina	0.0	1988		
1989	Pezizomycotina	0.0	1989		
1990	Pezizomycotina	0.0	1990		
1991	Pezizomycotina	0.0	1991		
1992	Pezizomycotina	0.0	1992		
1993	Pezizomycotina	0.0	1993		
1994	Pezizomycotina	0.0	1994		
1995	Pezizomycotina	0.0	1995		
1996	Pezizomycotina	0.0	1996		
1997	Pezizomycotina	0.0	1997		
1998	Pezizomycotina	0.0	1998		
1999	Pezizomycotina	0.0	1999		
2000	Pezizomycotina	0.0	2000		
2001	Pezizomycotina	0.0	2001		
2002	Pezizomycotina	0.0	2002		
2003	Pezizomycotina	0.0	2003		
2004	Pezizomycotina	0.0	2004		
2005	Pezizomycotina	0.0	2005		
2006	Pezizomycotina	0.0	2006		
2007	Pezizomycotina	0.0	2007		
2008	Pezizomycotina	0.0	2008		
2009	Pezizomycotina	0.0	2009		
2010	Pezizomycotina	0.0	2010		
2011	Pezizomycotina	0.0	2011		
2012	Pezizomycotina	0.0	2012		
2013	Pezizomycotina	0.0	2013		
2014	Pezizomycotina	0.0	2014		
2015	Pezizomycotina	0.0	2015		
2016	Pezizomycotina	0.0	2016		
2017	Pezizomycotina	0.0	2017		
2018	Pezizomycotina	0.0	2018		
2019	Pezizomycotina	0.0	2019		
2020	Pezizomycotina	0.0	2020		
2021	Pezizomycotina	0.0	2021		
2022	Pezizomycotina	0.0	2022		
2023	Pezizomycotina	0.0	2023		
2024	Pezizomycotina	0.0	2024		
2025	Pezizomycotina	0.0	2025		
2026	Pezizomycotina	0.0	2026		
2027	Pezizomycotina	0.0	2027		
2028	Pezizomycotina	0.0	2028		
2029	Pezizomycotina	0.0	2029		
2030	Pezizomycotina	0.0	2030		
2031	Pezizomycotina	0.0	2031		
2032	Pezizomycotina	0.0	2032		
2033	Pezizomycotina	0.0	2033		
2034	Pezizomycotina	0.0	2034		
2035	Pezizomycotina	0.0	2035		
2036	Pezizomycotina	0.0	2036		
2037	Pezizomycotina	0.0	2037		
2038	Pezizomycotina	0.0	2038		
2039	Pezizomycotina	0.0	2039		
2040	Pezizomycotina	0.0	2040		
2041	Pezizomycotina	0.0	2041		
2042	Pezizomycotina	0.0	2042		
2043	Pezizomycotina	0.0	2043		
2044	Pezizomycotina	0.0	2044		
2045	Pezizomycotina	0.0	2045		
2046	Pezizomycotina	0.0	2046		
2047	Pezizomycotina	0.0	2047		
2048	Pezizomycotina	0.0	2048		
2049	Pezizomycotina	0.0	2049		
2050	Pezizomycotina	0.0	2050		
2051	Pezizomycotina	0.0	2051		
2052	Pezizomycotina	0.0	2052		
2053	Pezizomycotina	0.0	2053		
2054	Pezizomycotina	0.0	2054		
2055	Pezizomycotina	0.0	2055		
2056	Pezizomycotina	0.0	2056		
2057	Pezizomycotina	0.0	2057		
2058	Pezizomycotina	0.0	2058		
2059	Pezizomycotina	0.0	2059		
2060	Pezizomycotina	0.0	2060		
2061	Pezizomycotina	0.0	2061		
2062	Pezizomycotina	0.0	2062		
2063	Pezizomycotina	0.0	2063		
2064	Pezizomycotina	0.0	2064		
2065	Pezizomycotina	0.0	2065		
2066	Pezizomycotina	0.0	2066		
2067	Pezizomycotina	0.0	2067		
2068	Pezizomycotina	0.0	2068		
2069	Pezizomycotina	0.0	2069		
2070	Pezizomycotina	0.0	2070		
2071	Pezizomycotina	0.0	2071		
2072	Pezizomycotina	0.0	2072		
2073	Pezizomycotina	0.0	2073		
2074	Pezizomycotina	0.0	2074		
2075	Pezizomycotina	0.0	2075		
2076	Pezizomycotina	0.0	2076		
2077	Pezizomycotina	0.0	2077		
2078	Pezizomycotina	0.0	2078		
2079	Pezizomycotina	0.0	2079		
2080	Pezizomycotina	0.0	2080		
2081	Pezizomycotina	0.0	2081		
2082	Pezizomycotina	0.0	2082		
2083	Pezizomycotina	0.0	2083		
2084	Pezizomycotina	0.0	2084		
2085	Pezizomycotina	0.0	2085		
2086	Pezizomycotina	0.0	2086		
2087	Pezizomycotina	0.0	2087		
2088	Pezizomycotina	0.0	2088		
2089	Pezizomycotina	0.0	2089		
2090	Pezizomycotina	0.0	2090		
2091	Pezizomycotina	0.0	2091		
2092	Pezizomycotina	0.0	2092		
2093	Pezizomycotina	0.0	2093		
2094	Pezizomycotina	0.0	2094		
2095	Pezizomycotina	0.0	2095		
2096	Pezizomycotina	0.0	2096		
2097	Pezizomycotina	0.0	2097		
2098	Pezizomycotina	0.0	2098		
2099	Pezizomycotina	0.0	2099		
2100	Pezizomycotina	0.0	2100		
2101	Pezizomycotina	0.0	2101		
2102	Pezizomycotina	0.0	2102		
2103	Pezizomycotina	0.0	2103		
2104	Pezizomycotina	0.0	2104		
2105	Pezizomycotina	0.0	2105		
2106	Pezizomycotina	0.0	2106		
2107	Pezizomycotina	0.0	2107		
2108	Pezizomycotina	0.0	2108		
2109	Pezizomycotina	0.0	2109		
2110	Pezizomycotina	0.0	2110		
2111	Pezizomycotina	0.0	2111		
2112	Pezizomycotina	0.0	2112		
2113	Pezizomycotina	0.0	2113		
2114	Pezizomycotina	0.0	2114		
2115	Pezizomycotina	0.0	2115		
2116	Pezizomycotina	0.0	2116		
2117	Pezizomycotina	0.0	2117		
2118	Pezizomycotina	0.0	2118		
2119	Pezizomycotina	0.0	2119		
2120	Pezizomycotina	0.0	2120		
2121	Pezizomycotina	0.0	2121		
2122	Pezizomycotina	0.0	2122		
2123	Pezizomycotina	0.0	2123		
2124	Pezizomycotina	0.0	2124		
2125	Pezizomycotina	0.0	2125		
2126	Pezizomycotina	0.0	2126		
2127	Pezizomycotina	0.0	2127		
2128	Pezizomycotina	0.0	2128		
2129	Pezizomycotina	0.0	2129		
2130	Pezizomycotina	0.0	2130		
2131	Pezizomycotina	0.0	2131		
2132	Pezizomycotina	0.0	2132		
2133	Pezizomycotina	0.0	2133		
2134	Pezizomycotina	0.0	2134		
2135	Pezizomycotina	0.0	2135		
2136	Pezizomycotina	0.0	2136		
2137	Pezizomycotina	0.0	2137		
2138	Pezizomycotina	0.0	2138		
2139	Pezizomycotina	0.0	2139		
2140	Pezizomycotina	0.0	2140		
2141	Pezizomycotina	0.0	2141		
2142	Pezizomycotina	0.0	2142		
2143	Pezizomycotina	0.0	2143		
2144	Pezizomycotina	0.0	2144		
2145	Pezizomycotina	0.0	2145		
2146	Pezizomycotina	0.0	2146		
2147	Pezizomycotina	0.0	2147		
2148	Pezizomycotina	0.0	2148		
2149	Pezizomycotina	0.0	2149		
2150	Pezizomycotina	0.006841798080386939	2150		
2151	Pezizomycotina	0.0	2151		
2152	Pezizomycotina	0.0	2152		
2153	Pezizomycotina	0.0	2153		
2154	Pezizomycotina	0.0	2154		
2155	Pezizomycotina	0.0	2155		
2156	Pezizomycotina	0.0	2156		
2157	Pezizomycotina	0.0	2157		
2158	Pezizomycotina	0.0	2158		
2159	Pezizomycotina	0.0	2159		
2160	Pezizomycotina	0.21085983424185814	2160		
2161	Pezizomycotina	0.09367754923949934	2161		
2162	Pezizomycotina	0.05214179271229856	2162		
2163	Pezizomycotina	0.0	2163		
2164	Pezizomycotina	0.22621202875941904	2164		
2165	Pezizomycotina	0.06158866803060084	2165		
2166	Pezizomycotina	0.0	2166		
2167	Pezizomycotina	0.0	2167		
2168	Pezizomycotina	0.23120112137050292	2168		
2169	Pezizomycotina	0.17937739499905048	2169		
2170	Pezizomycotina	0.040847092675349105	2170		
2171	Pezizomycotina	0.0	2171		
2172	Pezizomycotina	0.11429146211855871	2172		
2173	Pezizomycotina	0.0	2173		
2174	Pezizomycotina	0.08215640753702026	2174		
2175	Pezizomycotina	0.0	2175		
2176	Pezizomycotina	0.12326907584332351	2176		
2177	Pezizomycotina	0.051088669923300155	2177		
2178	Pezizomycotina	0.04281531484708134	2178		
2179	Pezizomycotina	0.0	2179		
2180	Pezizomycotina	0.11250246861925718	2180		
2181	Pezizomycotina	0.050670579755091136	2181		
2182	Pezizomycotina	0.06037033122866057	2182		
2183	Pezizomycotina	0.0	2183		
2184	Pezizomycotina	0.0	2184		
2185	Pezizomycotina	0.0	2185		
2186	Pezizomycotina	0.0	2186		
2187	Pezizomycotina	0.0	2187		
2188	Pezizomycotina	0.0	2188		
2189	Pezizomycotina	0.0	2189		
2190	Pezizomycotina	0.0	2190		
2191	Pezizomycotina	0.0	2191		
2192	Pezizomycotina	0.0	2192		
2193	Pezizomycotina	0.0	2193		
2194	Pezizomycotina	0.0	2194		
2195	Pezizomycotina	0.0	2195		
2196	Pezizomycotina	0.0	2196		
2197	Pezizomycotina	0.0	2197		
2198	Pezizomycotina	0.0	2198		
2199	Pezizomycotina	0.0	2199		
2200	Pezizomycotina	0.0	2200		
2201	Pezizomycotina	0.0	2201		
2202	Pezizomycotina	0.0	2202		
2203	Pezizomycotina	0.0	2203		
2204	Pezizomycotina	0.0	2204		
2205	Pezizomycotina	0.0	2205		
2206	Pezizomycotina	0.0	2206		
2207	Pezizomycotina	0.0	2207		
2208	Pezizomycotina	0.0	2208		
2209	Pezizomycotina	0.0	2209		
2210	Pezizomycotina	0.0	2210		
2211	Pezizomycotina	0.0	2211		
2212	Pezizomycotina	0.0	2212		
2213	Pezizomycotina	0.0	2213		
2214	Pezizomycotina	0.0	2214		
2215	Pezizomycotina	0.0	2215		
2216	Pezizomycotina	0.0	2216		
2217	Pezizomycotina	0.0	2217		
2218	Pezizomycotina	0.0	2218		
2219	Pezizomycotina	0.0	2219		
2220	Pezizomycotina	0.0	2220		
2221	Pezizomycotina	0.0	2221		
2222	Pezizomycotina	0.0	2222		
2223	Pezizomycotina	0.0	2223		
2224	Pezizomycotina	0.0	2224		
2225	Pezizomycotina	0.0	2225		
2226	Pezizomycotina	0.0	2226		
2227	Pezizomycotina	0.0	2227		
2228	Pezizomycotina	0.0	2228		
2229	Pezizomycotina	0.0	2229		
2230	Pezizomycotina	0.0	2230		
2231	Pezizomycotina	0.024952173693476895	2231		
2232	Pezizomycotina	0.0	2232		
2233	Pezizomycotina	0.0	2233		
2234	Pezizomycotina	0.0	2234		
2235	Pezizomycotina	0.0	2235		
2236	Pezizomycotina	0.0	2236		
2237	Pezizomycotina	0.0	2237		
2238	Pezizomycotina	0.0	2238		
2239	Pezizomycotina	0.0	2239		
2240	Pezizomycotina	0.0	2240		
2241	Pezizomycotina	0.0	2241		
2242	Pezizomycotina	0.0	2242		
2243	Pezizomycotina	0.0	2243		
2244	Pezizomycotina	0.0	2244		
2245	Pezizomycotina	0.0	2245		
2246	Pezizomycotina	0.0	2246		
2247	Pezizomycotina	0.0	2247		
2248	Pezizomycotina	0.0	2248		
2249	Pezizomycotina	0.0	2249		
2250	Pezizomycotina	0.0	2250		
2251	Pezizomycotina	0.0	2251		
2252	Pezizomycotina	0.0	2252		
2253	Pezizomycotina	0.0	2253		
2254	Pezizomycotina	0.0	2254		
2255	Pezizomycotina	0.0	2255		
2256	Pezizomycotina	0.0	2256		
2257	Pezizomycotina	0.0	2257		
2258	Pezizomycotina	0.0	2258		
2259	Pezizomycotina	0.04128699532080719	2259		
2260	Pezizomycotina	0.0	2260		
2261	Pezizomycotina	0.0	2261		
2262	Pezizomycotina	0.0	2262		
2263	Pezizomycotina	0.0	2263		
2264	Pezizomycotina	0.0	2264		
2265	Pezizomycotina	0.0	2265		
2266	Pezizomycotina	0.0	2266		
2267	Pezizomycotina	0.0	2267		
2268	Pezizomycotina	0.0	2268		
2269	Pezizomycotina	0.0	2269		
2270	Pezizomycotina	0.0	2270		
2271	Pezizomycotina	0.0	2271		
2272	Pezizomycotina	0.0	2272		
2273	Pezizomycotina	0.029725582837252924	2273		
2274	Pezizomycotina	0.0	2274		
2275	Pezizomycotina	0.0	2275		
2276	Pezizomycotina	0.0	2276		
2277	Pezizomycotina	0.06419451584865613	2277		
2278	Pezizomycotina	0.0	2278		
2279	Pezizomycotina	0.0	2279		
2280	Pezizomycotina	0.0	2280		
2281	Pezizomycotina	0.0	2281		
2282	Pezizomycotina	0.0	2282		
2283	Pezizomycotina	0.0	2283		
2284	Pezizomycotina	0.0	2284		
2285	Pezizomycotina	0.0	2285		
2286	Pezizomycotina	0.0	2286		
2287	Pezizomycotina	0.030497411933684923	2287		
2288	Pezizomycotina	0.0	2288		
2289	Pezizomycotina	0.0	2289		
2290	Pezizomycotina	0.0322180790902971	2290		
2291	Pezizomycotina	0.0	2291		
2292	Pezizomycotina	0.0	2292		
2293	Pezizomycotina	0.0036573143388527957	2293		
2294	Pezizomycotina	0.0	2294		
2295	Pezizomycotina	0.0	2295		
2296	Pezizomycotina	0.12086177670056651	2296		
2297	Pezizomycotina	0.0	2297		
2298	Pezizomycotina	0.0	2298		
2299	Pezizomycotina	0.0	2299		
2300	Pezizomycotina	0.0	2300		
2301	Pezizomycotina	0.0	2301		
2302	Pezizomycotina	0.0	2302		
2303	Pezizomycotina	0.0	2303		
2304	Pezizomycotina	0.0	2304		
2305	Pezizomycotina	0.0	2305		
2306	Pezizomycotina	0.0	2306		
2307	Pezizomycotina	0.0	2307		
2308	Pezizomycotina	0.0	2308		
2309	Pezizomycotina	0.0	2309		
2310	Pezizomycotina	0.0	2310		
2311	Pezizomycotina	0.0	2311		
2312	Pezizomycotina	0.0	2312		
2313	Pezizomycotina	0.0	2313		
2314	Pezizomycotina	0.0	2314		
2315	Pezizomycotina	0.0	2315		
2316	Pezizomycotina	0.0	2316		
2317	Pezizomycotina	0.0	2317		
2318	Pezizomycotina	0.0	2318		
2319	Pezizomycotina	0.0	2319		
2320	Pezizomycotina	0.0	2320		
2321	Pezizomycotina	0.0	2321		
2322	Pezizomycotina	0.0	2322		
2323	Pezizomycotina	0.0	2323		
2324	Pezizomycotina	0.0	2324		
2325	Pezizomycotina	0.0	2325		
2326	Pezizomycotina	0.0	2326		
2327	Pezizomycotina	0.0012565886325125876	2327		
2328	Pezizomycotina	0.0	2328		
2329	Pezizomycotina	0.005326068233071914	2329		
2330	Pezizomycotina	0.0007299170949978612	2330		
2331	Pezizomycotina	0.0	2331		
2332	Pezizomycotina	0.0	2332		
2333	Pezizomycotina	0.0	2333		
2334	Pezizomycotina	0.0	2334		
2335	Pezizomycotina	0.0	2335		
2336	Pezizomycotina	0.0	2336		
2337	Pezizomycotina	0.0	2337		
2338	Pezizomycotina	0.0005818172736156084	2338		
2339	Pezizomycotina	0.0	2339		
2340	Pezizomycotina	0.0	2340		
2341	Pezizomycotina	0.0	2341		
2342	Pezizomycotina	0.0	2342		
2343	Pezizomycotina	0.0	2343		
2344	Pezizomycotina	0.0999624965059947	2344		
2345	Pezizomycotina	0.0	2345		
2346	Pezizomycotina	0.0	2346		
2347	Pezizomycotina	0.0	2347		
2348	Pezizomycotina	0.0	2348		
2349	Pezizomycotina	0.0	2349		
2350	Pezizomycotina	0.0	2350		
2351	Pezizomycotina	0.0	2351		
2352	Pezizomycotina	0.0	2352		
2353	Pezizomycotina	0.0	2353		
2354	Pezizomycotina	0.0	2354		
2355	Pezizomycotina	0.03808885117114579	2355		
2356	Pezizomycotina	0.0	2356		
2357	Pezizomycotina	0.0	2357		
2358	Pezizomycotina	0.0	2358		
2359	Pezizomycotina	0.0	2359		
2360	Pezizomycotina	0.0	2360		
2361	Pezizomycotina	0.0	2361		
2362	Pezizomycotina	0.0	2362		
2363	Pezizomycotina	0.0	2363		
2364	Pezizomycotina	0.0035319743404141797	2364		
2365	Pezizomycotina	0.008774198527496547	2365		
2366	Pezizomycotina	0.0	2366		
2367	Pezizomycotina	0.0	2367		
2368	Pezizomycotina	0.008954547508409525	2368		
2369	Pezizomycotina	0.006359580033263242	2369		
2370	Pezizomycotina	0.0	2370		
2371	Pezizomycotina	0.0	2371		
2372	Pezizomycotina	0.0	2372		
2373	Pezizomycotina	0.0036620559888842106	2373		
2374	Pezizomycotina	0.0	2374		
2375	Pezizomycotina	0.0	2375		
2376	Pezizomycotina	0.0	2376		
2377	Pezizomycotina	0.0	2377		
2378	Pezizomycotina	0.0	2378		
2379	Pezizomycotina	0.0	2379		
2380	Pezizomycotina	0.0	2380		
2381	Pezizomycotina	0.0	2381		
2382	Pezizomycotina	0.0	2382		
2383	Pezizomycotina	0.0	2383		
2384	Pezizomycotina	0.0	2384		
2385	Pezizomycotina	0.0	2385		
2386	Pezizomycotina	0.0	2386		
2387	Pezizomycotina	0.0	2387		
2388	Pezizomycotina	0.0	2388		
2389	Pezizomycotina	0.0	2389		
2390	Pezizomycotina	0.0	2390		
2391	Pezizomycotina	0.0	2391		
2392	Pezizomycotina	0.0	2392		
2393	Pezizomycotina	0.0	2393		
2394	Pezizomycotina	0.0	2394		
2395	Pezizomycotina	0.0	2395		
2396	Pezizomycotina	0.0	2396		
2397	Pezizomycotina	0.0	2397		
2398	Pezizomycotina	0.0	2398		
2399	Pezizomycotina	0.0	2399		
2400	Pezizomycotina	0.0	2400		
2401	Pezizomycotina	0.0	2401		
2402	Pezizomycotina	0.0	2402		
2403	Pezizomycotina	0.0	2403		
2404	Pezizomycotina	0.0	2404		
2405	Pezizomycotina	0.0	2405		
2406	Pezizomycotina	0.0	2406		
2407	Pezizomycotina	0.0	2407		
2408	Pezizomycotina	0.0	2408		
2409	Pezizomycotina	0.0	2409		
2410	Pezizomycotina	0.0	2410		
2411	Pezizomycotina	0.0	2411		
2412	Pezizomycotina	0.0	2412		
2413	Pezizomycotina	0.0	2413		
2414	Pezizomycotina	0.0	2414		
2415	Pezizomycotina	0.0	2415		
2416	Pezizomycotina	0.0	2416		
2417	Pezizomycotina	0.0	2417		
2418	Pezizomycotina	0.0	2418		
2419	Pezizomycotina	0.0	2419		
2420	Pezizomycotina	0.0	2420		
2421	Pezizomycotina	0.0	2421		
2422	Pezizomycotina	0.0	2422		
2423	Pezizomycotina	0.0	2423		
2424	Pezizomycotina	0.0	2424		
2425	Pezizomycotina	0.0037608320293402026	2425		
2426	Pezizomycotina	0.0	2426		
2427	Pezizomycotina	0.0	2427		
2428	Pezizomycotina	0.0	2428		
2429	Pezizomycotina	0.0	2429		
2430	Pezizomycotina	0.0	2430		
2431	Pezizomycotina	0.0	2431		
2432	Pezizomycotina	0.0	2432		
2433	Pezizomycotina	0.0	2433		
2434	Pezizomycotina	0.0	2434		
2435	Pezizomycotina	0.0	2435		
2436	Pezizomycotina	0.0	2436		
2437	Pezizomycotina	0.0	2437		
2438	Pezizomycotina	0.0	2438		
2439	Pezizomycotina	0.0	2439		
2440	Pezizomycotina	0.0	2440		
2441	Pezizomycotina	0.0	2441		
2442	Pezizomycotina	0.0	2442		
2443	Pezizomycotina	0.0	2443		
2444	Pezizomycotina	0.0	2444		
2445	Pezizomycotina	0.0	2445		
2446	Pezizomycotina	0.0	2446		
2447	Pezizomycotina	0.0	2447		
2448	Pezizomycotina	0.0	2448		
2449	Pezizomycotina	0.0023291217130511233	2449		
2450	Pezizomycotina	0.0005037354097165819	2450		
2451	Pezizomycotina	0.0	2451		
2452	Pezizomycotina	0.0	2452		
2453	Pezizomycotina	0.0	2453		
2454	Pezizomycotina	0.00024527135534040963	2454		
2455	Pezizomycotina	0.0016241836899274571	2455		
2456	Pezizomycotina	0.00020417686590486743	2456		
2457	Pezizomycotina	0.0	2457		
2458	Pezizomycotina	0.0	2458		
2459	Pezizomycotina	0.0	2459		
2460	Pezizomycotina	0.0003770062597560842	2460		
2461	Pezizomycotina	0.0003034503452444793	2461		
2462	Pezizomycotina	0.0002349912583251903	2462		
2463	Pezizomycotina	0.002492768497826372	2463		
2464	Pezizomycotina	0.00024385394524951135	2464		
2465	Pezizomycotina	0.0001690991478429622	2465		
2466	Pezizomycotina	0.0	2466		
2467	Pezizomycotina	0.006518099393142959	2467		
2468	Pezizomycotina	0.00019697353897370803	2468		
2469	Pezizomycotina	0.0	2469		
2470	Pezizomycotina	0.0	2470		
2471	Pezizomycotina	0.014706326247387784	2471		
2472	Pezizomycotina	0.01191184556828536	2472		
2473	Pezizomycotina	0.0	2473		
2474	Pezizomycotina	0.0	2474		
2475	Pezizomycotina	0.0	2475		
2476	Pezizomycotina	0.0	2476		
2477	Pezizomycotina	0.0	2477		
2478	Pezizomycotina	0.0	2478		
2479	Pezizomycotina	0.0	2479		
2480	Pezizomycotina	0.0	2480		
2481	Pezizomycotina	0.0	2481		
2482	Pezizomycotina	0.0	2482		
2483	Pezizomycotina	0.0	2483		
2484	Pezizomycotina	0.0	2484		
2485	Pezizomycotina	0.0	2485		
2486	Pezizomycotina	0.0	2486		
2487	Pezizomycotina	0.0	2487		
2488	Pezizomycotina	0.0	2488		
2489	Pezizomycotina	0.0	2489		
2490	Pezizomycotina	0.0	2490		
2491	Pezizomycotina	0.0	2491		
2492	Pezizomycotina	0.0	2492		
2493	Pezizomycotina	0.0	2493		
2494	Pezizomycotina	0.0	2494		
2495	Pezizomycotina	0.0	2495		
2496	Pezizomycotina	0.0	2496		
2497	Pezizomycotina	0.0	2497		
2498	Pezizomycotina	0.0	2498		
2499	Pezizomycotina	0.0	2499		
2500	Pezizomycotina	0.0	2500		
2501	Pezizomycotina	0.0	2501		
2502	Pezizomycotina	0.0	2502		
2503	Pezizomycotina	0.0	2503		
2504	Pezizomycotina	0.0	2504		
2505	Pezizomycotina	0.0	2505		
2506	Pezizomycotina	0.0	2506		
2507	Pezizomycotina	0.0	2507		
2508	Pezizomycotina	0.0	2508		
2509	Pezizomycotina	0.0	2509		
2510	Pezizomycotina	0.0	2510		
2511	Pezizomycotina	0.1128556966546961	2511		
2512	Pezizomycotina	0.0	2512		
2513	Pezizomycotina	0.0	2513		
2514	Pezizomycotina	0.009028475865236342	2514		
2515	Pezizomycotina	0.0	2515		
2516	Pezizomycotina	0.021752474220104845	2516		
2517	Pezizomycotina	0.0	2517		
2518	Pezizomycotina	0.02244077842387594	2518		
2519	Pezizomycotina	0.0	2519		
2520	Pezizomycotina	0.0	2520		
2521	Pezizomycotina	0.0	2521		
2522	Pezizomycotina	0.00012192741812798044	2522		
2523	Pezizomycotina	0.0	2523		
2524	Pezizomycotina	0.0	2524		
2525	Pezizomycotina	0.0	2525		
2526	Pezizomycotina	0.0	2526		
2527	Pezizomycotina	0.0	2527		
2528	Pezizomycotina	0.0	2528		
2529	Pezizomycotina	0.0	2529		
2530	Pezizomycotina	0.0	2530		
2531	Pezizomycotina	0.0	2531		
2532	Pezizomycotina	0.0	2532		
2533	Pezizomycotina	0.0	2533		
2534	Pezizomycotina	0.0	2534		
2535	Pezizomycotina	0.0	2535		
2536	Pezizomycotina	0.0	2536		
2537	Pezizomycotina	0.00031484471812491364	2537		
2538	Pezizomycotina	9.544461921414719e-05	2538		
2539	Pezizomycotina	4.2830351039725745e-05	2539		
2540	Pezizomycotina	0.0	2540		
2541	Pezizomycotina	0.0	2541		
2542	Pezizomycotina	0.0	2542		
2543	Pezizomycotina	0.0	2543		
2544	Pezizomycotina	0.0	2544		
2545	Pezizomycotina	0.0	2545		
2546	Pezizomycotina	0.0	2546		
2547	Pezizomycotina	0.0	2547		
2548	Pezizomycotina	0.0	2548		
2549	Pezizomycotina	0.0	2549		
2550	Pezizomycotina	0.0	2550		
2551	Pezizomycotina	0.0	2551		
2552	Pezizomycotina	0.0	2552		
2553	Pezizomycotina	0.0	2553		
2554	Pezizomycotina	0.0	2554		
2555	Pezizomycotina	0.0	2555		
2556	Pezizomycotina	0.00042374734861784453	2556		
2557	Pezizomycotina	0.0	2557		
2558	Pezizomycotina	0.0	2558		
2559	Pezizomycotina	0.020867530338163753	2559		
2560	Pezizomycotina	0.0727594648946402	2560		
2561	Pezizomycotina	0.2872570404687912	2561		
2562	Pezizomycotina	0.007186069747162351	2562		
2563	Pezizomycotina	0.0	2563		
2564	Pezizomycotina	0.0	2564		
2565	Pezizomycotina	0.0	2565		
2566	Pezizomycotina	0.0	2566		
2567	Pezizomycotina	0.0	2567		
2568	Pezizomycotina	0.0	2568		
2569	Pezizomycotina	0.0	2569		
2570	Pezizomycotina	0.0	2570		
2571	Pezizomycotina	0.0	2571		
2572	Pezizomycotina	0.0	2572		
2573	Pezizomycotina	0.014528091463750403	2573		
2574	Pezizomycotina	0.01534899098878192	2574		
2575	Pezizomycotina	0.0	2575		
2576	Pezizomycotina	0.0008791741333987757	2576		
2577	Pezizomycotina	0.0	2577		
2578	Pezizomycotina	0.8900845520249997	2578		
2579	Pezizomycotina	0.0	2579		
2580	Pezizomycotina	0.0013639766773295267	2580		
2581	Pezizomycotina	0.016628906313064726	2581		
2582	Pezizomycotina	0.0	2582		
2583	Pezizomycotina	0.0	2583		
2584	Pezizomycotina	0.0	2584		
2585	Pezizomycotina	0.0003766388272782165	2585		
2586	Pezizomycotina	0.0003870994772790823	2586		
2587	Pezizomycotina	0.0	2587		
2588	Pezizomycotina	0.0038293820633676966	2588		
2589	Pezizomycotina	0.0	2589		
2590	Pezizomycotina	0.0	2590		
2591	Pezizomycotina	0.006166670632371253	2591		
2592	Pezizomycotina	0.0	2592		
2593	Pezizomycotina	0.0	2593		
2594	Pezizomycotina	0.0	2594		
2595	Pezizomycotina	0.0	2595		
2596	Pezizomycotina	0.0	2596		
2597	Pezizomycotina	0.0	2597		
2598	Pezizomycotina	0.0	2598		
2599	Pezizomycotina	0.0	2599		
2600	Pezizomycotina	0.0	2600		
2601	Pezizomycotina	0.0	2601		
2602	Pezizomycotina	0.0	2602		
2603	Pezizomycotina	0.0	2603		
2604	Pezizomycotina	0.0	2604		
2605	Pezizomycotina	0.0	2605		
2606	Pezizomycotina	0.0	2606		
2607	Pezizomycotina	0.0	2607		
2608	Pezizomycotina	0.0	2608		
2609	Pezizomycotina	0.0	2609		
2610	Pezizomycotina	0.0	2610		
2611	Pezizomycotina	0.0	2611		
2612	Pezizomycotina	0.0	2612		
2613	Pezizomycotina	0.0	2613		
2614	Pezizomycotina	0.0	2614		
2615	Pezizomycotina	0.0	2615		
2616	Pezizomycotina	0.0	2616		
2617	Pezizomycotina	0.0	2617		
2618	Pezizomycotina	0.0	2618		
2619	Pezizomycotina	0.0	2619		
2620	Pezizomycotina	0.0	2620		
2621	Pezizomycotina	0.0	2621		
2622	Pezizomycotina	0.0	2622		
2623	Pezizomycotina	0.0	2623		
2624	Pezizomycotina	0.0	2624		
2625	Pezizomycotina	0.0	2625		
2626	Pezizomycotina	0.0	2626		
2627	Pezizomycotina	0.0	2627		
2628	Pezizomycotina	0.0	2628		
2629	Pezizomycotina	0.0	2629		
2630	Pezizomycotina	0.0	2630		
2631	Pezizomycotina	0.0	2631		
2632	Pezizomycotina	0.0	2632		
2633	Pezizomycotina	0.0	2633		
2634	Pezizomycotina	0.0	2634		
2635	Pezizomycotina	0.0	2635		
2636	Pezizomycotina	0.0	2636		
2637	Pezizomycotina	0.0	2637		
2638	Pezizomycotina	0.0	2638		
2639	Pezizomycotina	0.0	2639		
2640	Pezizomycotina	0.0	2640		
2641	Pezizomycotina	0.0	2641		
2642	Pezizomycotina	0.0	2642		
2643	Pezizomycotina	0.0	2643		
2644	Pezizomycotina	0.0	2644		
2645	Pezizomycotina	0.0	2645		
2646	Pezizomycotina	0.0	2646		
2647	Pezizomycotina	0.0	2647		
2648	Pezizomycotina	0.0	2648		
2649	Pezizomycotina	0.0	2649		
2650	Pezizomycotina	0.0	2650		
2651	Pezizomycotina	0.0	2651		
2652	Pezizomycotina	0.0	2652		
2653	Pezizomycotina	0.0	2653		
2654	Pezizomycotina	0.0	2654		
2655	Pezizomycotina	0.0	2655		
2656	Pezizomycotina	0.0	2656		
2657	Pezizomycotina	0.0	2657		
2658	Pezizomycotina	0.0	2658		
2659	Pezizomycotina	0.0	2659		
2660	Pezizomycotina	0.0	2660		
2661	Pezizomycotina	0.0	2661		
2662	Pezizomycotina	0.0	2662		
2663	Pezizomycotina	0.0	2663		
2664	Pezizomycotina	0.0	2664		
2665	Pezizomycotina	0.0	2665		
2666	Pezizomycotina	0.0	2666		
2667	Pezizomycotina	0.0	2667		
2668	Pezizomycotina	0.0	2668		
2669	Pezizomycotina	0.0	2669		
2670	Pezizomycotina	0.0	2670		
2671	Pezizomycotina	0.0	2671		
2672	Pezizomycotina	0.0	2672		
2673	Pezizomycotina	0.0	2673		
2674	Pezizomycotina	0.0	2674		
2675	Pezizomycotina	0.0	2675		
2676	Pezizomycotina	0.0	2676		
2677	Pezizomycotina	0.0	2677		
2678	Pezizomycotina	0.0	2678		
2679	Pezizomycotina	0.0	2679		
2680	Pezizomycotina	0.0	2680		
2681	Pezizomycotina	0.0	2681		
2682	Pezizomycotina	0.0	2682		
2683	Pezizomycotina	0.03141296450491036	2683		
2684	Pezizomycotina	0.0	2684		
2685	Pezizomycotina	0.02602855336455376	2685		
2686	Pezizomycotina	0.0	2686		
2687	Pezizomycotina	0.0	2687		
2688	Pezizomycotina	0.0	2688		
2689	Pezizomycotina	0.0	2689		
2690	Pezizomycotina	0.0	2690		
2691	Pezizomycotina	0.0	2691		
2692	Pezizomycotina	0.0	2692		
2693	Pezizomycotina	0.0	2693		
2694	Pezizomycotina	0.0	2694		
2695	Pezizomycotina	0.0	2695		
2696	Pezizomycotina	0.0	2696		
2697	Pezizomycotina	0.0	2697		
2698	Pezizomycotina	0.0	2698		
2699	Pezizomycotina	0.0	2699		
2700	Pezizomycotina	0.0	2700		
2701	Pezizomycotina	0.0	2701		
2702	Pezizomycotina	0.0	2702		
2703	Pezizomycotina	0.0	2703		
2704	Pezizomycotina	0.0	2704		
2705	Pezizomycotina	0.0	2705		
2706	Pezizomycotina	0.0	2706		
2707	Pezizomycotina	0.0	2707		
2708	Pezizomycotina	0.0	2708		
2709	Pezizomycotina	0.0	2709		
2710	Pezizomycotina	0.0	2710		
2711	Pezizomycotina	0.0	2711		
2712	Pezizomycotina	0.0	2712		
2713	Pezizomycotina	0.0	2713		
2714	Pezizomycotina	0.015334141644675843	2714		
2715	Pezizomycotina	0.0	2715		
2716	Pezizomycotina	0.0	2716		
2717	Pezizomycotina	0.0	2717		
2718	Pezizomycotina	0.0	2718		
2719	Pezizomycotina	0.0	2719		
2720	Pezizomycotina	0.0	2720		
2721	Pezizomycotina	0.0	2721		
2722	Pezizomycotina	0.0	2722		
2723	Pezizomycotina	0.0	2723		
2724	Pezizomycotina	0.0	2724		
2725	Pezizomycotina	0.0	2725		
2726	Pezizomycotina	0.02992540245038656	2726		
2727	Pezizomycotina	0.023310052289109293	2727		
2728	Pezizomycotina	0.0	2728		
2729	Pezizomycotina	0.0	2729		
2730	Pezizomycotina	0.0	2730		
2731	Pezizomycotina	0.0	2731		
2732	Pezizomycotina	0.0	2732		
2733	Pezizomycotina	0.1126078379045714	2733		
2734	Pezizomycotina	0.3803527513564857	2734		
2735	Pezizomycotina	0.0	2735		
2736	Pezizomycotina	0.0	2736		
2737	Pezizomycotina	0.0	2737		
2738	Pezizomycotina	0.0	2738		
2739	Pezizomycotina	0.0	2739		
2740	Pezizomycotina	0.0	2740		
2741	Pezizomycotina	0.0	2741		
2742	Pezizomycotina	0.0	2742		
2743	Pezizomycotina	0.0	2743		
2744	Pezizomycotina	0.0	2744		
2745	Pezizomycotina	0.0	2745		
2746	Pezizomycotina	0.0	2746		
2747	Pezizomycotina	0.0	2747		
2748	Pezizomycotina	0.0	2748		
2749	Pezizomycotina	0.14257539327078717	2749		
2750	Pezizomycotina	0.03538282972032724	2750		
2751	Pezizomycotina	0.04301385709450661	2751		
2752	Pezizomycotina	0.012528766014415927	2752		
2753	Pezizomycotina	0.0	2753		
2754	Pezizomycotina	0.0	2754		
2755	Pezizomycotina	0.0	2755		
2756	Pezizomycotina	0.0	2756		
2757	Pezizomycotina	0.0	2757		
2758	Pezizomycotina	0.0	2758		
2759	Pezizomycotina	0.0	2759		
2760	Pezizomycotina	0.0	2760		
2761	Pezizomycotina	0.0	2761		
2762	Pezizomycotina	0.0	2762		
2763	Pezizomycotina	0.0	2763		
2764	Pezizomycotina	0.0	2764		
2765	Pezizomycotina	0.0	2765		
2766	Pezizomycotina	0.0	2766		
2767	Pezizomycotina	0.0	2767		
2768	Pezizomycotina	0.0	2768		
2769	Pezizomycotina	0.0	2769		
2770	Pezizomycotina	0.014773986241058757	2770		
2771	Pezizomycotina	0.0	2771		
2772	Pezizomycotina	0.0	2772		
2773	Pezizomycotina	0.0	2773		
2774	Pezizomycotina	0.0	2774		
2775	Pezizomycotina	0.0	2775		
2776	Pezizomycotina	0.0	2776		
2777	Pezizomycotina	0.0	2777		
2778	Pezizomycotina	0.0	2778		
2779	Pezizomycotina	0.0	2779		
2780	Pezizomycotina	0.0	2780		
2781	Pezizomycotina	0.04009507452650771	2781		
2782	Pezizomycotina	0.0	2782		
2783	Pezizomycotina	0.0	2783		
2784	Pezizomycotina	0.0	2784		
2785	Pezizomycotina	0.0	2785		
2786	Pezizomycotina	0.0	2786		
2787	Pezizomycotina	0.0	2787		
2788	Pezizomycotina	0.0	2788		
2789	Pezizomycotina	0.0	2789		
2790	Pezizomycotina	0.0	2790		
2791	Pezizomycotina	0.0	2791		
2792	Pezizomycotina	0.0	2792		
2793	Pezizomycotina	0.0	2793		
2794	Pezizomycotina	0.0	2794		
2795	Pezizomycotina	0.0	2795		
2796	Pezizomycotina	0.0	2796		
2797	Pezizomycotina	0.0	2797		
2798	Pezizomycotina	0.0	2798		
2799	Pezizomycotina	0.0	2799		
2800	Pezizomycotina	0.0	2800		
2801	Pezizomycotina	0.0	2801		
2802	Pezizomycotina	0.0	2802		
2803	Pezizomycotina	0.0	2803		
2804	Pezizomycotina	0.0	2804		
2805	Pezizomycotina	0.0	2805		
2806	Pezizomycotina	0.0	2806		
2807	Pezizomycotina	0.011373566571534627	2807		
2808	Pezizomycotina	0.7085852114484792	2808		
2809	Pezizomycotina	0.12601916027187793	2809		
2810	Pezizomycotina	0.08208945266913431	2810		
2811	Pezizomycotina	0.10038264047222127	2811		
2812	Pezizomycotina	0.010621001770481912	2812		
2813	Pezizomycotina	0.01067730034557549	2813		
2814	Pezizomycotina	0.01596136172964846	2814		
2815	Pezizomycotina	0.02298698522910466	2815		
2816	Pezizomycotina	0.00975020310327231	2816		
2817	Pezizomycotina	0.00956588130607315	2817		
2818	Pezizomycotina	0.009146243601013395	2818		
2819	Pezizomycotina	0.1349769519561979	2819		
2820	Pezizomycotina	0.03394350769850918	2820		
2821	Pezizomycotina	0.0	2821		
2822	Pezizomycotina	0.0	2822		
2823	Pezizomycotina	0.0	2823		
2824	Pezizomycotina	0.0	2824		
2825	Pezizomycotina	0.0	2825		
2826	Pezizomycotina	0.0	2826		
2827	Pezizomycotina	0.0	2827		
2828	Pezizomycotina	0.0	2828		
2829	Pezizomycotina	0.0	2829		
2830	Pezizomycotina	0.0	2830		
2831	Pezizomycotina	0.0	2831		
2832	Pezizomycotina	0.0	2832		
2833	Pezizomycotina	0.0	2833		
2834	Pezizomycotina	0.0	2834		
2835	Pezizomycotina	0.0	2835		
2836	Pezizomycotina	0.0	2836		
2837	Pezizomycotina	0.0	2837		
2838	Pezizomycotina	0.0015965755795462914	2838		
2839	Pezizomycotina	0.0	2839		
2840	Pezizomycotina	0.0	2840		
2841	Pezizomycotina	0.0	2841		
2842	Pezizomycotina	0.0	2842		
2843	Pezizomycotina	0.0	2843		
2844	Pezizomycotina	0.0	2844		
2845	Pezizomycotina	0.0	2845		
2846	Pezizomycotina	0.0	2846		
2847	Pezizomycotina	0.0	2847		
2848	Pezizomycotina	0.0	2848		
2849	Pezizomycotina	0.0017105128117409598	2849		
2850	Pezizomycotina	0.0	2850		
2851	Pezizomycotina	0.0	2851		
2852	Pezizomycotina	0.0036528361694383098	2852		
2853	Pezizomycotina	0.0	2853		
2854	Pezizomycotina	0.0	2854		
2855	Pezizomycotina	0.0	2855		
2856	Pezizomycotina	0.0	2856		
2857	Pezizomycotina	0.0010960716316169964	2857		
2858	Pezizomycotina	0.0	2858		
2859	Pezizomycotina	0.0	2859		
2860	Pezizomycotina	0.0	2860		
2861	Pezizomycotina	0.0	2861		
2862	Pezizomycotina	0.0	2862		
2863	Pezizomycotina	0.0	2863		
2864	Pezizomycotina	0.00328122205834341	2864		
2865	Pezizomycotina	0.0026438834692747433	2865		
2866	Pezizomycotina	0.0014145896247206892	2866		
2867	Pezizomycotina	0.0	2867		
2868	Pezizomycotina	0.0015752881826769363	2868		
2869	Pezizomycotina	0.0	2869		
2870	Pezizomycotina	0.0024962530731931967	2870		
2871	Pezizomycotina	0.001547360975855678	2871		
2872	Pezizomycotina	0.0	2872		
2873	Pezizomycotina	0.0027387568910450842	2873		
2874	Pezizomycotina	0.002152170918718722	2874		
2875	Pezizomycotina	0.0012098774394153872	2875		
2876	Pezizomycotina	0.004350151633856952	2876		
2877	Pezizomycotina	0.0	2877		
2878	Pezizomycotina	0.0010320223963962785	2878		
2879	Pezizomycotina	0.00544542299592047	2879		
2880	Pezizomycotina	0.0	2880		
2881	Pezizomycotina	0.00491523516184675	2881		
2882	Pezizomycotina	0.004583543022631477	2882		
2883	Pezizomycotina	0.004145037508179835	2883		
2884	Pezizomycotina	0.010153686612905386	2884		
2885	Pezizomycotina	0.0	2885		
2886	Pezizomycotina	0.0	2886		
2887	Pezizomycotina	0.0	2887		
2888	Pezizomycotina	0.0	2888		
2889	Pezizomycotina	0.0	2889		
2890	Pezizomycotina	0.0	2890		
2891	Pezizomycotina	0.004772599424912375	2891		
2892	Pezizomycotina	0.0	2892		
2893	Pezizomycotina	0.0	2893		
2894	Pezizomycotina	0.0	2894		
2895	Pezizomycotina	0.0	2895		
2896	Pezizomycotina	0.0	2896		
2897	Pezizomycotina	0.0	2897		
2898	Pezizomycotina	0.0	2898		
2899	Pezizomycotina	0.0	2899		
2900	Pezizomycotina	0.0	2900		
2901	Pezizomycotina	0.0	2901		
2902	Pezizomycotina	0.002964308138438363	2902		
2903	Pezizomycotina	0.0	2903		
2904	Pezizomycotina	0.0	2904		
2905	Pezizomycotina	0.0	2905		
2906	Pezizomycotina	0.0	2906		
2907	Pezizomycotina	0.0017170786653834364	2907		
2908	Pezizomycotina	0.002198160383998636	2908		
2909	Pezizomycotina	0.0026820021416648293	2909		
2910	Pezizomycotina	0.0027874933673473425	2910		
2911	Pezizomycotina	0.006488992458030343	2911		
2912	Pezizomycotina	0.0	2912		
2913	Pezizomycotina	0.0	2913		
2914	Pezizomycotina	0.0	2914		
2915	Pezizomycotina	0.0	2915		
2916	Pezizomycotina	0.0	2916		
2917	Pezizomycotina	0.0	2917		
2918	Pezizomycotina	0.003305936329477766	2918		
2919	Pezizomycotina	0.016161586011253806	2919		
2920	Pezizomycotina	0.007336081918692203	2920		
2921	Pezizomycotina	0.002349638717055674	2921		
2922	Pezizomycotina	0.025585183876430488	2922		
2923	Pezizomycotina	0.003779324833359048	2923		
2924	Pezizomycotina	0.0	2924		
2925	Pezizomycotina	0.019336528983969523	2925		
2926	Pezizomycotina	0.016182915060460164	2926		
2927	Pezizomycotina	0.005329884038296817	2927		
2928	Pezizomycotina	0.022509789722281768	2928		
2929	Pezizomycotina	0.0039146052355496265	2929		
2930	Pezizomycotina	0.0034492330383965337	2930		
2931	Pezizomycotina	0.014553386713161531	2931		
2932	Pezizomycotina	0.0032839582974473116	2932		
2933	Pezizomycotina	0.004566563439102767	2933		
2934	Pezizomycotina	0.0	2934		
2935	Pezizomycotina	0.0	2935		
2936	Pezizomycotina	0.0	2936		
2937	Pezizomycotina	0.0010056771545242206	2937		
2938	Pezizomycotina	0.0010325858816428988	2938		
2939	Pezizomycotina	0.0	2939		
2940	Pezizomycotina	0.0014231710395831306	2940		
2941	Pezizomycotina	0.0	2941		
2942	Pezizomycotina	0.0	2942		
2943	Pezizomycotina	0.0	2943		
2944	Pezizomycotina	0.0	2944		
2945	Pezizomycotina	0.0	2945		
2946	Pezizomycotina	0.0014654173234992759	2946		
2947	Pezizomycotina	0.0013293016396544754	2947		
2948	Pezizomycotina	0.0013257707581372732	2948		
2949	Pezizomycotina	0.0010921988261736826	2949		
2950	Pezizomycotina	0.0010838719467230486	2950		
2951	Pezizomycotina	0.0	2951		
2952	Pezizomycotina	0.0	2952		
2953	Pezizomycotina	0.0	2953		
2954	Pezizomycotina	0.0	2954		
2955	Pezizomycotina	0.0	2955		
2956	Pezizomycotina	0.0	2956		
2957	Pezizomycotina	0.001310651418329624	2957		
2958	Pezizomycotina	0.0010197630070771554	2958		
2959	Pezizomycotina	0.0009826805685998852	2959		
2960	Pezizomycotina	0.001304916462194676	2960		
2961	Pezizomycotina	0.0	2961		
2962	Pezizomycotina	0.055940575676748344	2962		
2963	Pezizomycotina	0.037739690550361256	2963		
2964	Pezizomycotina	0.05585566032993831	2964		
2965	Pezizomycotina	0.165959800848239	2965		
2966	Pezizomycotina	0.0008411058523304099	2966		
2967	Pezizomycotina	0.0013127817352677172	2967		
2968	Pezizomycotina	0.0	2968		
2969	Pezizomycotina	0.0016941973739940702	2969		
2970	Pezizomycotina	0.00307146824304909	2970		
2971	Pezizomycotina	0.014791139716010118	2971		
2972	Pezizomycotina	0.006282493482882532	2972		
2973	Pezizomycotina	0.016713110127724577	2973		
2974	Pezizomycotina	0.011459917212223848	2974		
2975	Pezizomycotina	0.010429923859158145	2975		
2976	Pezizomycotina	0.011358740755673486	2976		
2977	Pezizomycotina	0.0	2977		
2978	Pezizomycotina	0.0	2978		
2979	Pezizomycotina	0.0	2979		
2980	Pezizomycotina	0.0	2980		
2981	Pezizomycotina	0.0	2981		
2982	Pezizomycotina	0.0	2982		
2983	Pezizomycotina	0.011847194787234294	2983		
2984	Pezizomycotina	0.003924692084819522	2984		
2985	Pezizomycotina	0.0	2985		
2986	Pezizomycotina	0.0	2986		
2987	Pezizomycotina	0.0037541855559154657	2987		
2988	Pezizomycotina	0.004303583698024952	2988		
2989	Pezizomycotina	0.01053899843617831	2989		
2990	Pezizomycotina	0.002066750654620805	2990		
2991	Pezizomycotina	0.0017890224739107905	2991		
2992	Pezizomycotina	0.0	2992		
2993	Pezizomycotina	0.0	2993		
2994	Pezizomycotina	0.0	2994		
2995	Pezizomycotina	0.0	2995		
2996	Pezizomycotina	0.0	2996		
2997	Pezizomycotina	0.0	2997		
2998	Pezizomycotina	0.0	2998		
2999	Pezizomycotina	0.0	2999		
3000	Pezizomycotina	0.0	3000		
3001	Pezizomycotina	0.0	3001		
3002	Pezizomycotina	0.0	3002		
3003	Pezizomycotina	0.0	3003		
3004	Pezizomycotina	0.005212019000563576	3004		
3005	Pezizomycotina	0.0	3005		
3006	Pezizomycotina	0.0	3006		
3007	Pezizomycotina	0.0	3007		
3008	Pezizomycotina	0.0	3008		
3009	Pezizomycotina	0.0	3009		
3010	Pezizomycotina	0.0	3010		
3011	Pezizomycotina	0.0	3011		
3012	Pezizomycotina	0.0	3012		
3013	Pezizomycotina	0.0	3013		
3014	Pezizomycotina	0.0009158416459839095	3014		
3015	Pezizomycotina	0.0	3015		
3016	Pezizomycotina	0.0	3016		
3017	Pezizomycotina	0.0040022494275353945	3017		
3018	Pezizomycotina	0.0	3018		
3019	Pezizomycotina	0.0	3019		
3020	Pezizomycotina	0.0	3020		
3021	Pezizomycotina	0.01061974694424013	3021		
3022	Pezizomycotina	0.0059852870761328515	3022		
3023	Pezizomycotina	0.0	3023		
3024	Pezizomycotina	0.006673313219733138	3024		
3025	Pezizomycotina	0.0010346906957715502	3025		
3026	Pezizomycotina	0.0	3026		
3027	Pezizomycotina	0.003383966765465226	3027		
3028	Pezizomycotina	0.0012235812340287353	3028		
3029	Pezizomycotina	0.0039275617958209	3029		
3030	Pezizomycotina	0.005107554088212017	3030		
3031	Pezizomycotina	0.0	3031		
3032	Pezizomycotina	0.0	3032		
3033	Pezizomycotina	0.0	3033		
3034	Pezizomycotina	0.0	3034		
3035	Pezizomycotina	0.0	3035		
3036	Pezizomycotina	0.000820004320791998	3036		
3037	Pezizomycotina	0.0	3037		
3038	Pezizomycotina	0.004453244487987279	3038		
3039	Pezizomycotina	0.0013977508683258471	3039		
3040	Pezizomycotina	0.000897845212301622	3040		
3041	Pezizomycotina	0.004302895131274159	3041		
3042	Pezizomycotina	0.0	3042		
3043	Pezizomycotina	0.0	3043		
3044	Pezizomycotina	0.0	3044		
3045	Pezizomycotina	0.0	3045		
3046	Pezizomycotina	0.0	3046		
3047	Pezizomycotina	0.0	3047		
3048	Pezizomycotina	0.0	3048		
3049	Pezizomycotina	0.0	3049		
3050	Pezizomycotina	0.0	3050		
3051	Pezizomycotina	0.0	3051		
3052	Pezizomycotina	0.0	3052		
3053	Pezizomycotina	0.0	3053		
3054	Pezizomycotina	0.0	3054		
3055	Pezizomycotina	0.0	3055		
3056	Pezizomycotina	0.0	3056		
3057	Pezizomycotina	0.0	3057		
3058	Pezizomycotina	0.0	3058		
3059	Pezizomycotina	0.0	3059		
3060	Pezizomycotina	0.0	3060		
3061	Pezizomycotina	0.0	3061		
3062	Pezizomycotina	0.0	3062		
3063	Pezizomycotina	0.0	3063		
3064	Pezizomycotina	0.0013345233223168824	3064		
3065	Pezizomycotina	0.002970425580538538	3065		
3066	Pezizomycotina	0.0	3066		
3067	Pezizomycotina	0.0023430258128225015	3067		
3068	Pezizomycotina	0.003003378009898502	3068		
3069	Pezizomycotina	0.055570066643539015	3069		
3070	Pezizomycotina	0.0016702867812808176	3070		
3071	Pezizomycotina	0.007971091508130513	3071		
3072	Pezizomycotina	0.006881383132042057	3072		
3073	Pezizomycotina	0.02230253718603004	3073		
3074	Pezizomycotina	0.0	3074		
3075	Pezizomycotina	0.006468710413435168	3075		
3076	Pezizomycotina	0.001717095762207659	3076		
3077	Pezizomycotina	0.006524720252619169	3077		
3078	Pezizomycotina	0.0	3078		
3079	Pezizomycotina	0.004032412394132088	3079		
3080	Pezizomycotina	0.0	3080		
3081	Pezizomycotina	0.0	3081		
3082	Pezizomycotina	0.0	3082		
3083	Pezizomycotina	0.0	3083		
3084	Pezizomycotina	0.0	3084		
3085	Pezizomycotina	0.0021448853558777283	3085		
3086	Pezizomycotina	0.011773654900110786	3086		
3087	Pezizomycotina	0.023480746766016317	3087		
3088	Pezizomycotina	0.0053604612379091815	3088		
3089	Pezizomycotina	0.005576822980100357	3089		
3090	Pezizomycotina	0.032029537726603226	3090		
3091	Pezizomycotina	0.007822651563874052	3091		
3092	Pezizomycotina	0.020458273959786232	3092		
3093	Pezizomycotina	0.003925636967679217	3093		
3094	Pezizomycotina	0.01199508583489872	3094		
3095	Pezizomycotina	0.02669924358545871	3095		
3096	Pezizomycotina	0.0	3096		
3097	Pezizomycotina	0.0	3097		
3098	Pezizomycotina	0.002414891105660357	3098		
3099	Pezizomycotina	0.0023699408420160156	3099		
3100	Pezizomycotina	0.0065188195169094305	3100		
3101	Pezizomycotina	0.025879931969485674	3101		
3102	Pezizomycotina	0.0	3102		
3103	Pezizomycotina	0.05250208244003161	3103		
3104	Pezizomycotina	0.025479188764785547	3104		
3105	Pezizomycotina	0.01956628780992538	3105		
3106	Pezizomycotina	0.040135162830474636	3106		
3107	Pezizomycotina	0.00144253286673022	3107		
3108	Pezizomycotina	0.0025115545619707746	3108		
3109	Pezizomycotina	0.006694074983771391	3109		
3110	Pezizomycotina	0.0	3110		
3111	Pezizomycotina	0.00291383043280517	3111		
3112	Pezizomycotina	0.0	3112		
3113	Pezizomycotina	0.001348151876370621	3113		
3114	Pezizomycotina	0.00559897520692503	3114		
3115	Pezizomycotina	0.0022275260145004435	3115		
3116	Pezizomycotina	0.0016688640042722919	3116		
3117	Pezizomycotina	0.0035545758418052886	3117		
3118	Pezizomycotina	0.0	3118		
3119	Pezizomycotina	0.0	3119		
3120	Pezizomycotina	0.0	3120		
3121	Pezizomycotina	0.0	3121		
3122	Pezizomycotina	0.0	3122		
3123	Pezizomycotina	0.0027429198381677296	3123		
3124	Pezizomycotina	0.0014805925487231836	3124		
3125	Pezizomycotina	0.007084754657570191	3125		
3126	Pezizomycotina	0.0016688186480471009	3126		
3127	Pezizomycotina	0.0029096435146332205	3127		
3128	Pezizomycotina	0.006413757034509726	3128		
3129	Pezizomycotina	0.0	3129		
3130	Pezizomycotina	0.0	3130		
3131	Pezizomycotina	0.0	3131		
3132	Pezizomycotina	0.0	3132		
3133	Pezizomycotina	0.0	3133		
3134	Pezizomycotina	0.003620093588038521	3134		
3135	Pezizomycotina	0.0	3135		
3136	Pezizomycotina	0.011962518038629112	3136		
3137	Pezizomycotina	0.002945150172511592	3137		
3138	Pezizomycotina	0.0038776629475380056	3138		
3139	Pezizomycotina	0.014245051308203069	3139		
3140	Pezizomycotina	0.0	3140		
3141	Pezizomycotina	0.0	3141		
3142	Pezizomycotina	0.0	3142		
3143	Pezizomycotina	0.0	3143		
3144	Pezizomycotina	0.0	3144		
3145	Pezizomycotina	0.0	3145		
3146	Pezizomycotina	0.0	3146		
3147	Pezizomycotina	0.0	3147		
3148	Pezizomycotina	0.0032847397604300406	3148		
3149	Pezizomycotina	0.0	3149		
3150	Pezizomycotina	0.0010653920229533275	3150		
3151	Pezizomycotina	0.0017083900254428084	3151		
3152	Pezizomycotina	0.00785789363895409	3152		
3153	Pezizomycotina	0.0	3153		
3154	Pezizomycotina	0.0017056123301006463	3154		
3155	Pezizomycotina	0.0	3155		
3156	Pezizomycotina	0.0	3156		
3157	Pezizomycotina	0.0	3157		
3158	Pezizomycotina	0.007539817263796055	3158		
3159	Pezizomycotina	0.004055373814729044	3159		
3160	Pezizomycotina	0.0018607623867109204	3160		
3161	Pezizomycotina	0.007365471992305615	3161		
3162	Pezizomycotina	0.0	3162		
3163	Pezizomycotina	0.0010607197665507325	3163		
3164	Pezizomycotina	0.0	3164		
3165	Pezizomycotina	0.0	3165		
3166	Pezizomycotina	0.0	3166		
3167	Pezizomycotina	0.0	3167		
3168	Pezizomycotina	0.0	3168		
3169	Pezizomycotina	0.0	3169		
3170	Pezizomycotina	0.0	3170		
3171	Pezizomycotina	0.0	3171		
3172	Pezizomycotina	0.0	3172		
3173	Pezizomycotina	0.0	3173		
3174	Pezizomycotina	0.0	3174		
3175	Pezizomycotina	0.0	3175		
3176	Pezizomycotina	0.0	3176		
3177	Pezizomycotina	0.0	3177		
3178	Pezizomycotina	0.0	3178		
3179	Pezizomycotina	0.0	3179		
3180	Pezizomycotina	0.0	3180		
3181	Pezizomycotina	0.0	3181		
3182	Pezizomycotina	0.0	3182		
3183	Pezizomycotina	0.0	3183		
3184	Pezizomycotina	0.0	3184		
3185	Pezizomycotina	0.0	3185		
3186	Pezizomycotina	0.0	3186		
3187	Pezizomycotina	0.0	3187		
3188	Pezizomycotina	0.0	3188		
3189	Pezizomycotina	0.0	3189		
3190	Pezizomycotina	0.0	3190		
3191	Pezizomycotina	0.0	3191		
3192	Pezizomycotina	0.0	3192		
3193	Pezizomycotina	0.0	3193		
3194	Pezizomycotina	0.0	3194		
3195	Pezizomycotina	0.0	3195		
3196	Pezizomycotina	0.0	3196		
3197	Pezizomycotina	0.00011602895368659686	3197		
3198	Pezizomycotina	0.0	3198		
3199	Pezizomycotina	0.0	3199		
3200	Pezizomycotina	0.0	3200		
3201	Pezizomycotina	0.0	3201		
3202	Pezizomycotina	0.0	3202		
3203	Pezizomycotina	0.0	3203		
3204	Pezizomycotina	0.0	3204		
3205	Pezizomycotina	0.0	3205		
3206	Pezizomycotina	0.0	3206		
3207	Pezizomycotina	0.0	3207		
3208	Pezizomycotina	0.0	3208		
3209	Pezizomycotina	0.0	3209		
3210	Pezizomycotina	0.0	3210		
3211	Pezizomycotina	0.0	3211		
3212	Pezizomycotina	0.0	3212		
3213	Pezizomycotina	0.0	3213		
3214	Pezizomycotina	0.0	3214		
3215	Pezizomycotina	0.0001723151752573926	3215		
3216	Pezizomycotina	0.0	3216		
3217	Pezizomycotina	0.0	3217		
3218	Pezizomycotina	0.0	3218		
3219	Pezizomycotina	0.0	3219		
3220	Pezizomycotina	0.0	3220		
3221	Pezizomycotina	0.0	3221		
3222	Pezizomycotina	0.0	3222		
3223	Pezizomycotina	0.0	3223		
3224	Pezizomycotina	0.0	3224		
3225	Pezizomycotina	0.0	3225		
3226	Pezizomycotina	0.0	3226		
3227	Pezizomycotina	0.0	3227		
3228	Pezizomycotina	0.0	3228		
3229	Pezizomycotina	0.001399767045827879	3229		
3230	Pezizomycotina	0.0	3230		
3231	Pezizomycotina	0.0	3231		
3232	Pezizomycotina	0.0	3232		
3233	Pezizomycotina	0.0	3233		
3234	Pezizomycotina	0.0	3234		
3235	Pezizomycotina	0.0	3235		
3236	Pezizomycotina	0.0	3236		
3237	Pezizomycotina	0.0	3237		
3238	Pezizomycotina	0.0	3238		
3239	Pezizomycotina	0.0	3239		
3240	Pezizomycotina	0.0	3240		
3241	Pezizomycotina	0.0	3241		
3242	Pezizomycotina	0.0	3242		
3243	Pezizomycotina	0.0	3243		
3244	Pezizomycotina	0.0	3244		
3245	Pezizomycotina	0.00047921465810327825	3245		
3246	Pezizomycotina	0.0	3246		
3247	Pezizomycotina	0.0	3247		
3248	Pezizomycotina	0.0	3248		
3249	Pezizomycotina	0.0	3249		
3250	Pezizomycotina	0.0	3250		
3251	Pezizomycotina	0.0	3251		
3252	Pezizomycotina	0.0	3252		
3253	Pezizomycotina	0.018225438453801496	3253		
3254	Pezizomycotina	0.0	3254		
3255	Pezizomycotina	0.0	3255		
3256	Pezizomycotina	0.0	3256		
3257	Pezizomycotina	0.0	3257		
3258	Pezizomycotina	0.0	3258		
3259	Pezizomycotina	0.0	3259		
3260	Pezizomycotina	0.0	3260		
3261	Pezizomycotina	0.0	3261		
3262	Pezizomycotina	0.0	3262		
3263	Pezizomycotina	0.0	3263		
3264	Pezizomycotina	0.0	3264		
3265	Pezizomycotina	0.0	3265		
3266	Pezizomycotina	0.0	3266		
3267	Pezizomycotina	0.0	3267		
3268	Pezizomycotina	0.0	3268		
3269	Pezizomycotina	0.0	3269		
3270	Pezizomycotina	0.0	3270		
3271	Pezizomycotina	0.0	3271		
3272	Pezizomycotina	0.0	3272		
3273	Pezizomycotina	0.0	3273		
3274	Pezizomycotina	0.0	3274		
3275	Pezizomycotina	0.0	3275		
3276	Pezizomycotina	0.0	3276		
3277	Pezizomycotina	0.0	3277		
3278	Pezizomycotina	0.0	3278		
3279	Pezizomycotina	0.0	3279		
3280	Pezizomycotina	0.0	3280		
3281	Pezizomycotina	0.0	3281		
3282	Pezizomycotina	0.0	3282		
3283	Pezizomycotina	0.0	3283		
3284	Pezizomycotina	0.0	3284		
3285	Pezizomycotina	0.0	3285		
3286	Pezizomycotina	0.0	3286		
3287	Pezizomycotina	0.0	3287		
3288	Pezizomycotina	0.0	3288		
3289	Pezizomycotina	0.0	3289		
3290	Pezizomycotina	0.0	3290		
3291	Pezizomycotina	0.0	3291		
3292	Pezizomycotina	0.0	3292		
3293	Pezizomycotina	0.001205450108672223	3293		
3294	Pezizomycotina	0.0	3294		
3295	Pezizomycotina	0.0	3295		
3296	Pezizomycotina	0.0	3296		
3297	Pezizomycotina	0.00027113300935514243	3297		
3298	Pezizomycotina	0.00033753616749054437	3298		
3299	Pezizomycotina	0.0	3299		
3300	Pezizomycotina	0.0	3300		
3301	Pezizomycotina	0.0	3301		
3302	Pezizomycotina	0.0	3302		
3303	Pezizomycotina	0.0	3303		
3304	Pezizomycotina	0.0	3304		
3305	Pezizomycotina	0.0	3305		
3306	Pezizomycotina	0.0	3306		
3307	Pezizomycotina	0.0009946506561691612	3307		
3308	Pezizomycotina	0.0	3308		
3309	Pezizomycotina	0.0	3309		
3310	Pezizomycotina	0.0	3310		
3311	Pezizomycotina	0.0	3311		
3312	Pezizomycotina	0.0	3312		
3313	Pezizomycotina	0.0	3313		
3314	Pezizomycotina	0.0	3314		
3315	Pezizomycotina	0.0	3315		
3316	Pezizomycotina	0.0	3316		
3317	Pezizomycotina	0.0	3317		
3318	Pezizomycotina	0.0	3318		
3319	Pezizomycotina	0.0	3319		
3320	Pezizomycotina	0.0	3320		
3321	Pezizomycotina	0.0	3321		
3322	Pezizomycotina	0.0	3322		
3323	Pezizomycotina	0.0	3323		
3324	Pezizomycotina	0.0	3324		
3325	Pezizomycotina	0.0	3325		
3326	Pezizomycotina	0.0	3326		
3327	Pezizomycotina	0.0	3327		
3328	Pezizomycotina	0.0	3328		
3329	Pezizomycotina	0.0032734075113149182	3329		
3330	Pezizomycotina	0.0	3330		
3331	Pezizomycotina	0.0	3331		
3332	Pezizomycotina	0.0	3332		
3333	Pezizomycotina	0.0009406306281678307	3333		
3334	Pezizomycotina	0.006879521999070883	3334		
3335	Pezizomycotina	0.0	3335		
3336	Pezizomycotina	0.0	3336		
3337	Pezizomycotina	0.0	3337		
3338	Pezizomycotina	0.006987143655673561	3338		
3339	Pezizomycotina	0.0	3339		
3340	Pezizomycotina	0.0	3340		
3341	Pezizomycotina	0.0	3341		
3342	Pezizomycotina	0.0	3342		
3343	Pezizomycotina	0.0	3343		
3344	Pezizomycotina	0.0	3344		
3345	Pezizomycotina	0.0	3345		
3346	Pezizomycotina	0.0	3346		
3347	Pezizomycotina	0.0	3347		
3348	Pezizomycotina	0.0	3348		
3349	Pezizomycotina	0.0	3349		
3350	Pezizomycotina	0.0	3350		
3351	Pezizomycotina	0.0	3351		
3352	Pezizomycotina	0.0	3352		
3353	Pezizomycotina	0.0	3353		
3354	Pezizomycotina	0.0	3354		
3355	Pezizomycotina	0.0	3355		
3356	Pezizomycotina	0.0	3356		
3357	Pezizomycotina	0.0	3357		
3358	Pezizomycotina	0.0	3358		
3359	Pezizomycotina	0.0	3359		
3360	Pezizomycotina	0.0	3360		
3361	Pezizomycotina	0.0	3361		
3362	Pezizomycotina	0.0	3362		
3363	Pezizomycotina	0.0	3363		
3364	Pezizomycotina	0.0	3364		
3365	Pezizomycotina	0.0	3365		
3366	Pezizomycotina	0.0	3366		
3367	Pezizomycotina	0.0	3367		
3368	Pezizomycotina	0.0	3368		
3369	Pezizomycotina	0.0	3369		
3370	Pezizomycotina	0.0	3370		
3371	Pezizomycotina	0.002999722263477144	3371		
3372	Pezizomycotina	0.0	3372		
3373	Pezizomycotina	0.0	3373		
3374	Pezizomycotina	0.0	3374		
3375	Pezizomycotina	0.0	3375		
3376	Pezizomycotina	0.0	3376		
3377	Pezizomycotina	0.0	3377		
3378	Pezizomycotina	0.0	3378		
3379	Pezizomycotina	0.0	3379		
3380	Pezizomycotina	0.0	3380		
3381	Pezizomycotina	0.0	3381		
3382	Pezizomycotina	0.0	3382		
3383	Pezizomycotina	0.0	3383		
3384	Pezizomycotina	0.0	3384		
3385	Pezizomycotina	0.0	3385		
3386	Pezizomycotina	0.0	3386		
3387	Pezizomycotina	0.0	3387		
3388	Pezizomycotina	0.005225042339244426	3388		
3389	Pezizomycotina	0.0	3389		
3390	Pezizomycotina	0.0	3390		
3391	Pezizomycotina	0.0	3391		
3392	Pezizomycotina	0.0	3392		
3393	Pezizomycotina	0.0008067957559085544	3393		
3394	Pezizomycotina	0.011883635441754341	3394		
3395	Pezizomycotina	0.0	3395		
3396	Pezizomycotina	0.0	3396		
3397	Pezizomycotina	0.0	3397		
3398	Pezizomycotina	0.0	3398		
3399	Pezizomycotina	0.0	3399		
3400	Pezizomycotina	0.0	3400		
3401	Pezizomycotina	0.0	3401		
3402	Pezizomycotina	0.005917479694333637	3402		
3403	Pezizomycotina	0.0	3403		
3404	Pezizomycotina	0.0	3404		
3405	Pezizomycotina	0.0	3405		
3406	Pezizomycotina	0.0	3406		
3407	Pezizomycotina	0.0	3407		
3408	Pezizomycotina	0.0	3408		
3409	Pezizomycotina	0.0	3409		
3410	Pezizomycotina	0.0	3410		
3411	Pezizomycotina	0.0	3411		
3412	Pezizomycotina	0.04551058761566177	3412		
3413	Pezizomycotina	0.0	3413		
3414	Pezizomycotina	0.0	3414		
3415	Pezizomycotina	0.0	3415		
3416	Pezizomycotina	0.0	3416		
3417	Pezizomycotina	0.024219748464044264	3417		
3418	Pezizomycotina	0.0	3418		
3419	Pezizomycotina	0.0	3419		
3420	Pezizomycotina	0.0	3420		
3421	Pezizomycotina	0.0	3421		
3422	Pezizomycotina	0.0	3422		
3423	Pezizomycotina	0.0	3423		
3424	Pezizomycotina	0.0	3424		
3425	Pezizomycotina	0.0	3425		
3426	Pezizomycotina	0.0	3426		
3427	Pezizomycotina	0.0024265390346590358	3427		
3428	Pezizomycotina	0.0	3428		
3429	Pezizomycotina	0.0	3429		
3430	Pezizomycotina	0.0	3430		
3431	Pezizomycotina	0.0	3431		
3432	Pezizomycotina	0.0	3432		
3433	Pezizomycotina	0.0	3433		
3434	Pezizomycotina	0.0	3434		
3435	Pezizomycotina	0.0002196851347114952	3435		
3436	Pezizomycotina	0.0	3436		
3437	Pezizomycotina	0.0	3437		
3438	Pezizomycotina	0.0	3438		
3439	Pezizomycotina	0.0	3439		
3440	Pezizomycotina	0.0	3440		
3441	Pezizomycotina	0.0	3441		
3442	Pezizomycotina	0.0005656871188991817	3442		
3443	Pezizomycotina	0.00407177713888968	3443		
3444	Pezizomycotina	0.0	3444		
3445	Pezizomycotina	0.0	3445		
3446	Pezizomycotina	0.0	3446		
3447	Pezizomycotina	0.0	3447		
3448	Pezizomycotina	0.0	3448		
3449	Pezizomycotina	0.0	3449		
3450	Pezizomycotina	0.0	3450		
3451	Pezizomycotina	0.0	3451		
3452	Pezizomycotina	0.0017236597793283603	3452		
3453	Pezizomycotina	0.0	3453		
3454	Pezizomycotina	0.00017129471185258028	3454		
3455	Pezizomycotina	0.0	3455		
3456	Pezizomycotina	0.0	3456		
3457	Pezizomycotina	0.0	3457		
3458	Pezizomycotina	0.00020880904917334678	3458		
3459	Pezizomycotina	0.0004720885401352414	3459		
3460	Pezizomycotina	0.0	3460		
3461	Pezizomycotina	0.0	3461		
3462	Pezizomycotina	0.0	3462		
3463	Pezizomycotina	0.0	3463		
3464	Pezizomycotina	0.0	3464		
3465	Pezizomycotina	0.0	3465		
3466	Pezizomycotina	0.0	3466		
3467	Pezizomycotina	0.0	3467		
3468	Pezizomycotina	0.0	3468		
3469	Pezizomycotina	0.0	3469		
3470	Pezizomycotina	0.0	3470		
3471	Pezizomycotina	0.0	3471		
3472	Pezizomycotina	0.0	3472		
3473	Pezizomycotina	0.0	3473		
3474	Pezizomycotina	0.0	3474		
3475	Pezizomycotina	0.0	3475		
3476	Pezizomycotina	0.0	3476		
3477	Pezizomycotina	0.0	3477		
3478	Pezizomycotina	0.0027323323683209914	3478		
3479	Pezizomycotina	0.002977417898392803	3479		
3480	Pezizomycotina	0.027886407680412034	3480		
3481	Pezizomycotina	0.01623028572543609	3481		
3482	Pezizomycotina	1.9654520733518779	3482		
3483	Pezizomycotina	1.6039388075199588	3483		
3484	Pezizomycotina	3.6203484516653095	3484		
3485	Pezizomycotina	2.7990910821945523	3485		
3486	Pezizomycotina	0.4869904537923981	3486		
3487	Pezizomycotina	0.5765448399211657	3487		
3488	Pezizomycotina	0.5535927697334307	3488		
3489	Pezizomycotina	0.5130927793119958	3489		
3490	Pezizomycotina	0.21559861026509297	3490		
3491	Pezizomycotina	0.24473874913245258	3491		
3492	Pezizomycotina	0.04657712841096708	3492		
3493	Pezizomycotina	0.05722587864817497	3493		
3494	Pezizomycotina	6.764062203994346	3494		
3495	Pezizomycotina	7.778090220456395	3495		
3496	Pezizomycotina	2.6042004172921343	3496		
3497	Pezizomycotina	3.9935207759917906	3497		
3498	Pezizomycotina	0.0	3498		
3499	Pezizomycotina	0.009114241824833719	3499		
3500	Pezizomycotina	0.0	3500		
3501	Pezizomycotina	0.016840796932472826	3501		
3502	Pezizomycotina	0.0	3502		
3503	Pezizomycotina	0.010747818944608552	3503		
3504	Pezizomycotina	0.0	3504		
3505	Pezizomycotina	0.0	3505		
3506	Pezizomycotina	0.0	3506		
3507	Pezizomycotina	0.0	3507		
3508	Pezizomycotina	0.0	3508		
3509	Pezizomycotina	0.0	3509		
3510	Pezizomycotina	0.00027905744027682176	3510		
3511	Pezizomycotina	0.0	3511		
3512	Pezizomycotina	0.0	3512		
3513	Pezizomycotina	0.0	3513		
3514	Pezizomycotina	0.0	3514		
3515	Pezizomycotina	0.0	3515		
3516	Pezizomycotina	0.0	3516		
3517	Pezizomycotina	0.0	3517		
3518	Pezizomycotina	0.0	3518		
3519	Pezizomycotina	0.0	3519		
3520	Pezizomycotina	0.008861567848133427	3520		
3521	Pezizomycotina	0.0	3521		
3522	Pezizomycotina	0.0	3522		
3523	Pezizomycotina	0.0	3523		
3524	Pezizomycotina	0.0	3524		
3525	Pezizomycotina	0.00022905869587141382	3525		
3526	Pezizomycotina	0.0	3526		
3527	Pezizomycotina	0.0	3527		
3528	Pezizomycotina	0.0	3528		
3529	Pezizomycotina	0.0	3529		
3530	Pezizomycotina	0.0	3530		
3531	Pezizomycotina	0.0	3531		
3532	Pezizomycotina	0.0	3532		
3533	Pezizomycotina	0.0	3533		
3534	Pezizomycotina	0.0	3534		
3535	Pezizomycotina	0.0	3535		
3536	Pezizomycotina	0.0	3536		
3537	Pezizomycotina	0.0	3537		
3538	Pezizomycotina	0.0	3538		
3539	Pezizomycotina	0.0	3539		
3540	Pezizomycotina	0.0	3540		
3541	Pezizomycotina	0.0	3541		
3542	Pezizomycotina	0.0	3542		
3543	Pezizomycotina	0.0	3543		
3544	Pezizomycotina	0.0	3544		
3545	Pezizomycotina	0.0	3545		
3546	Pezizomycotina	0.0	3546		
3547	Pezizomycotina	0.0	3547		
3548	Pezizomycotina	0.0	3548		
3549	Pezizomycotina	0.0	3549		
3550	Pezizomycotina	0.0	3550		
3551	Pezizomycotina	0.0	3551		
3552	Pezizomycotina	0.0016010787785074104	3552		
3553	Pezizomycotina	0.0	3553		
3554	Pezizomycotina	0.0	3554		
3555	Pezizomycotina	0.0	3555		
3556	Pezizomycotina	0.0	3556		
3557	Pezizomycotina	0.0	3557		
3558	Pezizomycotina	0.0	3558		
3559	Pezizomycotina	0.0	3559		
3560	Pezizomycotina	0.0	3560		
3561	Pezizomycotina	0.0	3561		
3562	Pezizomycotina	0.0	3562		
3563	Pezizomycotina	0.0	3563		
3564	Pezizomycotina	0.0	3564		
3565	Pezizomycotina	0.0	3565		
3566	Pezizomycotina	0.0	3566		
3567	Pezizomycotina	0.0	3567		
3568	Pezizomycotina	0.0	3568		
3569	Pezizomycotina	0.0	3569		
3570	Pezizomycotina	0.0	3570		
3571	Pezizomycotina	0.0	3571		
3572	Pezizomycotina	0.0	3572		
3573	Pezizomycotina	0.0	3573		
3574	Pezizomycotina	0.0	3574		
3575	Pezizomycotina	0.0	3575		
3576	Pezizomycotina	0.0	3576		
3577	Pezizomycotina	0.0	3577		
3578	Pezizomycotina	0.0	3578		
3579	Pezizomycotina	0.0	3579		
3580	Pezizomycotina	0.0	3580		
3581	Pezizomycotina	0.0	3581		
3582	Pezizomycotina	0.0	3582		
3583	Pezizomycotina	0.0	3583		
3584	Pezizomycotina	0.0	3584		
3585	Pezizomycotina	0.0	3585		
3586	Pezizomycotina	0.0	3586		
3587	Pezizomycotina	0.0	3587		
3588	Pezizomycotina	0.0	3588		
3589	Pezizomycotina	0.0	3589		
3590	Pezizomycotina	0.0	3590		
3591	Pezizomycotina	0.0036259123435323213	3591		
3592	Pezizomycotina	0.0	3592		
3593	Pezizomycotina	0.0	3593		
3594	Pezizomycotina	0.0	3594		
3595	Pezizomycotina	0.0	3595		
3596	Pezizomycotina	0.0	3596		
3597	Pezizomycotina	0.0	3597		
3598	Pezizomycotina	0.0	3598		
3599	Pezizomycotina	0.0	3599		
3600	Pezizomycotina	0.004548644715565864	3600		
3601	Pezizomycotina	0.0	3601		
3602	Pezizomycotina	0.0	3602		
3603	Pezizomycotina	0.0	3603		
3604	Pezizomycotina	0.0	3604		
3605	Pezizomycotina	0.0	3605		
3606	Pezizomycotina	0.0	3606		
3607	Pezizomycotina	0.0	3607		
3608	Pezizomycotina	0.0	3608		
3609	Pezizomycotina	0.0	3609		
3610	Pezizomycotina	0.0	3610		
3611	Pezizomycotina	0.0	3611		
3612	Pezizomycotina	0.0	3612		
3613	Pezizomycotina	0.0013270882546189443	3613		
3614	Pezizomycotina	0.0	3614		
3615	Pezizomycotina	0.0	3615		
3616	Pezizomycotina	0.0	3616		
3617	Pezizomycotina	0.0	3617		
3618	Pezizomycotina	0.0	3618		
3619	Pezizomycotina	0.0	3619		
3620	Pezizomycotina	0.0	3620		
3621	Pezizomycotina	0.0	3621		
3622	Pezizomycotina	0.0	3622		
3623	Pezizomycotina	0.0	3623		
3624	Pezizomycotina	0.0	3624		
3625	Pezizomycotina	0.0	3625		
3626	Pezizomycotina	0.0	3626		
3627	Pezizomycotina	0.0	3627		
3628	Pezizomycotina	0.0	3628		
3629	Pezizomycotina	0.0005906973604266523	3629		
3630	Pezizomycotina	0.004146023789856773	3630		
3631	Pezizomycotina	0.0	3631		
3632	Pezizomycotina	0.0	3632		
3633	Pezizomycotina	0.0	3633		
3634	Pezizomycotina	0.0	3634		
3635	Pezizomycotina	0.0	3635		
3636	Pezizomycotina	0.0	3636		
3637	Pezizomycotina	0.0	3637		
3638	Pezizomycotina	0.0	3638		
3639	Pezizomycotina	0.0017571048891088642	3639		
3640	Pezizomycotina	0.0	3640		
3641	Pezizomycotina	0.0	3641		
3642	Pezizomycotina	0.0	3642		
3643	Pezizomycotina	0.0	3643		
3644	Pezizomycotina	0.00017823783175564893	3644		
3645	Pezizomycotina	0.0004947684073557823	3645		
3646	Pezizomycotina	0.0	3646		
3647	Pezizomycotina	0.0	3647		
3648	Pezizomycotina	0.0	3648		
3649	Pezizomycotina	0.0004718061472218405	3649		
3650	Pezizomycotina	0.0	3650		
3651	Pezizomycotina	0.0	3651		
3652	Pezizomycotina	0.0	3652		
3653	Pezizomycotina	0.0	3653		
3654	Pezizomycotina	0.0	3654		
3655	Pezizomycotina	0.0	3655		
3656	Pezizomycotina	0.0	3656		
3657	Pezizomycotina	0.0	3657		
3658	Pezizomycotina	0.0	3658		
3659	Pezizomycotina	0.0	3659		
3660	Pezizomycotina	0.0	3660		
3661	Pezizomycotina	0.0	3661		
3662	Pezizomycotina	0.0	3662		
3663	Pezizomycotina	0.0	3663		
3664	Pezizomycotina	0.0	3664		
3665	Pezizomycotina	0.0	3665		
3666	Pezizomycotina	0.0	3666		
3667	Pezizomycotina	0.0	3667		
3668	Pezizomycotina	0.0	3668		
3669	Pezizomycotina	0.0	3669		
3670	Pezizomycotina	0.0	3670		
3671	Pezizomycotina	0.0	3671		
3672	Pezizomycotina	0.0	3672		
3673	Pezizomycotina	0.0	3673		
3674	Pezizomycotina	0.0	3674		
3675	Pezizomycotina	0.0	3675		
3676	Pezizomycotina	0.0	3676		
3677	Pezizomycotina	0.006473283698006623	3677		
3678	Pezizomycotina	0.0	3678		
3679	Pezizomycotina	0.0	3679		
3680	Pezizomycotina	0.0	3680		
3681	Pezizomycotina	0.0	3681		
3682	Pezizomycotina	0.0	3682		
3683	Pezizomycotina	0.0	3683		
3684	Pezizomycotina	0.0	3684		
3685	Pezizomycotina	0.0	3685		
3686	Pezizomycotina	0.0	3686		
3687	Pezizomycotina	0.004195187441371484	3687		
3688	Pezizomycotina	0.0	3688		
3689	Pezizomycotina	0.0	3689		
3690	Pezizomycotina	0.0	3690		
3691	Pezizomycotina	0.0	3691		
3692	Pezizomycotina	0.0	3692		
3693	Pezizomycotina	0.0	3693		
3694	Pezizomycotina	0.0	3694		
3695	Pezizomycotina	0.0	3695		
3696	Pezizomycotina	0.0	3696		
3697	Pezizomycotina	0.0	3697		
3698	Pezizomycotina	0.0	3698		
3699	Pezizomycotina	0.0	3699		
3700	Pezizomycotina	0.0	3700		
3701	Pezizomycotina	0.0	3701		
3702	Pezizomycotina	0.0	3702		
3703	Pezizomycotina	0.0	3703		
3704	Pezizomycotina	0.0	3704		
3705	Pezizomycotina	0.0	3705		
3706	Pezizomycotina	0.0	3706		
3707	Pezizomycotina	0.0	3707		
3708	Pezizomycotina	0.0	3708		
3709	Pezizomycotina	0.0	3709		
3710	Pezizomycotina	0.0	3710		
3711	Pezizomycotina	0.0	3711		
3712	Pezizomycotina	0.0	3712		
3713	Pezizomycotina	0.0	3713		
3714	Pezizomycotina	0.0	3714		
3715	Pezizomycotina	0.0	3715		
3716	Pezizomycotina	0.0	3716		
3717	Pezizomycotina	0.0	3717		
3718	Pezizomycotina	0.0	3718		
3719	Pezizomycotina	0.0	3719		
3720	Pezizomycotina	0.0	3720		
3721	Pezizomycotina	0.0	3721		
3722	Pezizomycotina	0.0	3722		
3723	Pezizomycotina	0.0	3723		
3724	Pezizomycotina	0.0	3724		
3725	Pezizomycotina	0.0	3725		
3726	Pezizomycotina	0.0	3726		
3727	Pezizomycotina	0.0	3727		
3728	Pezizomycotina	0.0	3728		
3729	Pezizomycotina	0.0	3729		
3730	Pezizomycotina	0.0	3730		
3731	Pezizomycotina	0.0	3731		
3732	Pezizomycotina	0.0	3732		
3733	Pezizomycotina	0.0	3733		
3734	Pezizomycotina	0.0	3734		
3735	Pezizomycotina	0.0	3735		
3736	Pezizomycotina	0.0	3736		
3737	Pezizomycotina	0.0	3737		
3738	Pezizomycotina	0.0	3738		
3739	Pezizomycotina	0.0	3739		
3740	Pezizomycotina	0.0	3740		
3741	Pezizomycotina	0.0	3741		
3742	Pezizomycotina	0.0	3742		
3743	Pezizomycotina	0.0	3743		
3744	Pezizomycotina	0.0	3744		
3745	Pezizomycotina	0.0	3745		
3746	Pezizomycotina	0.0	3746		
3747	Pezizomycotina	0.0	3747		
3748	Pezizomycotina	0.0	3748		
3749	Pezizomycotina	0.0	3749		
3750	Pezizomycotina	0.0	3750		
3751	Pezizomycotina	0.0	3751		
3752	Pezizomycotina	0.0	3752		
3753	Pezizomycotina	0.0	3753		
3754	Pezizomycotina	0.0	3754		
3755	Pezizomycotina	0.0	3755		
3756	Pezizomycotina	0.0	3756		
3757	Pezizomycotina	0.0	3757		
3758	Pezizomycotina	0.0	3758		
3759	Pezizomycotina	0.0	3759		
3760	Pezizomycotina	0.0	3760		
3761	Pezizomycotina	0.0	3761		
3762	Pezizomycotina	0.0	3762		
3763	Pezizomycotina	0.0	3763		
3764	Pezizomycotina	0.0	3764		
3765	Pezizomycotina	0.0	3765		
3766	Pezizomycotina	0.0	3766		
3767	Pezizomycotina	0.0	3767		
3768	Pezizomycotina	0.0	3768		
3769	Pezizomycotina	0.0	3769		
3770	Pezizomycotina	0.0	3770		
3771	Pezizomycotina	0.0	3771		
3772	Pezizomycotina	0.0	3772		
3773	Pezizomycotina	0.006110505216347664	3773		
3774	Pezizomycotina	0.0	3774		
3775	Pezizomycotina	0.0	3775		
3776	Pezizomycotina	0.18719080090921247	3776		
3777	Pezizomycotina	0.00253044297770186	3777		
3778	Pezizomycotina	0.0	3778		
3779	Pezizomycotina	0.0	3779		
3780	Pezizomycotina	0.0	3780		
3781	Pezizomycotina	0.0	3781		
3782	Pezizomycotina	0.0	3782		
3783	Pezizomycotina	0.0	3783		
3784	Pezizomycotina	0.0016363890854016853	3784		
3785	Pezizomycotina	0.004676673500845542	3785		
3786	Pezizomycotina	0.0030777916389695776	3786		
3787	Pezizomycotina	0.0016190553432457854	3787		
3788	Pezizomycotina	0.01917932174049886	3788		
3789	Pezizomycotina	0.0018923201048689398	3789		
3790	Pezizomycotina	0.006843331031598122	3790		
3791	Pezizomycotina	0.0007411942225340729	3791		
3792	Pezizomycotina	0.0023171096718647157	3792		
3793	Pezizomycotina	0.015982951518380393	3793		
3794	Pezizomycotina	0.0006239704487595467	3794		
3795	Pezizomycotina	0.0030605686536558496	3795		
3796	Pezizomycotina	0.0	3796		
3797	Pezizomycotina	0.0	3797		
3798	Pezizomycotina	0.0	3798		
3799	Pezizomycotina	0.0	3799		
3800	Pezizomycotina	0.0	3800		
3801	Pezizomycotina	0.0	3801		
3802	Pezizomycotina	0.0	3802		
3803	Pezizomycotina	0.0	3803		
3804	Pezizomycotina	0.0	3804		
3805	Pezizomycotina	0.0	3805		
3806	Pezizomycotina	0.0	3806		
3807	Pezizomycotina	0.006276157635798021	3807		
3808	Pezizomycotina	0.0	3808		
3809	Pezizomycotina	0.0	3809		
3810	Pezizomycotina	0.0	3810		
3811	Pezizomycotina	0.0	3811		
3812	Pezizomycotina	0.0	3812		
3813	Pezizomycotina	0.0	3813		
3814	Pezizomycotina	0.0	3814		
3815	Pezizomycotina	0.0	3815		
3816	Pezizomycotina	0.0070253226771037885	3816		
3817	Pezizomycotina	0.005046428356890223	3817		
3818	Pezizomycotina	0.0004856282557327645	3818		
3819	Pezizomycotina	0.0023128380301736407	3819		
3820	Pezizomycotina	0.0	3820		
3821	Pezizomycotina	8.376745599257066e-05	3821		
3822	Pezizomycotina	0.0	3822		
3823	Pezizomycotina	0.0	3823		
3824	Pezizomycotina	0.0	3824		
3825	Pezizomycotina	0.0	3825		
3826	Pezizomycotina	0.0	3826		
3827	Pezizomycotina	0.0	3827		
3828	Pezizomycotina	0.0007049303612723344	3828		
3829	Pezizomycotina	0.0	3829		
3830	Pezizomycotina	0.0	3830		
3831	Pezizomycotina	0.0	3831		
3832	Pezizomycotina	0.0	3832		
3833	Pezizomycotina	0.0	3833		
3834	Pezizomycotina	0.0	3834		
3835	Pezizomycotina	0.00019011223451794614	3835		
3836	Pezizomycotina	0.0	3836		
3837	Pezizomycotina	0.0	3837		
3838	Pezizomycotina	0.0	3838		
3839	Pezizomycotina	0.0	3839		
3840	Pezizomycotina	0.0	3840		
3841	Pezizomycotina	0.0	3841		
3842	Pezizomycotina	0.0	3842		
3843	Pezizomycotina	0.00018684735774999244	3843		
3844	Pezizomycotina	0.0	3844		
3845	Pezizomycotina	0.0	3845		
3846	Pezizomycotina	0.0	3846		
3847	Pezizomycotina	0.0	3847		
3848	Pezizomycotina	0.0	3848		
3849	Pezizomycotina	0.0	3849		
3850	Pezizomycotina	0.0007040347793180983	3850		
3851	Pezizomycotina	0.0	3851		
3852	Pezizomycotina	0.0	3852		
3853	Pezizomycotina	0.0	3853		
3854	Pezizomycotina	0.0	3854		
3855	Pezizomycotina	0.0005768873099098625	3855		
3856	Pezizomycotina	0.002953771305538494	3856		
3857	Pezizomycotina	0.0	3857		
3858	Pezizomycotina	0.0	3858		
3859	Pezizomycotina	0.0	3859		
3860	Pezizomycotina	0.0	3860		
3861	Pezizomycotina	0.0	3861		
3862	Pucciniomycotina	0.0	3862		
3863	Pucciniomycotina	0.0	3863		
3864	Pucciniomycotina	0.0	3864		
3865	Pucciniomycotina	0.0	3865		
3866	Pucciniomycotina	0.0	3866		
3867	Pucciniomycotina	0.0	3867		
3868	Pucciniomycotina	0.0	3868		
3869	Pucciniomycotina	0.0	3869		
3870	Pucciniomycotina	0.0	3870		
3871	Pucciniomycotina	0.0	3871		
3872	Pucciniomycotina	0.0	3872		
3873	Pucciniomycotina	0.0	3873		
3874	Pucciniomycotina	0.0	3874		
3875	Pucciniomycotina	0.0	3875		
3876	Pucciniomycotina	0.0	3876		
3877	Pucciniomycotina	0.0	3877		
3878	Pucciniomycotina	0.0	3878		
3879	Pucciniomycotina	0.0	3879		
3880	Pucciniomycotina	0.0	3880		
3881	Pucciniomycotina	0.0	3881		
3882	Pucciniomycotina	0.0	3882		
3883	Pucciniomycotina	0.0	3883		
3884	Pucciniomycotina	0.0	3884		
3885	Pucciniomycotina	0.0	3885		
3886	Pucciniomycotina	0.0	3886		
3887	Pucciniomycotina	0.0	3887		
3888	Pucciniomycotina	0.0	3888		
3889	Pucciniomycotina	0.0	3889		
3890	Pucciniomycotina	0.0	3890		
3891	Pucciniomycotina	0.0	3891		
3892	Pucciniomycotina	0.0	3892		
3893	Pucciniomycotina	0.0	3893		
3894	Pucciniomycotina	0.0	3894		
3895	Pucciniomycotina	0.0	3895		
3896	Pucciniomycotina	0.0	3896		
3897	Pucciniomycotina	0.0	3897		
3898	Pucciniomycotina	0.0	3898		
3899	Pucciniomycotina	0.0	3899		
3900	Pucciniomycotina	0.0	3900		
3901	Pucciniomycotina	0.0	3901		
3902	Pucciniomycotina	0.0	3902		
3903	Pucciniomycotina	0.0	3903		
3904	Pucciniomycotina	0.0	3904		
3905	Pucciniomycotina	0.0	3905		
3906	Pucciniomycotina	0.0	3906		
3907	Pucciniomycotina	0.0	3907		
3908	Pucciniomycotina	0.0	3908		
3909	Pucciniomycotina	0.0	3909		
3910	Pucciniomycotina	0.0	3910		
3911	Pucciniomycotina	0.0	3911		
3912	Pucciniomycotina	0.0	3912		
3913	Pucciniomycotina	0.0	3913		
3914	Pucciniomycotina	0.0	3914		
3915	Pucciniomycotina	0.0	3915		
3916	Pucciniomycotina	0.0	3916		
3917	Pucciniomycotina	0.0	3917		
3918	Pucciniomycotina	0.0	3918		
3919	Pucciniomycotina	0.0	3919		
3920	Pucciniomycotina	0.0	3920		
3921	Pucciniomycotina	0.0	3921		
3922	Pucciniomycotina	0.0	3922		
3923	Pucciniomycotina	0.0	3923		
3924	Pucciniomycotina	0.0	3924		
3925	Pucciniomycotina	0.0	3925		
3926	Pucciniomycotina	0.0	3926		
3927	Pucciniomycotina	0.0	3927		
3928	Pucciniomycotina	0.0	3928		
3929	Pucciniomycotina	0.0	3929		
3930	Pucciniomycotina	0.0	3930		
3931	Pucciniomycotina	0.0	3931		
3932	Pucciniomycotina	0.0	3932		
3933	Pucciniomycotina	0.0	3933		
3934	Pucciniomycotina	0.0	3934		
3935	Pucciniomycotina	0.0	3935		
3936	Pucciniomycotina	0.0	3936		
3937	Pucciniomycotina	0.0	3937		
3938	Pucciniomycotina	0.0	3938		
3939	Pucciniomycotina	0.0	3939		
3940	Pucciniomycotina	0.0	3940		
3941	Pucciniomycotina	0.0	3941		
3942	Pucciniomycotina	0.0	3942		
3943	Pucciniomycotina	0.0	3943		
3944	Pucciniomycotina	0.0	3944		
3945	Pucciniomycotina	0.0	3945		
3946	Pucciniomycotina	0.0	3946		
3947	Pucciniomycotina	0.0	3947		
3948	Pucciniomycotina	0.0	3948		
3949	Pucciniomycotina	0.0	3949		
3950	Pucciniomycotina	0.0	3950		
3951	Pucciniomycotina	0.0	3951		
3952	Pucciniomycotina	0.0	3952		
3953	Pucciniomycotina	0.0	3953		
3954	Pucciniomycotina	0.0	3954		
3955	Pucciniomycotina	0.0	3955		
3956	Pucciniomycotina	0.0	3956		
3957	Pucciniomycotina	0.0	3957		
3958	Pucciniomycotina	0.0	3958		
3959	Pucciniomycotina	0.0	3959		
3960	Pucciniomycotina	0.0	3960		
3961	Pucciniomycotina	0.0	3961		
3962	Pucciniomycotina	0.0	3962		
3963	Pucciniomycotina	0.0	3963		
3964	Pucciniomycotina	0.0	3964		
3965	Pucciniomycotina	0.0	3965		
3966	Pucciniomycotina	0.0	3966		
3967	Pucciniomycotina	0.0	3967		
3968	Pucciniomycotina	0.0	3968		
3969	Pucciniomycotina	0.0	3969		
3970	Pucciniomycotina	0.0	3970		
3971	Pucciniomycotina	0.0	3971		
3972	Pucciniomycotina	0.0	3972		
3973	Pucciniomycotina	0.0	3973		
3974	Pucciniomycotina	0.0	3974		
3975	Pucciniomycotina	0.0	3975		
3976	Pucciniomycotina	0.0	3976		
3977	Pucciniomycotina	0.0	3977		
3978	Pucciniomycotina	0.0	3978		
3979	Pucciniomycotina	0.0	3979		
3980	Pucciniomycotina	0.0	3980		
3981	Pucciniomycotina	0.0	3981		
3982	Pucciniomycotina	0.0	3982		
3983	Pucciniomycotina	0.0	3983		
3984	Pucciniomycotina	0.0	3984		
3985	Pucciniomycotina	0.0	3985		
3986	Pucciniomycotina	0.0	3986		
3987	Pucciniomycotina	0.0	3987		
3988	Pucciniomycotina	0.0	3988		
3989	Pucciniomycotina	0.0	3989		
3990	Pucciniomycotina	0.0	3990		
3991	Pucciniomycotina	0.0	3991		
3992	Pucciniomycotina	0.0	3992		
3993	Pucciniomycotina	0.0	3993		
3994	Pucciniomycotina	0.0	3994		
3995	Pucciniomycotina	0.0	3995		
3996	Pucciniomycotina	0.0	3996		
3997	Pucciniomycotina	0.0	3997		
3998	Pucciniomycotina	0.0	3998		
3999	Pucciniomycotina	0.0	3999		
4000	Pucciniomycotina	0.0	4000		
4001	Pucciniomycotina	0.0	4001		
4002	Pucciniomycotina	0.0	4002		
4003	Pucciniomycotina	0.0	4003		
4004	Pucciniomycotina	0.0	4004		
4005	Pucciniomycotina	0.0	4005		
4006	Pucciniomycotina	0.0	4006		
4007	Pucciniomycotina	0.0	4007		
4008	Pucciniomycotina	0.0	4008		
4009	Pucciniomycotina	0.0	4009		
4010	Pucciniomycotina	0.0	4010		
4011	Pucciniomycotina	0.0	4011		
4012	Pucciniomycotina	0.0	4012		
4013	Pucciniomycotina	0.0	4013		
4014	Pucciniomycotina	0.0	4014		
4015	Pucciniomycotina	0.0	4015		
4016	Pucciniomycotina	0.0	4016		
4017	Pucciniomycotina	0.0	4017		
4018	Pucciniomycotina	0.0	4018		
4019	Pucciniomycotina	0.0	4019		
4020	Pucciniomycotina	0.0	4020		
4021	Pucciniomycotina	0.0	4021		
4022	Pucciniomycotina	0.0	4022		
4023	Pucciniomycotina	0.0	4023		
4024	Pucciniomycotina	0.0	4024		
4025	Pucciniomycotina	0.0	4025		
4026	Pucciniomycotina	0.0	4026		
4027	Pucciniomycotina	0.0	4027		
4028	Pucciniomycotina	0.0	4028		
4029	Pucciniomycotina	0.0	4029		
4030	Pucciniomycotina	0.0	4030		
4031	Pucciniomycotina	0.0	4031		
4032	Pucciniomycotina	0.0	4032		
4033	Pucciniomycotina	0.0	4033		
4034	Pucciniomycotina	0.0	4034		
4035	Pucciniomycotina	0.0	4035		
4036	Pucciniomycotina	0.0	4036		
4037	Pucciniomycotina	0.0	4037		
4038	Pucciniomycotina	0.0	4038		
4039	Pucciniomycotina	0.0	4039		
4040	Pucciniomycotina	0.0	4040		
4041	Pucciniomycotina	0.0	4041		
4042	Pucciniomycotina	0.0	4042		
4043	Pucciniomycotina	0.0	4043		
4044	Pucciniomycotina	0.0	4044		
4045	Pucciniomycotina	0.0	4045		
4046	Pucciniomycotina	0.0	4046		
4047	Pucciniomycotina	0.0	4047		
4048	Pucciniomycotina	0.0	4048		
4049	Pucciniomycotina	0.0	4049		
4050	Pucciniomycotina	0.0	4050		
4051	Pucciniomycotina	0.0	4051		
4052	Pucciniomycotina	0.0	4052		
4053	Pucciniomycotina	0.0	4053		
4054	Pucciniomycotina	0.0	4054		
4055	Pucciniomycotina	0.0	4055		
4056	Pucciniomycotina	0.0	4056		
4057	Pucciniomycotina	0.0	4057		
4058	Pucciniomycotina	0.0	4058		
4059	Pucciniomycotina	0.0	4059		
4060	Pucciniomycotina	0.0	4060		
4061	Pucciniomycotina	0.0	4061		
4062	Pucciniomycotina	0.0	4062		
4063	Pucciniomycotina	0.0	4063		
4064	Pucciniomycotina	0.0	4064		
4065	Pucciniomycotina	0.0	4065		
4066	Pucciniomycotina	0.0	4066		
4067	Pucciniomycotina	0.0	4067		
4068	Pucciniomycotina	0.0	4068		
4069	Pucciniomycotina	0.0	4069		
4070	Pucciniomycotina	0.0	4070		
4071	Pucciniomycotina	0.0	4071		
4072	Pucciniomycotina	0.0	4072		
4073	Pucciniomycotina	0.0	4073		
4074	Pucciniomycotina	0.0	4074		
4075	Pucciniomycotina	0.0	4075		
4076	Pucciniomycotina	0.0	4076		
4077	Pucciniomycotina	0.0	4077		
4078	Pucciniomycotina	0.0	4078		
4079	Pucciniomycotina	0.0	4079		
4080	Pucciniomycotina	0.0	4080		
4081	Pucciniomycotina	0.0	4081		
4082	Pucciniomycotina	0.0	4082		
4083	Pucciniomycotina	0.0	4083		
4084	Pucciniomycotina	0.0	4084		
4085	Pucciniomycotina	0.0	4085		
4086	Pucciniomycotina	0.0	4086		
4087	Pucciniomycotina	0.0	4087		
4088	Pucciniomycotina	0.0	4088		
4089	Pucciniomycotina	0.0	4089		
4090	Pucciniomycotina	0.0	4090		
4091	Pucciniomycotina	0.0	4091		
4092	Pucciniomycotina	0.0	4092		
4093	Pucciniomycotina	0.0	4093		
4094	Pucciniomycotina	0.0	4094		
4095	Pucciniomycotina	0.0	4095		
4096	Pucciniomycotina	0.0	4096		
4097	Pucciniomycotina	0.0	4097		
4098	Pucciniomycotina	0.0	4098		
4099	Pucciniomycotina	0.0	4099		
4100	Pucciniomycotina	0.0	4100		
4101	Pucciniomycotina	0.0	4101		
4102	Pucciniomycotina	0.0	4102		
4103	Pucciniomycotina	0.0	4103		
4104	Pucciniomycotina	0.0	4104		
4105	Pucciniomycotina	0.0	4105		
4106	Pucciniomycotina	0.0	4106		
4107	Pucciniomycotina	0.0	4107		
4108	Pucciniomycotina	0.0	4108		
4109	Pucciniomycotina	0.0	4109		
4110	Pucciniomycotina	0.0	4110		
4111	Pucciniomycotina	0.0	4111		
4112	Pucciniomycotina	0.0	4112		
4113	Pucciniomycotina	0.0	4113		
4114	Pucciniomycotina	0.0	4114		
4115	Pucciniomycotina	0.0	4115		
4116	Pucciniomycotina	0.0	4116		
4117	Pucciniomycotina	0.0	4117		
4118	Pucciniomycotina	0.0	4118		
4119	Pucciniomycotina	0.0	4119		
4120	Pucciniomycotina	0.0	4120		
4121	Pucciniomycotina	0.0	4121		
4122	Pucciniomycotina	0.0	4122		
4123	Pucciniomycotina	0.0	4123		
4124	Pucciniomycotina	0.0	4124		
4125	Pucciniomycotina	0.0	4125		
4126	Pucciniomycotina	0.0	4126		
4127	Pucciniomycotina	0.0	4127		
4128	Pucciniomycotina	0.0	4128		
4129	Pucciniomycotina	0.0	4129		
4130	Pucciniomycotina	0.0	4130		
4131	Pucciniomycotina	0.0	4131		
4132	Pucciniomycotina	0.0	4132		
4133	Pucciniomycotina	0.0	4133		
4134	Pucciniomycotina	0.0	4134		
4135	Pucciniomycotina	0.0	4135		
4136	Pucciniomycotina	0.0	4136		
4137	Pucciniomycotina	0.0	4137		
4138	Pucciniomycotina	0.0	4138		
4139	Pucciniomycotina	0.0	4139		
4140	Pucciniomycotina	0.0	4140		
4141	Pucciniomycotina	0.0	4141		
4142	Pucciniomycotina	0.0	4142		
4143	Pucciniomycotina	0.0	4143		
4144	Pucciniomycotina	0.0	4144		
4145	Pucciniomycotina	0.0	4145		
4146	Pucciniomycotina	0.0	4146		
4147	Pucciniomycotina	0.0	4147		
4148	Pucciniomycotina	0.0	4148		
4149	Pucciniomycotina	0.0	4149		
4150	Pucciniomycotina	0.0	4150		
4151	Pucciniomycotina	0.0	4151		
4152	Pucciniomycotina	0.0	4152		
4153	Pucciniomycotina	0.0	4153		
4154	Pucciniomycotina	0.0	4154		
4155	Pucciniomycotina	0.0	4155		
4156	Pucciniomycotina	0.0	4156		
4157	Pucciniomycotina	0.0	4157		
4158	Pucciniomycotina	0.0	4158		
4159	Pucciniomycotina	0.0	4159		
4160	Pucciniomycotina	0.0	4160		
4161	Pucciniomycotina	0.0	4161		
4162	Pucciniomycotina	0.0	4162		
4163	Pucciniomycotina	0.0	4163		
4164	Pucciniomycotina	0.0	4164		
4165	Pucciniomycotina	0.0	4165		
4166	Pucciniomycotina	0.0	4166		
4167	Pucciniomycotina	0.0	4167		
4168	Pucciniomycotina	0.0	4168		
4169	Pucciniomycotina	0.0	4169		
4170	Pucciniomycotina	0.0	4170		
4171	Pucciniomycotina	0.0	4171		
4172	Pucciniomycotina	0.0	4172		
4173	Pucciniomycotina	0.0	4173		
4174	Pucciniomycotina	0.0	4174		
4175	Pucciniomycotina	0.0	4175		
4176	Pucciniomycotina	0.0	4176		
4177	Pucciniomycotina	0.0	4177		
4178	Pucciniomycotina	0.0	4178		
4179	Pucciniomycotina	0.0	4179		
4180	Pucciniomycotina	0.0	4180		
4181	Pucciniomycotina	0.0	4181		
4182	Pucciniomycotina	0.02702443085395921	4182		
4183	Pucciniomycotina	0.0	4183		
4184	Pucciniomycotina	0.0	4184		
4185	Pucciniomycotina	0.0	4185		
4186	Pucciniomycotina	0.0	4186		
4187	Pucciniomycotina	0.0	4187		
4188	Pucciniomycotina	0.0	4188		
4189	Pucciniomycotina	0.0	4189		
4190	Pucciniomycotina	0.0	4190		
4191	Pucciniomycotina	0.0	4191		
4192	Pucciniomycotina	0.0	4192		
4193	Pucciniomycotina	0.0	4193		
4194	Pucciniomycotina	0.0	4194		
4195	Pucciniomycotina	0.0	4195		
4196	Pucciniomycotina	0.0	4196		
4197	Pucciniomycotina	0.0	4197		
4198	Pucciniomycotina	0.0	4198		
4199	Pucciniomycotina	0.0	4199		
4200	Pucciniomycotina	0.0	4200		
4201	Pucciniomycotina	0.0	4201		
4202	Pucciniomycotina	0.010925017960067404	4202		
4203	Pucciniomycotina	0.0	4203		
4204	Pucciniomycotina	0.0	4204		
4205	Pucciniomycotina	0.0	4205		
4206	Pucciniomycotina	0.0	4206		
4207	Pucciniomycotina	0.0	4207		
4208	Pucciniomycotina	0.0	4208		
4209	Pucciniomycotina	0.0	4209		
4210	Pucciniomycotina	0.0	4210		
4211	Pucciniomycotina	0.0	4211		
4212	Pucciniomycotina	0.0	4212		
4213	Pucciniomycotina	0.0	4213		
4214	Pucciniomycotina	0.0	4214		
4215	Pucciniomycotina	0.019601972197238363	4215		
4216	Pucciniomycotina	0.0	4216		
4217	Pucciniomycotina	0.0	4217		
4218	Pucciniomycotina	0.0	4218		
4219	Pucciniomycotina	0.0	4219		
4220	Pucciniomycotina	0.0	4220		
4221	Pucciniomycotina	0.0	4221		
4222	Pucciniomycotina	0.0	4222		
4223	Pucciniomycotina	0.0	4223		
4224	Pucciniomycotina	0.0	4224		
4225	Pucciniomycotina	0.018360255265527946	4225		
4226	Pucciniomycotina	0.0	4226		
4227	Pucciniomycotina	0.0	4227		
4228	Pucciniomycotina	0.0	4228		
4229	Pucciniomycotina	0.0	4229		
4230	Pucciniomycotina	0.0	4230		
4231	Pucciniomycotina	0.0	4231		
4232	Pucciniomycotina	0.0	4232		
4233	Pucciniomycotina	0.0	4233		
4234	Pucciniomycotina	0.0	4234		
4235	Pucciniomycotina	0.0	4235		
4236	Pucciniomycotina	0.0	4236		
4237	Pucciniomycotina	0.0	4237		
4238	Pucciniomycotina	0.0	4238		
4239	Pucciniomycotina	0.0	4239		
4240	Pucciniomycotina	0.0	4240		
4241	Pucciniomycotina	0.0	4241		
4242	Pucciniomycotina	0.0	4242		
4243	Pucciniomycotina	0.0	4243		
4244	Pucciniomycotina	0.0	4244		
4245	Pucciniomycotina	0.0	4245		
4246	Pucciniomycotina	0.0	4246		
4247	Pucciniomycotina	0.0	4247		
4248	Pucciniomycotina	0.0	4248		
4249	Pucciniomycotina	0.0	4249		
4250	Pucciniomycotina	0.0	4250		
4251	Pucciniomycotina	0.0	4251		
4252	Pucciniomycotina	0.0	4252		
4253	Pucciniomycotina	0.0	4253		
4254	Pucciniomycotina	0.0	4254		
4255	Pucciniomycotina	0.0	4255		
4256	Pucciniomycotina	0.0	4256		
4257	Pucciniomycotina	0.0	4257		
4258	Pucciniomycotina	0.0	4258		
4259	Pucciniomycotina	0.0	4259		
4260	Pucciniomycotina	0.0	4260		
4261	Pucciniomycotina	0.0	4261		
4262	Pucciniomycotina	0.0	4262		
4263	Pucciniomycotina	0.0	4263		
4264	Pucciniomycotina	0.0	4264		
4265	Pucciniomycotina	0.0	4265		
4266	Pucciniomycotina	0.0	4266		
4267	Pucciniomycotina	0.0	4267		
4268	Pucciniomycotina	0.0	4268		
4269	Pucciniomycotina	0.0	4269		
4270	Pucciniomycotina	0.0	4270		
4271	Pucciniomycotina	0.0	4271		
4272	Pucciniomycotina	0.0	4272		
4273	Pucciniomycotina	0.0	4273		
4274	Pucciniomycotina	0.0	4274		
4275	Pucciniomycotina	0.0	4275		
4276	Pucciniomycotina	0.0	4276		
4277	Pucciniomycotina	0.0	4277		
4278	Pucciniomycotina	0.0	4278		
4279	Pucciniomycotina	0.0	4279		
4280	Pucciniomycotina	0.0	4280		
4281	Pucciniomycotina	0.0	4281		
4282	Pucciniomycotina	0.0	4282		
4283	Pucciniomycotina	0.0	4283		
4284	Pucciniomycotina	0.0	4284		
4285	Pucciniomycotina	0.0	4285		
4286	Pucciniomycotina	0.0	4286		
4287	Pucciniomycotina	0.0	4287		
4288	Pucciniomycotina	0.0	4288		
4289	Pucciniomycotina	0.0	4289		
4290	Pucciniomycotina	0.0	4290		
4291	Pucciniomycotina	0.0	4291		
4292	Pucciniomycotina	0.0	4292		
4293	Pucciniomycotina	0.0	4293		
4294	Pucciniomycotina	0.0	4294		
4295	Pucciniomycotina	0.0	4295		
4296	Pucciniomycotina	0.0	4296		
4297	Pucciniomycotina	0.0	4297		
4298	Pucciniomycotina	0.0	4298		
4299	Pucciniomycotina	0.0	4299		
4300	Pucciniomycotina	0.0	4300		
4301	Pucciniomycotina	0.0	4301		
4302	Pucciniomycotina	0.0	4302		
4303	Pucciniomycotina	0.0	4303		
4304	Pucciniomycotina	0.02871684192722151	4304		
4305	Pucciniomycotina	0.0	4305		
4306	Pucciniomycotina	0.0	4306		
4307	Pucciniomycotina	0.0	4307		
4308	Pucciniomycotina	0.0	4308		
4309	Pucciniomycotina	0.0	4309		
4310	Pucciniomycotina	0.0	4310		
4311	Pucciniomycotina	0.0	4311		
4312	Pucciniomycotina	0.0	4312		
4313	Pucciniomycotina	0.0	4313		
4314	Pucciniomycotina	0.0	4314		
4315	Pucciniomycotina	0.0	4315		
4316	Pucciniomycotina	0.0	4316		
4317	Pucciniomycotina	0.0	4317		
4318	Pucciniomycotina	0.0	4318		
4319	Pucciniomycotina	0.0	4319		
4320	Pucciniomycotina	0.0	4320		
4321	Pucciniomycotina	0.0	4321		
4322	Pucciniomycotina	0.0	4322		
4323	Pucciniomycotina	0.0	4323		
4324	Pucciniomycotina	0.0	4324		
4325	Pucciniomycotina	0.0	4325		
4326	Pucciniomycotina	0.0	4326		
4327	Pucciniomycotina	0.0	4327		
4328	Pucciniomycotina	0.0	4328		
4329	Pucciniomycotina	0.0	4329		
4330	Pucciniomycotina	0.0	4330		
4331	Pucciniomycotina	0.0	4331		
4332	Pucciniomycotina	0.0	4332		
4333	Pucciniomycotina	0.0	4333		
4334	Pucciniomycotina	0.0	4334		
4335	Pucciniomycotina	0.0	4335		
4336	Pucciniomycotina	0.0	4336		
4337	Pucciniomycotina	0.0	4337		
4338	Pucciniomycotina	0.0	4338		
4339	Pucciniomycotina	0.0	4339		
4340	Pucciniomycotina	0.0	4340		
4341	Pucciniomycotina	0.0	4341		
4342	Pucciniomycotina	0.0	4342		
4343	Pucciniomycotina	0.0	4343		
4344	Pucciniomycotina	0.0	4344		
4345	Pucciniomycotina	0.0	4345		
4346	Pucciniomycotina	0.0	4346		
4347	Pucciniomycotina	0.0	4347		
4348	Pucciniomycotina	0.0	4348		
4349	Pucciniomycotina	0.0	4349		
4350	Pucciniomycotina	0.0	4350		
4351	Pucciniomycotina	0.0	4351		
4352	Pucciniomycotina	0.0	4352		
4353	Pucciniomycotina	0.0	4353		
4354	Pucciniomycotina	0.0	4354		
4355	Pucciniomycotina	0.0	4355		
4356	Pucciniomycotina	0.0	4356		
4357	Pucciniomycotina	0.0	4357		
4358	Pucciniomycotina	0.0	4358		
4359	Pucciniomycotina	0.0	4359		
4360	Pucciniomycotina	0.0	4360		
4361	Pucciniomycotina	0.0	4361		
4362	Pucciniomycotina	0.0	4362		
4363	Pucciniomycotina	0.0	4363		
4364	Pucciniomycotina	0.0	4364		
4365	Pucciniomycotina	0.0	4365		
4366	Pucciniomycotina	0.0	4366		
4367	Pucciniomycotina	0.0	4367		
4368	Pucciniomycotina	0.0	4368		
4369	Pucciniomycotina	0.0	4369		
4370	Pucciniomycotina	0.0	4370		
4371	Pucciniomycotina	0.0	4371		
4372	Pucciniomycotina	0.0012173632271988686	4372		
4373	Pucciniomycotina	0.00021075710714677642	4373		
4374	Pucciniomycotina	0.0002795883152386643	4374		
4375	Pucciniomycotina	0.0	4375		
4376	Pucciniomycotina	0.0	4376		
4377	Pucciniomycotina	0.0	4377		
4378	Pucciniomycotina	0.0	4378		
4379	Pucciniomycotina	0.0	4379		
4380	Pucciniomycotina	0.0	4380		
4381	Pucciniomycotina	0.0	4381		
4382	Pucciniomycotina	0.0	4382		
4383	Pucciniomycotina	0.0	4383		
4384	Pucciniomycotina	0.0	4384		
4385	Pucciniomycotina	0.0	4385		
4386	Pucciniomycotina	0.0	4386		
4387	Pucciniomycotina	0.0	4387		
4388	Pucciniomycotina	0.0	4388		
4389	Pucciniomycotina	0.0	4389		
4390	Pucciniomycotina	0.0	4390		
4391	Pucciniomycotina	0.0	4391		
4392	Pucciniomycotina	0.0	4392		
4393	Pucciniomycotina	0.0	4393		
4394	Pucciniomycotina	0.0	4394		
4395	Pucciniomycotina	0.0	4395		
4396	Pucciniomycotina	0.0	4396		
4397	Pucciniomycotina	0.0	4397		
4398	Pucciniomycotina	0.0	4398		
4399	Pucciniomycotina	0.0	4399		
4400	Pucciniomycotina	0.0	4400		
4401	Pucciniomycotina	0.0	4401		
4402	Pucciniomycotina	0.0	4402		
4403	Pucciniomycotina	0.0	4403		
4404	Pucciniomycotina	0.0	4404		
4405	Pucciniomycotina	0.0	4405		
4406	Pucciniomycotina	0.0	4406		
4407	Pucciniomycotina	0.0	4407		
4408	Pucciniomycotina	0.0	4408		
4409	Pucciniomycotina	0.0	4409		
4410	Pucciniomycotina	0.0	4410		
4411	Pucciniomycotina	0.0	4411		
4412	Pucciniomycotina	0.0	4412		
4413	Pucciniomycotina	0.0	4413		
4414	Pucciniomycotina	0.0	4414		
4415	Pucciniomycotina	0.0	4415		
4416	Pucciniomycotina	0.0	4416		
4417	Pucciniomycotina	0.0	4417		
4418	Pucciniomycotina	0.0	4418		
4419	Pucciniomycotina	0.0018815236106988942	4419		
4420	Pucciniomycotina	0.0	4420		
4421	Pucciniomycotina	0.1138260125260786	4421		
4422	Pucciniomycotina	0.0	4422		
4423	Pucciniomycotina	0.02405789982149324	4423		
4424	Pucciniomycotina	0.0	4424		
4425	Pucciniomycotina	0.0005091505988893942	4425		
4426	Pucciniomycotina	0.0	4426		
4427	Pucciniomycotina	0.0	4427		
4428	Pucciniomycotina	0.0	4428		
4429	Pucciniomycotina	0.0	4429		
4430	Pucciniomycotina	0.0	4430		
4431	Pucciniomycotina	0.0	4431		
4432	Pucciniomycotina	0.0	4432		
4433	Pucciniomycotina	0.0	4433		
4434	Pucciniomycotina	0.0	4434		
4435	Pucciniomycotina	0.0	4435		
4436	Pucciniomycotina	0.0	4436		
4437	Pucciniomycotina	0.0	4437		
4438	Pucciniomycotina	0.0	4438		
4439	Pucciniomycotina	0.0	4439		
4440	Pucciniomycotina	0.0	4440		
4441	Pucciniomycotina	0.0	4441		
4442	Pucciniomycotina	0.0	4442		
4443	Pucciniomycotina	0.0	4443		
4444	Pucciniomycotina	0.0	4444		
4445	Pucciniomycotina	0.0	4445		
4446	Pucciniomycotina	0.0	4446		
4447	Pucciniomycotina	0.0	4447		
4448	Pucciniomycotina	0.0	4448		
4449	Pucciniomycotina	0.0	4449		
4450	Pucciniomycotina	0.0	4450		
4451	Pucciniomycotina	0.00912936143843118	4451		
4452	Pucciniomycotina	0.0	4452		
4453	Pucciniomycotina	0.0	4453		
4454	Pucciniomycotina	0.001700174117148367	4454		
4455	Pucciniomycotina	0.0	4455		
4456	Pucciniomycotina	0.0	4456		
4457	Pucciniomycotina	0.0	4457		
4458	Pucciniomycotina	0.0074272446960349315	4458		
4459	Pucciniomycotina	0.0	4459		
4460	Pucciniomycotina	0.0	4460		
4461	Pucciniomycotina	0.0	4461		
4462	Pucciniomycotina	0.0	4462		
4463	Pucciniomycotina	0.0	4463		
4464	Pucciniomycotina	0.0	4464		
4465	Pucciniomycotina	0.0	4465		
4466	Pucciniomycotina	0.0	4466		
4467	Pucciniomycotina	0.0	4467		
4468	Pucciniomycotina	0.0	4468		
4469	Pucciniomycotina	0.0	4469		
4470	Pucciniomycotina	0.0	4470		
4471	Pucciniomycotina	0.0	4471		
4472	Pucciniomycotina	0.00018134159283841514	4472		
4473	Pucciniomycotina	0.0	4473		
4474	Pucciniomycotina	0.0	4474		
4475	Pucciniomycotina	0.0	4475		
4476	Pucciniomycotina	0.0	4476		
4477	Pucciniomycotina	0.0	4477		
4478	Pucciniomycotina	0.0	4478		
4479	Pucciniomycotina	0.0	4479		
4480	Pucciniomycotina	0.0	4480		
4481	Pucciniomycotina	0.0	4481		
4482	Pucciniomycotina	0.0	4482		
4483	Pucciniomycotina	0.0	4483		
4484	Pucciniomycotina	0.0	4484		
4485	Pucciniomycotina	0.0	4485		
4486	Pucciniomycotina	0.0	4486		
4487	Pucciniomycotina	0.00014681010503295403	4487		
4488	Pucciniomycotina	0.0	4488		
4489	Pucciniomycotina	0.0	4489		
4490	Pucciniomycotina	0.0	4490		
4491	Pucciniomycotina	0.0	4491		
4492	Pucciniomycotina	0.0	4492		
4493	Pucciniomycotina	0.0	4493		
4494	Pucciniomycotina	0.0	4494		
4495	Pucciniomycotina	0.0	4495		
4496	Pucciniomycotina	0.0	4496		
4497	Pucciniomycotina	0.0	4497		
4498	Pucciniomycotina	0.0	4498		
4499	Pucciniomycotina	0.0	4499		
4500	Pucciniomycotina	0.0	4500		
4501	Pucciniomycotina	0.0	4501		
4502	Pucciniomycotina	0.0	4502		
4503	Pucciniomycotina	0.0	4503		
4504	Pucciniomycotina	0.0	4504		
4505	Pucciniomycotina	0.0	4505		
4506	Pucciniomycotina	0.0	4506		
4507	Pucciniomycotina	0.0	4507		
4508	Pucciniomycotina	0.0	4508		
4509	Pucciniomycotina	0.0027306557615198175	4509		
4510	Pucciniomycotina	0.0	4510		
4511	Pucciniomycotina	0.0	4511		
4512	Pucciniomycotina	0.0	4512		
4513	Pucciniomycotina	0.0	4513		
4514	Pucciniomycotina	0.0	4514		
4515	Pucciniomycotina	0.0	4515		
4516	Pucciniomycotina	0.006707758162002524	4516		
4517	Pucciniomycotina	0.006990561148510486	4517		
4518	Pucciniomycotina	0.013417247345495681	4518		
4519	Pucciniomycotina	0.0	4519		
4520	Pucciniomycotina	0.0	4520		
4521	Pucciniomycotina	0.0	4521		
4522	Pucciniomycotina	0.0	4522		
4523	Pucciniomycotina	0.0	4523		
4524	Pucciniomycotina	0.0	4524		
4525	Pucciniomycotina	0.0	4525		
4526	Pucciniomycotina	0.0	4526		
4527	Pucciniomycotina	0.0	4527		
4528	Pucciniomycotina	0.0	4528		
4529	Pucciniomycotina	0.0	4529		
4530	Pucciniomycotina	0.0	4530		
4531	Pucciniomycotina	0.0	4531		
4532	Pucciniomycotina	0.0	4532		
4533	Pucciniomycotina	0.0	4533		
4534	Pucciniomycotina	0.0	4534		
4535	Pucciniomycotina	0.0	4535		
4536	Pucciniomycotina	0.0	4536		
4537	Pucciniomycotina	0.0	4537		
4538	Pucciniomycotina	0.0	4538		
4539	Pucciniomycotina	0.0	4539		
4540	Pucciniomycotina	0.0	4540		
4541	Pucciniomycotina	0.0	4541		
4542	Pucciniomycotina	0.0	4542		
4543	Pucciniomycotina	0.0	4543		
4544	Pucciniomycotina	0.0	4544		
4545	Pucciniomycotina	0.0	4545		
4546	Pucciniomycotina	0.0	4546		
4547	Pucciniomycotina	0.0	4547		
4548	Pucciniomycotina	0.0	4548		
4549	Pucciniomycotina	0.0	4549		
4550	Pucciniomycotina	0.0	4550		
4551	Pucciniomycotina	0.0	4551		
4552	Pucciniomycotina	0.0	4552		
4553	Pucciniomycotina	0.0	4553		
4554	Pucciniomycotina	0.0	4554		
4555	Pucciniomycotina	0.0	4555		
4556	Pucciniomycotina	0.0	4556		
4557	Pucciniomycotina	0.0	4557		
4558	Pucciniomycotina	0.0	4558		
4559	Pucciniomycotina	0.0	4559		
4560	Pucciniomycotina	0.0	4560		
4561	Pucciniomycotina	0.0	4561		
4562	Pucciniomycotina	0.0	4562		
4563	Pucciniomycotina	0.0	4563		
4564	Pucciniomycotina	0.0	4564		
4565	Pucciniomycotina	0.0	4565		
4566	Pucciniomycotina	0.0	4566		
4567	Pucciniomycotina	0.0	4567		
4568	Pucciniomycotina	0.0	4568		
4569	Pucciniomycotina	0.0	4569		
4570	Pucciniomycotina	0.0	4570		
4571	Pucciniomycotina	0.0	4571		
4572	Pucciniomycotina	0.0	4572		
4573	Pucciniomycotina	0.0	4573		
4574	Pucciniomycotina	0.0	4574		
4575	Pucciniomycotina	0.0	4575		
4576	Pucciniomycotina	0.0	4576		
4577	Pucciniomycotina	0.0	4577		
4578	Pucciniomycotina	0.0	4578		
4579	Pucciniomycotina	0.0	4579		
4580	Pucciniomycotina	0.0	4580		
4581	Pucciniomycotina	0.0	4581		
4582	Pucciniomycotina	0.0	4582		
4583	Pucciniomycotina	0.0	4583		
4584	Pucciniomycotina	0.0	4584		
4585	Pucciniomycotina	0.0	4585		
4586	Pucciniomycotina	0.0	4586		
4587	Pucciniomycotina	0.0	4587		
4588	Pucciniomycotina	0.0	4588		
4589	Pucciniomycotina	0.0	4589		
4590	Pucciniomycotina	0.0	4590		
4591	Pucciniomycotina	0.0	4591		
4592	Pucciniomycotina	0.0	4592		
4593	Pucciniomycotina	0.0	4593		
4594	Pucciniomycotina	0.0	4594		
4595	Pucciniomycotina	0.0	4595		
4596	Pucciniomycotina	0.0	4596		
4597	Pucciniomycotina	0.0	4597		
4598	Pucciniomycotina	0.0	4598		
4599	Pucciniomycotina	0.0	4599		
4600	Pucciniomycotina	0.0	4600		
4601	Pucciniomycotina	0.0	4601		
4602	Pucciniomycotina	0.0	4602		
4603	Pucciniomycotina	0.0	4603		
4604	Pucciniomycotina	0.0	4604		
4605	Pucciniomycotina	0.0	4605		
4606	Pucciniomycotina	0.0	4606		
4607	Pucciniomycotina	0.0	4607		
4608	Pucciniomycotina	0.0	4608		
4609	Pucciniomycotina	0.0	4609		
4610	Pucciniomycotina	0.0	4610		
4611	Pucciniomycotina	0.0	4611		
4612	Pucciniomycotina	0.0	4612		
4613	Pucciniomycotina	0.0	4613		
4614	Pucciniomycotina	0.0	4614		
4615	Pucciniomycotina	0.0	4615		
4616	Pucciniomycotina	0.0	4616		
4617	Pucciniomycotina	0.0	4617		
4618	Pucciniomycotina	0.0	4618		
4619	Pucciniomycotina	0.0	4619		
4620	Pucciniomycotina	0.0	4620		
4621	Pucciniomycotina	0.0	4621		
4622	Pucciniomycotina	0.0	4622		
4623	Pucciniomycotina	0.0	4623		
4624	Pucciniomycotina	0.0	4624		
4625	Pucciniomycotina	0.0	4625		
4626	Pucciniomycotina	0.0	4626		
4627	Pucciniomycotina	0.0	4627		
4628	Pucciniomycotina	0.0	4628		
4629	Pucciniomycotina	0.0	4629		
4630	Pucciniomycotina	0.0	4630		
4631	Pucciniomycotina	0.0	4631		
4632	Pucciniomycotina	0.0	4632		
4633	Pucciniomycotina	0.0	4633		
4634	Pucciniomycotina	0.0	4634		
4635	Pucciniomycotina	0.0	4635		
4636	Pucciniomycotina	0.0	4636		
4637	Pucciniomycotina	0.0	4637		
4638	Pucciniomycotina	0.0	4638		
4639	Pucciniomycotina	0.0	4639		
4640	Pucciniomycotina	0.0	4640		
4641	Pucciniomycotina	0.0	4641		
4642	Pucciniomycotina	0.0	4642		
4643	Pucciniomycotina	0.0	4643		
4644	Pucciniomycotina	0.0	4644		
4645	Pucciniomycotina	0.0	4645		
4646	Pucciniomycotina	0.0	4646		
4647	Pucciniomycotina	0.0	4647		
4648	Pucciniomycotina	0.0	4648		
4649	Pucciniomycotina	0.0	4649		
4650	Pucciniomycotina	0.0	4650		
4651	Pucciniomycotina	0.0	4651		
4652	Pucciniomycotina	0.0	4652		
4653	Pucciniomycotina	0.0	4653		
4654	Pucciniomycotina	0.0	4654		
4655	Pucciniomycotina	0.0	4655		
4656	Pucciniomycotina	0.0	4656		
4657	Pucciniomycotina	0.0	4657		
4658	Pucciniomycotina	0.0	4658		
4659	Pucciniomycotina	0.0	4659		
4660	Pucciniomycotina	0.0	4660		
4661	Pucciniomycotina	0.0	4661		
4662	Pucciniomycotina	0.0	4662		
4663	Pucciniomycotina	0.0	4663		
4664	Pucciniomycotina	0.0	4664		
4665	Pucciniomycotina	0.0	4665		
4666	Pucciniomycotina	0.0	4666		
4667	Pucciniomycotina	0.0	4667		
4668	Pucciniomycotina	0.0	4668		
4669	Pucciniomycotina	0.0	4669		
4670	Pucciniomycotina	0.0	4670		
4671	Pucciniomycotina	0.0	4671		
4672	Pucciniomycotina	0.0	4672		
4673	Pucciniomycotina	0.0	4673		
4674	Pucciniomycotina	0.0	4674		
4675	Pucciniomycotina	0.0	4675		
4676	Pucciniomycotina	0.0	4676		
4677	Pucciniomycotina	0.0	4677		
4678	Pucciniomycotina	0.0	4678		
4679	Pucciniomycotina	0.0	4679		
4680	Pucciniomycotina	0.0	4680		
4681	Pucciniomycotina	0.0	4681		
4682	Pucciniomycotina	0.0	4682		
4683	Pucciniomycotina	0.0	4683		
4684	Pucciniomycotina	0.0	4684		
4685	Pucciniomycotina	0.0	4685		
4686	Pucciniomycotina	0.0	4686		
4687	Pucciniomycotina	0.0	4687		
4688	Pucciniomycotina	0.0	4688		
4689	Pucciniomycotina	0.0	4689		
4690	Pucciniomycotina	0.0	4690		
4691	Pucciniomycotina	0.0	4691		
4692	Pucciniomycotina	0.0	4692		
4693	Pucciniomycotina	0.0	4693		
4694	Pucciniomycotina	0.0	4694		
4695	Pucciniomycotina	0.0	4695		
4696	Pucciniomycotina	0.0	4696		
4697	Pucciniomycotina	0.0	4697		
4698	Pucciniomycotina	0.0	4698		
4699	Pucciniomycotina	0.0	4699		
4700	Pucciniomycotina	0.0	4700		
4701	Pucciniomycotina	0.0	4701		
4702	Pucciniomycotina	0.0	4702		
4703	Pucciniomycotina	0.0	4703		
4704	Pucciniomycotina	0.0	4704		
4705	Pucciniomycotina	0.0	4705		
4706	Pucciniomycotina	0.0	4706		
4707	Pucciniomycotina	0.0	4707		
4708	Pucciniomycotina	0.0	4708		
4709	Pucciniomycotina	0.0	4709		
4710	Pucciniomycotina	0.0	4710		
4711	Pucciniomycotina	0.0	4711		
4712	Pucciniomycotina	0.0	4712		
4713	Pucciniomycotina	0.0	4713		
4714	Pucciniomycotina	0.0	4714		
4715	Pucciniomycotina	0.0	4715		
4716	Pucciniomycotina	0.0	4716		
4717	Pucciniomycotina	0.0	4717		
4718	Pucciniomycotina	0.0	4718		
4719	Pucciniomycotina	0.0	4719		
4720	Pucciniomycotina	0.0	4720		
4721	Pucciniomycotina	0.0	4721		
4722	Pucciniomycotina	0.0	4722		
4723	Pucciniomycotina	0.0	4723		
4724	Pucciniomycotina	0.0	4724		
4725	Pucciniomycotina	0.0	4725		
4726	Pucciniomycotina	0.0	4726		
4727	Pucciniomycotina	0.0	4727		
4728	Pucciniomycotina	0.0	4728		
4729	Pucciniomycotina	0.0	4729		
4730	Pucciniomycotina	0.0	4730		
4731	Pucciniomycotina	0.0	4731		
4732	Pucciniomycotina	0.0	4732		
4733	Pucciniomycotina	0.0	4733		
4734	Pucciniomycotina	0.0	4734		
4735	Pucciniomycotina	0.0	4735		
4736	Pucciniomycotina	0.0	4736		
4737	Pucciniomycotina	0.0	4737		
4738	Pucciniomycotina	0.0	4738		
4739	Pucciniomycotina	0.0384423517775313	4739		
4740	Pucciniomycotina	0.010658307701288438	4740		
4741	Pucciniomycotina	0.007742450453430037	4741		
4742	Pucciniomycotina	0.002510856639049903	4742		
4743	Pucciniomycotina	0.04609592074507981	4743		
4744	Pucciniomycotina	0.01298898770194766	4744		
4745	Pucciniomycotina	0.03606955923743274	4745		
4746	Pucciniomycotina	0.024412932570275214	4746		
4747	Pucciniomycotina	0.0	4747		
4748	Pucciniomycotina	0.0	4748		
4749	Pucciniomycotina	0.0	4749		
4750	Pucciniomycotina	0.0	4750		
4751	Pucciniomycotina	0.0	4751		
4752	Pucciniomycotina	0.0	4752		
4753	Pucciniomycotina	0.0	4753		
4754	Pucciniomycotina	0.0	4754		
4755	Pucciniomycotina	0.0	4755		
4756	Pucciniomycotina	0.0	4756		
4757	Pucciniomycotina	0.0	4757		
4758	Pucciniomycotina	0.0	4758		
4759	Pucciniomycotina	0.0	4759		
4760	Pucciniomycotina	0.0	4760		
4761	Pucciniomycotina	0.0	4761		
4762	Pucciniomycotina	0.0	4762		
4763	Pucciniomycotina	0.0	4763		
4764	Pucciniomycotina	0.0	4764		
4765	Pucciniomycotina	0.0	4765		
4766	Pucciniomycotina	0.0	4766		
4767	Pucciniomycotina	0.0	4767		
4768	Pucciniomycotina	0.0	4768		
4769	Pucciniomycotina	0.0	4769		
4770	Pucciniomycotina	0.0	4770		
4771	Pucciniomycotina	0.0	4771		
4772	Pucciniomycotina	0.0	4772		
4773	Pucciniomycotina	0.0	4773		
4774	Pucciniomycotina	0.0	4774		
4775	Pucciniomycotina	0.0	4775		
4776	Pucciniomycotina	0.0	4776		
4777	Pucciniomycotina	0.0	4777		
4778	Pucciniomycotina	0.0	4778		
4779	Pucciniomycotina	0.0	4779		
4780	Pucciniomycotina	0.0	4780		
4781	Pucciniomycotina	0.0	4781		
4782	Pucciniomycotina	0.0	4782		
4783	Pucciniomycotina	0.0	4783		
4784	Pucciniomycotina	0.0	4784		
4785	Pucciniomycotina	0.0	4785		
4786	Pucciniomycotina	0.0	4786		
4787	Pucciniomycotina	0.0	4787		
4788	Pucciniomycotina	0.0	4788		
4789	Pucciniomycotina	0.0	4789		
4790	Pucciniomycotina	0.0	4790		
4791	Pucciniomycotina	0.0	4791		
4792	Pucciniomycotina	0.0	4792		
4793	Pucciniomycotina	0.0	4793		
4794	Pucciniomycotina	0.0	4794		
4795	Pucciniomycotina	0.0	4795		
4796	Pucciniomycotina	0.0	4796		
4797	Pucciniomycotina	0.0	4797		
4798	Pucciniomycotina	0.0	4798		
4799	Pucciniomycotina	0.0	4799		
4800	Pucciniomycotina	0.0	4800		
4801	Pucciniomycotina	0.0	4801		
4802	Pucciniomycotina	0.0	4802		
4803	Pucciniomycotina	0.0	4803		
4804	Pucciniomycotina	0.0	4804		
4805	Pucciniomycotina	0.0	4805		
4806	Pucciniomycotina	0.0	4806		
4807	Pucciniomycotina	0.0	4807		
4808	Pucciniomycotina	0.0	4808		
4809	Pucciniomycotina	0.0	4809		
4810	Pucciniomycotina	0.0	4810		
4811	Pucciniomycotina	0.0	4811		
4812	Pucciniomycotina	0.0	4812		
4813	Pucciniomycotina	0.0	4813		
4814	Pucciniomycotina	0.0	4814		
4815	Pucciniomycotina	0.0	4815		
4816	Pucciniomycotina	0.0	4816		
4817	Pucciniomycotina	0.0	4817		
4818	Pucciniomycotina	0.0	4818		
4819	Pucciniomycotina	0.0	4819		
4820	Pucciniomycotina	0.0	4820		
4821	Pucciniomycotina	0.0	4821		
4822	Pucciniomycotina	0.0	4822		
4823	Pucciniomycotina	0.0	4823		
4824	Pucciniomycotina	0.0	4824		
4825	Pucciniomycotina	0.0	4825		
4826	Pucciniomycotina	0.0	4826		
4827	Pucciniomycotina	0.0	4827		
4828	Pucciniomycotina	0.0	4828		
4829	Pucciniomycotina	0.0	4829		
4830	Pucciniomycotina	0.0	4830		
4831	Pucciniomycotina	0.0	4831		
4832	Pucciniomycotina	0.0	4832		
4833	Pucciniomycotina	0.0	4833		
4834	Pucciniomycotina	0.0	4834		
4835	Pucciniomycotina	0.0	4835		
4836	Pucciniomycotina	0.0	4836		
4837	Pucciniomycotina	0.0	4837		
4838	Pucciniomycotina	0.0	4838		
4839	Pucciniomycotina	0.0	4839		
4840	Pucciniomycotina	0.0	4840		
4841	Pucciniomycotina	0.0	4841		
4842	Pucciniomycotina	0.0	4842		
4843	Pucciniomycotina	0.0	4843		
4844	Pucciniomycotina	0.0	4844		
4845	Pucciniomycotina	0.0	4845		
4846	Pucciniomycotina	0.0	4846		
4847	Pucciniomycotina	0.0	4847		
4848	Pucciniomycotina	0.0	4848		
4849	Pucciniomycotina	0.0	4849		
4850	Pucciniomycotina	0.0	4850		
4851	Pucciniomycotina	0.0	4851		
4852	Pucciniomycotina	0.0	4852		
4853	Pucciniomycotina	0.0	4853		
4854	Pucciniomycotina	0.0	4854		
4855	Pucciniomycotina	0.0	4855		
4856	Pucciniomycotina	0.0	4856		
4857	Pucciniomycotina	0.0	4857		
4858	Pucciniomycotina	0.0	4858		
4859	Pucciniomycotina	0.0	4859		
4860	Pucciniomycotina	0.0	4860		
4861	Pucciniomycotina	0.0	4861		
4862	Pucciniomycotina	0.0	4862		
4863	Pucciniomycotina	0.0	4863		
4864	Pucciniomycotina	0.0	4864		
4865	Pucciniomycotina	0.0	4865		
4866	Pucciniomycotina	0.0	4866		
4867	Pucciniomycotina	0.0	4867		
4868	Pucciniomycotina	0.0	4868		
4869	Pucciniomycotina	0.0	4869		
4870	Pucciniomycotina	0.0	4870		
4871	Pucciniomycotina	0.0	4871		
4872	Pucciniomycotina	0.0	4872		
4873	Pucciniomycotina	0.0	4873		
4874	Pucciniomycotina	0.0	4874		
4875	Pucciniomycotina	0.0	4875		
4876	Pucciniomycotina	0.0	4876		
4877	Pucciniomycotina	0.0	4877		
4878	Pucciniomycotina	0.0	4878		
4879	Pucciniomycotina	0.0	4879		
4880	Pucciniomycotina	0.0	4880		
4881	Pucciniomycotina	0.0	4881		
4882	Pucciniomycotina	0.0	4882		
4883	Pucciniomycotina	0.0	4883		
4884	Pucciniomycotina	0.0	4884		
4885	Pucciniomycotina	0.0	4885		
4886	Pucciniomycotina	0.0	4886		
4887	Pucciniomycotina	0.0	4887		
4888	Pucciniomycotina	0.0	4888		
4889	Pucciniomycotina	0.0	4889		
4890	Pucciniomycotina	0.0	4890		
4891	Pucciniomycotina	0.0	4891		
4892	Pucciniomycotina	0.0	4892		
4893	Pucciniomycotina	0.0	4893		
4894	Pucciniomycotina	0.0	4894		
4895	Pucciniomycotina	0.0	4895		
4896	Pucciniomycotina	0.0	4896		
4897	Pucciniomycotina	0.0	4897		
4898	Pucciniomycotina	0.0	4898		
4899	Pucciniomycotina	0.0	4899		
4900	Pucciniomycotina	0.0	4900		
4901	Pucciniomycotina	0.0	4901		
4902	Pucciniomycotina	0.0	4902		
4903	Pucciniomycotina	0.0	4903		
4904	Pucciniomycotina	0.0	4904		
4905	Pucciniomycotina	0.0	4905		
4906	Pucciniomycotina	0.0	4906		
4907	Pucciniomycotina	0.0	4907		
4908	Pucciniomycotina	0.0	4908		
4909	Pucciniomycotina	0.0	4909		
4910	Pucciniomycotina	0.0	4910		
4911	Pucciniomycotina	0.0	4911		
4912	Pucciniomycotina	0.0	4912		
4913	Pucciniomycotina	0.0	4913		
4914	Pucciniomycotina	0.0	4914		
4915	Pucciniomycotina	0.0	4915		
4916	Pucciniomycotina	0.0	4916		
4917	Pucciniomycotina	0.0	4917		
4918	Pucciniomycotina	0.0	4918		
4919	Pucciniomycotina	0.0	4919		
4920	Pucciniomycotina	0.0	4920		
4921	Pucciniomycotina	0.0	4921		
4922	Pucciniomycotina	0.0	4922		
4923	Pucciniomycotina	0.0	4923		
4924	Pucciniomycotina	0.0	4924		
4925	Pucciniomycotina	0.0	4925		
4926	Pucciniomycotina	0.0	4926		
4927	Pucciniomycotina	0.0	4927		
4928	Pucciniomycotina	0.0	4928		
4929	Pucciniomycotina	0.0	4929		
4930	Pucciniomycotina	0.0	4930		
4931	Pucciniomycotina	0.0	4931		
4932	Pucciniomycotina	0.0	4932		
4933	Pucciniomycotina	0.0	4933		
4934	Pucciniomycotina	0.0	4934		
4935	Pucciniomycotina	0.0	4935		
4936	Pucciniomycotina	0.0	4936		
4937	Pucciniomycotina	0.0	4937		
4938	Pucciniomycotina	0.0	4938		
4939	Pucciniomycotina	0.0	4939		
4940	Pucciniomycotina	0.0	4940		
4941	Pucciniomycotina	0.0	4941		
4942	Pucciniomycotina	0.0	4942		
4943	Pucciniomycotina	0.0	4943		
4944	Pucciniomycotina	0.0	4944		
4945	Pucciniomycotina	0.0	4945		
4946	Pucciniomycotina	0.0	4946		
4947	Pucciniomycotina	0.0	4947		
4948	Pucciniomycotina	0.0	4948		
4949	Pucciniomycotina	0.0	4949		
4950	Pucciniomycotina	0.0	4950		
4951	Pucciniomycotina	0.0	4951		
4952	Pucciniomycotina	0.0	4952		
4953	Pucciniomycotina	0.0	4953		
4954	Pucciniomycotina	0.0	4954		
4955	Pucciniomycotina	0.0	4955		
4956	Pucciniomycotina	0.0	4956		
4957	Pucciniomycotina	0.0	4957		
4958	Pucciniomycotina	0.0	4958		
4959	Pucciniomycotina	0.0	4959		
4960	Pucciniomycotina	0.0	4960		
4961	Pucciniomycotina	0.0	4961		
4962	Pucciniomycotina	0.0	4962		
4963	Pucciniomycotina	0.0	4963		
4964	Pucciniomycotina	0.0	4964		
4965	Pucciniomycotina	0.0	4965		
4966	Pucciniomycotina	0.0	4966		
4967	Pucciniomycotina	0.0	4967		
4968	Pucciniomycotina	0.0	4968		
4969	Pucciniomycotina	0.0	4969		
4970	Pucciniomycotina	0.0	4970		
4971	Pucciniomycotina	0.0	4971		
4972	Pucciniomycotina	0.0	4972		
4973	Pucciniomycotina	0.0	4973		
4974	Pucciniomycotina	0.0	4974		
4975	Pucciniomycotina	0.0	4975		
4976	Pucciniomycotina	0.0	4976		
4977	Pucciniomycotina	0.0	4977		
4978	Pucciniomycotina	0.0	4978		
4979	Pucciniomycotina	0.0	4979		
4980	Pucciniomycotina	0.0	4980		
4981	Pucciniomycotina	0.0	4981		
4982	Pucciniomycotina	0.0	4982		
4983	Pucciniomycotina	0.0	4983		
4984	Pucciniomycotina	0.0	4984		
4985	Pucciniomycotina	0.0	4985		
4986	Pucciniomycotina	0.0	4986		
4987	Pucciniomycotina	0.0	4987		
4988	Pucciniomycotina	0.0	4988		
4989	Pucciniomycotina	0.0	4989		
4990	Pucciniomycotina	0.0	4990		
4991	Pucciniomycotina	0.0	4991		
4992	Pucciniomycotina	0.0	4992		
4993	Pucciniomycotina	0.0	4993		
4994	Pucciniomycotina	0.0	4994		
4995	Pucciniomycotina	0.0	4995		
4996	Pucciniomycotina	0.0	4996		
4997	Pucciniomycotina	0.0	4997		
4998	Pucciniomycotina	0.0	4998		
4999	Pucciniomycotina	0.0	4999		
5000	Pucciniomycotina	0.0	5000		
5001	Pucciniomycotina	0.0	5001		
5002	Pucciniomycotina	0.0	5002		
5003	Pucciniomycotina	0.0	5003		
5004	Pucciniomycotina	0.0	5004		
5005	Pucciniomycotina	0.0	5005		
5006	Pucciniomycotina	0.0	5006		
5007	Pucciniomycotina	0.0	5007		
5008	Pucciniomycotina	0.0	5008		
5009	Pucciniomycotina	0.0	5009		
5010	Pucciniomycotina	0.0	5010		
5011	Pucciniomycotina	0.0	5011		
5012	Pucciniomycotina	0.0	5012		
5013	Pucciniomycotina	0.0	5013		
5014	Pucciniomycotina	0.0	5014		
5015	Pucciniomycotina	0.0	5015		
5016	Pucciniomycotina	0.0	5016		
5017	Pucciniomycotina	0.0	5017		
5018	Pucciniomycotina	0.0	5018		
5019	Pucciniomycotina	0.0	5019		
5020	Pucciniomycotina	0.0	5020		
5021	Pucciniomycotina	0.0	5021		
5022	Pucciniomycotina	0.0	5022		
5023	Pucciniomycotina	0.0	5023		
5024	Pucciniomycotina	0.0	5024		
5025	Pucciniomycotina	0.0	5025		
5026	Pucciniomycotina	0.0	5026		
5027	Pucciniomycotina	0.0	5027		
5028	Pucciniomycotina	0.0	5028		
5029	Pucciniomycotina	0.0	5029		
5030	Pucciniomycotina	0.0	5030		
5031	Pucciniomycotina	0.0	5031		
5032	Pucciniomycotina	0.0	5032		
5033	Pucciniomycotina	0.0	5033		
5034	Pucciniomycotina	0.0	5034		
5035	Pucciniomycotina	0.0	5035		
5036	Pucciniomycotina	0.0	5036		
5037	Pucciniomycotina	0.0	5037		
5038	Pucciniomycotina	0.0	5038		
5039	Pucciniomycotina	0.0	5039		
5040	Pucciniomycotina	0.0	5040		
5041	Pucciniomycotina	0.0	5041		
5042	Pucciniomycotina	0.0	5042		
5043	Pucciniomycotina	0.0	5043		
5044	Pucciniomycotina	0.0	5044		
5045	Pucciniomycotina	0.0	5045		
5046	Pucciniomycotina	0.0	5046		
5047	Pucciniomycotina	0.0	5047		
5048	Pucciniomycotina	0.0	5048		
5049	Pucciniomycotina	0.0	5049		
5050	Pucciniomycotina	0.0	5050		
5051	Pucciniomycotina	0.0	5051		
5052	Pucciniomycotina	0.0	5052		
5053	Pucciniomycotina	0.0	5053		
5054	Pucciniomycotina	0.0	5054		
5055	Pucciniomycotina	0.0	5055		
5056	Pucciniomycotina	0.0	5056		
5057	Pucciniomycotina	0.0	5057		
5058	Pucciniomycotina	0.0	5058		
5059	Pucciniomycotina	0.0	5059		
5060	Pucciniomycotina	0.0	5060		
5061	Pucciniomycotina	0.0	5061		
5062	Pucciniomycotina	0.0	5062		
5063	Pucciniomycotina	0.0	5063		
5064	Pucciniomycotina	0.0	5064		
5065	Pucciniomycotina	0.0	5065		
5066	Pucciniomycotina	0.0	5066		
5067	Pucciniomycotina	0.0	5067		
5068	Pucciniomycotina	0.0	5068		
5069	Pucciniomycotina	0.0	5069		
5070	Pucciniomycotina	0.0	5070		
5071	Pucciniomycotina	0.0	5071		
5072	Pucciniomycotina	0.0	5072		
5073	Pucciniomycotina	0.0	5073		
5074	Pucciniomycotina	0.0	5074		
5075	Pucciniomycotina	0.0	5075		
5076	Pucciniomycotina	0.0	5076		
5077	Pucciniomycotina	0.0	5077		
5078	Pucciniomycotina	0.0	5078		
5079	Pucciniomycotina	0.0	5079		
5080	Pucciniomycotina	0.0	5080		
5081	Pucciniomycotina	0.0	5081		
5082	Pucciniomycotina	0.0	5082		
5083	Pucciniomycotina	0.0	5083		
5084	Pucciniomycotina	0.0	5084		
5085	Pucciniomycotina	0.0	5085		
5086	Pucciniomycotina	0.0	5086		
5087	Pucciniomycotina	0.0	5087		
5088	Pucciniomycotina	0.0	5088		
5089	Pucciniomycotina	0.0	5089		
5090	Pucciniomycotina	0.0	5090		
5091	Pucciniomycotina	0.0	5091		
5092	Pucciniomycotina	0.0	5092		
5093	Pucciniomycotina	0.0	5093		
5094	Pucciniomycotina	0.0	5094		
5095	Pucciniomycotina	0.0	5095		
5096	Pucciniomycotina	0.0	5096		
5097	Pucciniomycotina	0.0	5097		
5098	Pucciniomycotina	0.0	5098		
5099	Pucciniomycotina	0.0	5099		
5100	Pucciniomycotina	0.0	5100		
5101	Pucciniomycotina	0.0	5101		
5102	Pucciniomycotina	0.0	5102		
5103	Pucciniomycotina	0.0	5103		
5104	Pucciniomycotina	0.0	5104		
5105	Pucciniomycotina	0.0	5105		
5106	Pucciniomycotina	0.0	5106		
5107	Pucciniomycotina	0.0	5107		
5108	Pucciniomycotina	0.0	5108		
5109	Pucciniomycotina	0.0	5109		
5110	Pucciniomycotina	0.0	5110		
5111	Pucciniomycotina	0.0	5111		
5112	Pucciniomycotina	0.0	5112		
5113	Pucciniomycotina	0.0	5113		
5114	Pucciniomycotina	0.0	5114		
5115	Pucciniomycotina	0.0	5115		
5116	Pucciniomycotina	0.0	5116		
5117	Pucciniomycotina	0.0	5117		
5118	Pucciniomycotina	0.0	5118		
5119	Pucciniomycotina	0.0	5119		
5120	Pucciniomycotina	0.0	5120		
5121	Pucciniomycotina	0.0	5121		
5122	Pucciniomycotina	0.0	5122		
5123	Pucciniomycotina	0.0	5123		
5124	Pucciniomycotina	0.0	5124		
5125	Pucciniomycotina	0.0	5125		
5126	Pucciniomycotina	0.0	5126		
5127	Pucciniomycotina	0.0	5127		
5128	Pucciniomycotina	0.0	5128		
5129	Pucciniomycotina	0.0007690080190916804	5129		
5130	Pucciniomycotina	0.0	5130		
5131	Pucciniomycotina	0.0	5131		
5132	Pucciniomycotina	0.0	5132		
5133	Pucciniomycotina	0.0	5133		
5134	Pucciniomycotina	0.0	5134		
5135	Pucciniomycotina	0.0	5135		
5136	Pucciniomycotina	0.0	5136		
5137	Pucciniomycotina	0.0	5137		
5138	Pucciniomycotina	0.0	5138		
5139	Pucciniomycotina	0.0	5139		
5140	Pucciniomycotina	0.0	5140		
5141	Pucciniomycotina	0.0	5141		
5142	Pucciniomycotina	0.0	5142		
5143	Pucciniomycotina	0.0	5143		
5144	Pucciniomycotina	0.0	5144		
5145	Pucciniomycotina	0.0	5145		
5146	Pucciniomycotina	0.0	5146		
5147	Pucciniomycotina	0.0	5147		
5148	Pucciniomycotina	0.0	5148		
5149	Pucciniomycotina	0.0	5149		
5150	Pucciniomycotina	0.0	5150		
5151	Pucciniomycotina	0.0	5151		
5152	Pucciniomycotina	0.0	5152		
5153	Pucciniomycotina	0.0	5153		
5154	Pucciniomycotina	0.0	5154		
5155	Pucciniomycotina	0.0	5155		
5156	Pucciniomycotina	0.0	5156		
5157	Pucciniomycotina	0.0	5157		
5158	Pucciniomycotina	0.0	5158		
5159	Pucciniomycotina	0.0	5159		
5160	Pucciniomycotina	0.0	5160		
5161	Pucciniomycotina	0.0	5161		
5162	Pucciniomycotina	0.0	5162		
5163	Pucciniomycotina	0.0	5163		
5164	Pucciniomycotina	0.0	5164		
5165	Pucciniomycotina	0.0	5165		
5166	Pucciniomycotina	0.0	5166		
5167	Pucciniomycotina	0.0	5167		
5168	Pucciniomycotina	0.0	5168		
5169	Pucciniomycotina	0.0	5169		
5170	Pucciniomycotina	0.0	5170		
5171	Pucciniomycotina	0.0	5171		
5172	Pucciniomycotina	0.0	5172		
5173	Pucciniomycotina	0.0	5173		
5174	Pucciniomycotina	0.0	5174		
5175	Pucciniomycotina	0.0	5175		
5176	Pucciniomycotina	0.0	5176		
5177	Pucciniomycotina	0.0	5177		
5178	Pucciniomycotina	0.0	5178		
5179	Pucciniomycotina	0.0	5179		
5180	Pucciniomycotina	0.0	5180		
5181	Pucciniomycotina	0.0	5181		
5182	Pucciniomycotina	0.0	5182		
5183	Pucciniomycotina	0.0	5183		
5184	Pucciniomycotina	0.0	5184		
5185	Pucciniomycotina	0.0	5185		
5186	Pucciniomycotina	0.0	5186		
5187	Pucciniomycotina	0.0	5187		
5188	Pucciniomycotina	0.0	5188		
5189	Pucciniomycotina	0.0	5189		
5190	Pucciniomycotina	0.0	5190		
5191	Pucciniomycotina	0.0	5191		
5192	Pucciniomycotina	0.0	5192		
5193	Pucciniomycotina	0.0	5193		
5194	Pucciniomycotina	0.0	5194		
5195	Pucciniomycotina	0.0	5195		
5196	Pucciniomycotina	0.0	5196		
5197	Pucciniomycotina	0.0	5197		
5198	Pucciniomycotina	0.0	5198		
5199	Pucciniomycotina	0.0	5199		
5200	Pucciniomycotina	0.0	5200		
5201	Pucciniomycotina	0.0	5201		
5202	Pucciniomycotina	0.0	5202		
5203	Pucciniomycotina	0.0	5203		
5204	Pucciniomycotina	0.0	5204		
5205	Pucciniomycotina	0.0	5205		
5206	Pucciniomycotina	0.0	5206		
5207	Pucciniomycotina	0.0	5207		
5208	Pucciniomycotina	0.0	5208		
5209	Pucciniomycotina	0.0	5209		
5210	Pucciniomycotina	0.0	5210		
5211	Pucciniomycotina	0.0	5211		
5212	Pucciniomycotina	0.0	5212		
5213	Pucciniomycotina	0.0	5213		
5214	Pucciniomycotina	0.0	5214		
5215	Pucciniomycotina	0.0	5215		
5216	Pucciniomycotina	0.0	5216		
5217	Pucciniomycotina	0.0	5217		
5218	Pucciniomycotina	0.0	5218		
5219	Pucciniomycotina	0.0	5219		
5220	Pucciniomycotina	0.0	5220		
5221	Pucciniomycotina	0.0	5221		
5222	Pucciniomycotina	0.0	5222		
5223	Pucciniomycotina	0.0	5223		
5224	Pucciniomycotina	0.0	5224		
5225	Pucciniomycotina	0.0	5225		
5226	Pucciniomycotina	0.0	5226		
5227	Pucciniomycotina	0.0	5227		
5228	Pucciniomycotina	0.0	5228		
5229	Pucciniomycotina	0.0	5229		
5230	Pucciniomycotina	0.0	5230		
5231	Pucciniomycotina	0.0	5231		
5232	Pucciniomycotina	0.0	5232		
5233	Pucciniomycotina	0.0	5233		
5234	Pucciniomycotina	0.0	5234		
5235	Pucciniomycotina	0.0	5235		
5236	Pucciniomycotina	0.0	5236		
5237	Pucciniomycotina	0.0	5237		
5238	Pucciniomycotina	0.0	5238		
5239	Pucciniomycotina	0.0	5239		
5240	Pucciniomycotina	0.0	5240		
5241	Pucciniomycotina	0.0	5241		
5242	Pucciniomycotina	0.0	5242		
5243	Pucciniomycotina	0.0	5243		
5244	Pucciniomycotina	0.0	5244		
5245	Pucciniomycotina	0.0	5245		
5246	Pucciniomycotina	0.0	5246		
5247	Pucciniomycotina	0.0	5247		
5248	Pucciniomycotina	0.0	5248		
5249	Pucciniomycotina	0.0	5249		
5250	Pucciniomycotina	0.0	5250		
5251	Pucciniomycotina	0.0	5251		
5252	Pucciniomycotina	0.0	5252		
5253	Pucciniomycotina	0.0	5253		
5254	Pucciniomycotina	0.0	5254		
5255	Pucciniomycotina	0.0	5255		
5256	Pucciniomycotina	0.0	5256		
5257	Pucciniomycotina	0.0	5257		
5258	Pucciniomycotina	0.0	5258		
5259	Pucciniomycotina	0.0	5259		
5260	Pucciniomycotina	0.0	5260		
5261	Pucciniomycotina	0.0	5261		
5262	Pucciniomycotina	0.0	5262		
5263	Pucciniomycotina	0.0	5263		
5264	Pucciniomycotina	0.015314642414857495	5264		
5265	Pucciniomycotina	0.0	5265		
5266	Pucciniomycotina	0.0	5266		
5267	Pucciniomycotina	0.0	5267		
5268	Pucciniomycotina	0.0	5268		
5269	Pucciniomycotina	0.02638752819066204	5269		
5270	Pucciniomycotina	0.0	5270		
5271	Pucciniomycotina	0.0	5271		
5272	Pucciniomycotina	0.0010492008427944225	5272		
5273	Pucciniomycotina	0.0	5273		
5274	Pucciniomycotina	0.0	5274		
5275	Pucciniomycotina	0.0	5275		
5276	Pucciniomycotina	0.0016870962032038233	5276		
5277	Pucciniomycotina	0.0	5277		
5278	Pucciniomycotina	0.0	5278		
5279	Pucciniomycotina	0.08373912088759908	5279		
5280	Pucciniomycotina	0.0	5280		
5281	Pucciniomycotina	0.0	5281		
5282	Pucciniomycotina	0.0	5282		
5283	Pucciniomycotina	0.0	5283		
5284	Pucciniomycotina	0.0	5284		
5285	Pucciniomycotina	0.0	5285		
5286	Pucciniomycotina	0.0	5286		
5287	Pucciniomycotina	0.0	5287		
5288	Pucciniomycotina	0.0	5288		
5289	Pucciniomycotina	0.0	5289		
5290	Pucciniomycotina	0.0	5290		
5291	Pucciniomycotina	0.0	5291		
5292	Pucciniomycotina	0.0	5292		
5293	Pucciniomycotina	0.0	5293		
5294	Pucciniomycotina	0.0	5294		
5295	Pucciniomycotina	0.0022750674898770872	5295		
5296	Pucciniomycotina	0.0	5296		
5297	Pucciniomycotina	0.0	5297		
5298	Pucciniomycotina	0.0	5298		
5299	Pucciniomycotina	0.0	5299		
5300	Pucciniomycotina	0.0	5300		
5301	Pucciniomycotina	0.0	5301		
5302	Pucciniomycotina	0.0	5302		
5303	Pucciniomycotina	0.0	5303		
5304	Pucciniomycotina	0.0	5304		
5305	Pucciniomycotina	0.0	5305		
5306	Pucciniomycotina	0.0	5306		
5307	Pucciniomycotina	0.0	5307		
5308	Pucciniomycotina	0.0	5308		
5309	Pucciniomycotina	0.0	5309		
5310	Pucciniomycotina	0.0	5310		
5311	Pucciniomycotina	0.03654301039445629	5311		
5312	Pucciniomycotina	0.0	5312		
5313	Pucciniomycotina	0.0	5313		
5314	Pucciniomycotina	0.0	5314		
5315	Pucciniomycotina	0.0	5315		
5316	Pucciniomycotina	0.0	5316		
5317	Pucciniomycotina	0.0	5317		
5318	Pucciniomycotina	0.0	5318		
5319	Pucciniomycotina	0.0	5319		
5320	Pucciniomycotina	0.0	5320		
5321	Pucciniomycotina	0.0	5321		
5322	Pucciniomycotina	0.0	5322		
5323	Pucciniomycotina	0.0	5323		
5324	Pucciniomycotina	0.0	5324		
5325	Pucciniomycotina	0.0	5325		
5326	Pucciniomycotina	0.0	5326		
5327	Pucciniomycotina	0.0	5327		
5328	Pucciniomycotina	0.0	5328		
5329	Pucciniomycotina	0.0	5329		
5330	Pucciniomycotina	0.0	5330		
5331	Pucciniomycotina	0.0	5331		
5332	Pucciniomycotina	0.04930157581457159	5332		
5333	Pucciniomycotina	0.004858641322631806	5333		
5334	Pucciniomycotina	0.0	5334		
5335	Pucciniomycotina	0.0	5335		
5336	Pucciniomycotina	0.0	5336		
5337	Pucciniomycotina	0.0	5337		
5338	Pucciniomycotina	0.0	5338		
5339	Pucciniomycotina	0.0	5339		
5340	Pucciniomycotina	0.008570270016627033	5340		
5341	Pucciniomycotina	0.0	5341		
5342	Pucciniomycotina	0.0	5342		
5343	Pucciniomycotina	0.008802065253388556	5343		
5344	Pucciniomycotina	0.0	5344		
5345	Pucciniomycotina	0.0	5345		
5346	Pucciniomycotina	0.0	5346		
5347	Pucciniomycotina	0.0	5347		
5348	Pucciniomycotina	0.0	5348		
5349	Pucciniomycotina	0.0	5349		
5350	Pucciniomycotina	0.0	5350		
5351	Pucciniomycotina	0.0	5351		
5352	Pucciniomycotina	0.0	5352		
5353	Pucciniomycotina	0.0	5353		
5354	Pucciniomycotina	0.0	5354		
5355	Pucciniomycotina	0.0	5355		
5356	Pucciniomycotina	0.0	5356		
5357	Pucciniomycotina	0.0	5357		
5358	Pucciniomycotina	0.0	5358		
5359	Pucciniomycotina	0.0	5359		
5360	Pucciniomycotina	0.0	5360		
5361	Pucciniomycotina	0.0	5361		
5362	Pucciniomycotina	0.0	5362		
5363	Pucciniomycotina	0.0	5363		
5364	Pucciniomycotina	0.0	5364		
5365	Pucciniomycotina	0.0	5365		
5366	Pucciniomycotina	0.0	5366		
5367	Pucciniomycotina	0.0	5367		
5368	Pucciniomycotina	0.0	5368		
5369	Pucciniomycotina	0.0	5369		
5370	Pucciniomycotina	0.0	5370		
5371	Pucciniomycotina	0.0	5371		
5372	Pucciniomycotina	0.0	5372		
5373	Pucciniomycotina	0.0	5373		
5374	Pucciniomycotina	0.0	5374		
5375	Pucciniomycotina	0.0	5375		
5376	Pucciniomycotina	0.0	5376		
5377	Pucciniomycotina	0.0	5377		
5378	Pucciniomycotina	0.0	5378		
5379	Pucciniomycotina	0.0	5379		
5380	Pucciniomycotina	0.0	5380		
5381	Pucciniomycotina	0.0	5381		
5382	Pucciniomycotina	0.0	5382		
5383	Pucciniomycotina	0.0	5383		
5384	Pucciniomycotina	0.0	5384		
5385	Pucciniomycotina	0.0	5385		
5386	Pucciniomycotina	0.0	5386		
5387	Pucciniomycotina	0.0	5387		
5388	Pucciniomycotina	0.0	5388		
5389	Pucciniomycotina	0.0	5389		
5390	Pucciniomycotina	0.0	5390		
5391	Pucciniomycotina	0.0	5391		
5392	Pucciniomycotina	0.0	5392		
5393	Pucciniomycotina	0.0	5393		
5394	Pucciniomycotina	0.0	5394		
5395	Pucciniomycotina	0.0	5395		
5396	Pucciniomycotina	0.0	5396		
5397	Pucciniomycotina	0.0	5397		
5398	Pucciniomycotina	0.0	5398		
5399	Pucciniomycotina	0.0	5399		
5400	Pucciniomycotina	0.0	5400		
5401	Pucciniomycotina	0.0	5401		
5402	Pucciniomycotina	0.0	5402		
5403	Pucciniomycotina	0.0	5403		
5404	Pucciniomycotina	0.0	5404		
5405	Pucciniomycotina	0.0	5405		
5406	Pucciniomycotina	0.0	5406		
5407	Pucciniomycotina	0.0	5407		
5408	Pucciniomycotina	0.0	5408		
5409	Pucciniomycotina	0.0	5409		
5410	Pucciniomycotina	0.0	5410		
5411	Pucciniomycotina	0.0	5411		
5412	Pucciniomycotina	0.0	5412		
5413	Pucciniomycotina	0.35743816846216775	5413		
5414	Pucciniomycotina	0.289125444563136	5414		
5415	Pucciniomycotina	0.035729715420836	5415		
5416	Pucciniomycotina	0.02595237911723735	5416		
5417	Pucciniomycotina	0.017219235569965366	5417		
5418	Pucciniomycotina	0.02245249736208327	5418		
5419	Pucciniomycotina	0.0	5419		
5420	Pucciniomycotina	0.0	5420		
5421	Pucciniomycotina	0.0	5421		
5422	Pucciniomycotina	0.0	5422		
5423	Pucciniomycotina	0.0	5423		
5424	Pucciniomycotina	0.0	5424		
5425	Pucciniomycotina	0.03710601647430853	5425		
5426	Pucciniomycotina	0.03888331582425626	5426		
5427	Pucciniomycotina	0.05158509084789123	5427		
5428	Pucciniomycotina	0.06868893495409889	5428		
5429	Pucciniomycotina	0.0	5429		
5430	Pucciniomycotina	0.0	5430		
5431	Pucciniomycotina	0.0	5431		
5432	Pucciniomycotina	0.0	5432		
5433	Pucciniomycotina	0.0	5433		
5434	Pucciniomycotina	0.0	5434		
5435	Pucciniomycotina	0.0	5435		
5436	Pucciniomycotina	0.0	5436		
5437	Pucciniomycotina	0.0	5437		
5438	Pucciniomycotina	0.0	5438		
5439	Pucciniomycotina	0.0	5439		
5440	Pucciniomycotina	0.0	5440		
5441	Pucciniomycotina	0.0	5441		
5442	Pucciniomycotina	0.0	5442		
5443	Pucciniomycotina	0.0	5443		
5444	Pucciniomycotina	0.0	5444		
5445	Pucciniomycotina	0.0	5445		
5446	Pucciniomycotina	0.0	5446		
5447	Pucciniomycotina	0.0	5447		
5448	Pucciniomycotina	0.0	5448		
5449	Pucciniomycotina	0.0	5449		
5450	Pucciniomycotina	0.0	5450		
5451	Pucciniomycotina	0.0	5451		
5452	Pucciniomycotina	0.0	5452		
5453	Pucciniomycotina	0.0	5453		
5454	Pucciniomycotina	0.0	5454		
5455	Pucciniomycotina	0.0	5455		
5456	Pucciniomycotina	0.0	5456		
5457	Pucciniomycotina	0.0	5457		
5458	Pucciniomycotina	0.0	5458		
5459	Pucciniomycotina	0.0	5459		
5460	Pucciniomycotina	0.0	5460		
5461	Pucciniomycotina	0.0	5461		
5462	Pucciniomycotina	0.0	5462		
5463	Pucciniomycotina	0.0	5463		
5464	Pucciniomycotina	0.0	5464		
5465	Pucciniomycotina	0.0	5465		
5466	Pucciniomycotina	0.0	5466		
5467	Pucciniomycotina	0.0	5467		
5468	Pucciniomycotina	0.0	5468		
5469	Pucciniomycotina	0.0	5469		
5470	Pucciniomycotina	0.0	5470		
5471	Pucciniomycotina	0.0	5471		
5472	Pucciniomycotina	0.0	5472		
5473	Pucciniomycotina	0.0	5473		
5474	Pucciniomycotina	0.0	5474		
5475	Pucciniomycotina	0.0	5475		
5476	Pucciniomycotina	0.0	5476		
5477	Pucciniomycotina	0.0	5477		
5478	Pucciniomycotina	0.0	5478		
5479	Pucciniomycotina	0.0	5479		
5480	Pucciniomycotina	0.0	5480		
5481	Pucciniomycotina	0.0	5481		
5482	Pucciniomycotina	0.0	5482		
5483	Pucciniomycotina	0.0	5483		
5484	Pucciniomycotina	0.0	5484		
5485	Pucciniomycotina	0.0	5485		
5486	Pucciniomycotina	0.0	5486		
5487	Pucciniomycotina	0.0	5487		
5488	Pucciniomycotina	0.0	5488		
5489	Pucciniomycotina	0.0	5489		
5490	Pucciniomycotina	0.0	5490		
5491	Pucciniomycotina	0.0	5491		
5492	Pucciniomycotina	0.0	5492		
5493	Pucciniomycotina	0.0	5493		
5494	Pucciniomycotina	0.0	5494		
5495	Pucciniomycotina	0.0	5495		
5496	Pucciniomycotina	0.0	5496		
5497	Pucciniomycotina	0.0	5497		
5498	Pucciniomycotina	0.0	5498		
5499	Pucciniomycotina	0.0	5499		
5500	Pucciniomycotina	0.0	5500		
5501	Pucciniomycotina	0.0	5501		
5502	Pucciniomycotina	0.0	5502		
5503	Pucciniomycotina	0.0	5503		
5504	Pucciniomycotina	0.0	5504		
5505	Pucciniomycotina	0.0	5505		
5506	Pucciniomycotina	0.0	5506		
5507	Pucciniomycotina	0.0	5507		
5508	Pucciniomycotina	0.0	5508		
5509	Pucciniomycotina	0.0	5509		
5510	Pucciniomycotina	0.0	5510		
5511	Pucciniomycotina	0.0	5511		
5512	Pucciniomycotina	0.0	5512		
5513	Pucciniomycotina	0.0	5513		
5514	Pucciniomycotina	0.0	5514		
5515	Pucciniomycotina	0.0	5515		
5516	Pucciniomycotina	0.0	5516		
5517	Pucciniomycotina	0.0	5517		
5518	Pucciniomycotina	0.0	5518		
5519	Pucciniomycotina	0.0	5519		
5520	Pucciniomycotina	0.0	5520		
5521	Pucciniomycotina	0.0	5521		
5522	Pucciniomycotina	0.0	5522		
5523	Pucciniomycotina	0.0	5523		
5524	Pucciniomycotina	0.0	5524		
5525	Pucciniomycotina	0.0	5525		
5526	Pucciniomycotina	0.0	5526		
5527	Pucciniomycotina	0.0	5527		
5528	Pucciniomycotina	0.0	5528		
5529	Pucciniomycotina	0.0	5529		
5530	Pucciniomycotina	0.0	5530		
5531	Pucciniomycotina	0.0	5531		
5532	Pucciniomycotina	0.0	5532		
5533	Pucciniomycotina	0.0	5533		
5534	Pucciniomycotina	0.0	5534		
5535	Pucciniomycotina	0.0	5535		
5536	Pucciniomycotina	0.0	5536		
5537	Pucciniomycotina	0.0	5537		
5538	Pucciniomycotina	0.0	5538		
5539	Pucciniomycotina	0.0	5539		
5540	Pucciniomycotina	0.0	5540		
5541	Pucciniomycotina	0.0	5541		
5542	Pucciniomycotina	0.0	5542		
5543	Pucciniomycotina	0.0	5543		
5544	Pucciniomycotina	0.0	5544		
5545	Pucciniomycotina	0.0	5545		
5546	Pucciniomycotina	0.0	5546		
5547	Pucciniomycotina	0.0	5547		
5548	Pucciniomycotina	0.0	5548		
5549	Pucciniomycotina	0.0	5549		
5550	Pucciniomycotina	0.0	5550		
5551	Pucciniomycotina	0.0	5551		
5552	Pucciniomycotina	0.0	5552		
5553	Pucciniomycotina	0.0	5553		
5554	Pucciniomycotina	0.0	5554		
5555	Pucciniomycotina	0.0	5555		
5556	Pucciniomycotina	0.0	5556		
5557	Pucciniomycotina	0.0	5557		
5558	Pucciniomycotina	0.0	5558		
5559	Pucciniomycotina	0.0	5559		
5560	Pucciniomycotina	0.0	5560		
5561	Pucciniomycotina	0.0	5561		
5562	Pucciniomycotina	0.0	5562		
5563	Pucciniomycotina	0.0	5563		
5564	Pucciniomycotina	0.0	5564		
5565	Pucciniomycotina	0.0	5565		
5566	Pucciniomycotina	0.0	5566		
5567	Pucciniomycotina	0.0	5567		
5568	Pucciniomycotina	0.0	5568		
5569	Pucciniomycotina	0.0	5569		
5570	Pucciniomycotina	0.0	5570		
5571	Pucciniomycotina	0.0	5571		
5572	Pucciniomycotina	0.0	5572		
5573	Pucciniomycotina	0.0	5573		
5574	Pucciniomycotina	0.0	5574		
5575	Pucciniomycotina	0.0	5575		
5576	Pucciniomycotina	0.0	5576		
5577	Pucciniomycotina	0.0	5577		
5578	Pucciniomycotina	0.0	5578		
5579	Pucciniomycotina	0.0	5579		
5580	Pucciniomycotina	0.0	5580		
5581	Pucciniomycotina	0.0	5581		
5582	Pucciniomycotina	0.0	5582		
5583	Pucciniomycotina	0.0	5583		
5584	Pucciniomycotina	0.0	5584		
5585	Pucciniomycotina	0.0	5585		
5586	Pucciniomycotina	0.0	5586		
5587	Pucciniomycotina	0.0	5587		
5588	Pucciniomycotina	0.0	5588		
5589	Pucciniomycotina	0.0	5589		
5590	Pucciniomycotina	0.0	5590		
5591	Pucciniomycotina	0.0	5591		
5592	Pucciniomycotina	0.0	5592		
5593	Pucciniomycotina	0.0	5593		
5594	Pucciniomycotina	0.0	5594		
5595	Pucciniomycotina	0.0	5595		
5596	Pucciniomycotina	0.0	5596		
5597	Pucciniomycotina	0.0	5597		
5598	Pucciniomycotina	0.0	5598		
5599	Pucciniomycotina	0.0	5599		
5600	Pucciniomycotina	0.0	5600		
5601	Pucciniomycotina	0.0	5601		
5602	Pucciniomycotina	0.0	5602		
5603	Pucciniomycotina	0.0	5603		
5604	Pucciniomycotina	0.0	5604		
5605	Pucciniomycotina	0.0	5605		
5606	Pucciniomycotina	0.0	5606		
5607	Pucciniomycotina	0.0	5607		
5608	Pucciniomycotina	0.0	5608		
5609	Pucciniomycotina	0.0	5609		
5610	Pucciniomycotina	0.0	5610		
5611	Pucciniomycotina	0.0	5611		
5612	Pucciniomycotina	0.0	5612		
5613	Pucciniomycotina	0.0	5613		
5614	Pucciniomycotina	0.0	5614		
5615	Pucciniomycotina	0.0	5615		
5616	Pucciniomycotina	0.0	5616		
5617	Pucciniomycotina	0.0	5617		
5618	Pucciniomycotina	0.0	5618		
5619	Pucciniomycotina	0.0	5619		
5620	Pucciniomycotina	0.0	5620		
5621	Pucciniomycotina	0.0	5621		
5622	Pucciniomycotina	0.0	5622		
5623	Pucciniomycotina	0.0	5623		
5624	Pucciniomycotina	0.0	5624		
5625	Pucciniomycotina	0.0	5625		
5626	Pucciniomycotina	0.0	5626		
5627	Pucciniomycotina	0.0	5627		
5628	Pucciniomycotina	0.0	5628		
5629	Pucciniomycotina	0.0	5629		
5630	Pucciniomycotina	0.0	5630		
5631	Pucciniomycotina	0.0	5631		
5632	Pucciniomycotina	0.0	5632		
5633	Pucciniomycotina	0.0	5633		
5634	Pucciniomycotina	0.0	5634		
5635	Pucciniomycotina	0.0	5635		
5636	Pucciniomycotina	0.0	5636		
5637	Pucciniomycotina	0.0	5637		
5638	Pucciniomycotina	0.0	5638		
5639	Pucciniomycotina	0.0	5639		
5640	Pucciniomycotina	0.0	5640		
5641	Pucciniomycotina	0.0	5641		
5642	Pucciniomycotina	0.0	5642		
5643	Pucciniomycotina	0.0	5643		
5644	Pucciniomycotina	0.0	5644		
5645	Pucciniomycotina	0.0	5645		
5646	Pucciniomycotina	0.0	5646		
5647	Pucciniomycotina	0.0	5647		
5648	Pucciniomycotina	0.0	5648		
5649	Pucciniomycotina	0.0	5649		
5650	Pucciniomycotina	0.0	5650		
5651	Pucciniomycotina	0.0	5651		
5652	Pucciniomycotina	0.0	5652		
5653	Pucciniomycotina	0.0	5653		
5654	Pucciniomycotina	0.0	5654		
5655	Pucciniomycotina	0.0	5655		
5656	Pucciniomycotina	0.0	5656		
5657	Pucciniomycotina	0.0	5657		
5658	Pucciniomycotina	0.0	5658		
5659	Pucciniomycotina	0.0	5659		
5660	Pucciniomycotina	0.0	5660		
5661	Pucciniomycotina	0.0	5661		
5662	Pucciniomycotina	0.0	5662		
5663	Pucciniomycotina	0.0	5663		
5664	Pucciniomycotina	0.0	5664		
5665	Pucciniomycotina	0.0	5665		
5666	Pucciniomycotina	0.0	5666		
5667	Pucciniomycotina	0.0	5667		
5668	Pucciniomycotina	0.0	5668		
5669	Pucciniomycotina	0.0	5669		
5670	Pucciniomycotina	0.0	5670		
5671	Pucciniomycotina	0.0	5671		
5672	Pucciniomycotina	0.0	5672		
5673	Pucciniomycotina	0.0	5673		
5674	Pucciniomycotina	0.0	5674		
5675	Pucciniomycotina	0.0	5675		
5676	Pucciniomycotina	0.0	5676		
5677	Pucciniomycotina	0.0	5677		
5678	Pucciniomycotina	0.0	5678		
5679	Pucciniomycotina	0.0	5679		
5680	Pucciniomycotina	0.0	5680		
5681	Pucciniomycotina	0.0	5681		
5682	Pucciniomycotina	0.0	5682		
5683	Pucciniomycotina	0.0	5683		
5684	Pucciniomycotina	0.0	5684		
5685	Pucciniomycotina	0.0	5685		
5686	Pucciniomycotina	0.0	5686		
5687	Pucciniomycotina	0.0	5687		
5688	Pucciniomycotina	0.0	5688		
5689	Pucciniomycotina	0.0	5689		
5690	Pucciniomycotina	0.0	5690		
5691	Pucciniomycotina	0.0	5691		
5692	Pucciniomycotina	0.0	5692		
5693	Pucciniomycotina	0.0	5693		
5694	Pucciniomycotina	0.0	5694		
5695	Pucciniomycotina	0.0	5695		
5696	Pucciniomycotina	0.0	5696		
5697	Pucciniomycotina	0.0	5697		
5698	Pucciniomycotina	0.0	5698		
5699	Pucciniomycotina	0.0	5699		
5700	Pucciniomycotina	0.0	5700		
5701	Pucciniomycotina	0.0	5701		
5702	Pucciniomycotina	0.0	5702		
5703	Pucciniomycotina	0.0	5703		
5704	Pucciniomycotina	0.0	5704		
5705	Pucciniomycotina	0.0	5705		
5706	Pucciniomycotina	0.0003063519003008376	5706		
5707	Pucciniomycotina	0.0	5707		
5708	Pucciniomycotina	0.0	5708		
5709	Pucciniomycotina	0.0	5709		
5710	Pucciniomycotina	0.0	5710		
5711	Pucciniomycotina	0.0	5711		
5712	Pucciniomycotina	0.0	5712		
5713	Pucciniomycotina	0.0	5713		
5714	Pucciniomycotina	0.0	5714		
5715	Pucciniomycotina	0.0	5715		
5716	Pucciniomycotina	0.0	5716		
5717	Pucciniomycotina	0.0	5717		
5718	Pucciniomycotina	0.0	5718		
5719	Pucciniomycotina	0.0	5719		
5720	Pucciniomycotina	0.0	5720		
5721	Pucciniomycotina	0.0	5721		
5722	Pucciniomycotina	0.0	5722		
5723	Pucciniomycotina	0.0	5723		
5724	Pucciniomycotina	0.0	5724		
5725	Pucciniomycotina	0.0	5725		
5726	Pucciniomycotina	0.0	5726		
5727	Pucciniomycotina	0.0	5727		
5728	Pucciniomycotina	0.0	5728		
5729	Pucciniomycotina	0.0	5729		
5730	Pucciniomycotina	0.0	5730		
5731	Pucciniomycotina	0.0	5731		
5732	Pucciniomycotina	0.0	5732		
5733	Pucciniomycotina	0.0	5733		
5734	Pucciniomycotina	0.0	5734		
5735	Pucciniomycotina	0.0	5735		
5736	Pucciniomycotina	0.0	5736		
5737	Pucciniomycotina	0.0	5737		
5738	Pucciniomycotina	0.0	5738		
5739	Pucciniomycotina	0.0	5739		
5740	Pucciniomycotina	0.0	5740		
5741	Pucciniomycotina	0.0	5741		
5742	Pucciniomycotina	0.0	5742		
5743	Pucciniomycotina	0.0	5743		
5744	Pucciniomycotina	0.0	5744		
5745	Pucciniomycotina	0.0	5745		
5746	Pucciniomycotina	0.0	5746		
5747	Pucciniomycotina	0.0	5747		
5748	Pucciniomycotina	0.0	5748		
5749	Pucciniomycotina	0.0	5749		
5750	Pucciniomycotina	0.0	5750		
5751	Pucciniomycotina	0.0	5751		
5752	Pucciniomycotina	0.0	5752		
5753	Pucciniomycotina	0.0	5753		
5754	Pucciniomycotina	0.0	5754		
5755	Pucciniomycotina	0.0	5755		
5756	Pucciniomycotina	0.0	5756		
5757	Pucciniomycotina	0.0	5757		
5758	Pucciniomycotina	0.0	5758		
5759	Pucciniomycotina	0.0	5759		
5760	Pucciniomycotina	0.0	5760		
5761	Pucciniomycotina	0.0	5761		
5762	Pucciniomycotina	0.0	5762		
5763	Pucciniomycotina	0.0	5763		
5764	Pucciniomycotina	0.0	5764		
5765	Pucciniomycotina	0.0	5765		
5766	Pucciniomycotina	0.0	5766		
5767	Pucciniomycotina	0.0	5767		
5768	Pucciniomycotina	0.0	5768		
5769	Pucciniomycotina	0.0	5769		
5770	Pucciniomycotina	0.0	5770		
5771	Pucciniomycotina	0.0	5771		
5772	Pucciniomycotina	0.0	5772		
5773	Pucciniomycotina	0.0	5773		
5774	Pucciniomycotina	0.0	5774		
5775	Pucciniomycotina	0.0	5775		
5776	Pucciniomycotina	0.0	5776		
5777	Pucciniomycotina	0.0	5777		
5778	Pucciniomycotina	0.0	5778		
5779	Pucciniomycotina	0.002553245876112172	5779		
5780	Pucciniomycotina	0.0006806176394483298	5780		
5781	Pucciniomycotina	0.0	5781		
5782	Pucciniomycotina	0.0016263454025697592	5782		
5783	Pucciniomycotina	0.0006356942248096259	5783		
5784	Pucciniomycotina	0.0	5784		
5785	Pucciniomycotina	0.0	5785		
5786	Pucciniomycotina	0.002570032965648438	5786		
5787	Pucciniomycotina	0.0001671946022002921	5787		
5788	Pucciniomycotina	0.004499039651594369	5788		
5789	Pucciniomycotina	0.0	5789		
5790	Pucciniomycotina	0.009434627192986059	5790		
5791	Pucciniomycotina	0.000565045060749878	5791		
5792	Pucciniomycotina	0.0003114434712797212	5792		
5793	Saccharomycotina	0.0	5793		
5794	Saccharomycotina	0.0	5794		
5795	Saccharomycotina	21.264646158762147	5795		
5796	Saccharomycotina	11.642525947704051	5796		
5797	Saccharomycotina	44.813319477632895	5797		
5798	Saccharomycotina	0.0	5798		
5799	Saccharomycotina	0.0	5799		
5800	Saccharomycotina	0.0	5800		
5801	Saccharomycotina	0.0	5801		
5802	Saccharomycotina	0.0	5802		
5803	Saccharomycotina	0.0	5803		
5804	Saccharomycotina	0.0	5804		
5805	Saccharomycotina	0.0	5805		
5806	Saccharomycotina	0.0	5806		
5807	Saccharomycotina	0.0	5807		
5808	Saccharomycotina	0.0	5808		
5809	Saccharomycotina	0.0	5809		
5810	Saccharomycotina	0.6747353848921032	5810		
5811	Saccharomycotina	0.9456653199690754	5811		
5812	Saccharomycotina	0.340106771003486	5812		
5813	Saccharomycotina	1.1065163804550413	5813		
5814	Saccharomycotina	0.625228909270248	5814		
5815	Saccharomycotina	0.8958665543153055	5815		
5816	Saccharomycotina	0.282136407016357	5816		
5817	Saccharomycotina	0.7606860257925918	5817		
5818	Saccharomycotina	0.41599286453467293	5818		
5819	Saccharomycotina	0.6860069718436554	5819		
5820	Saccharomycotina	0.6579579497139798	5820		
5821	Saccharomycotina	0.718068327599106	5821		
5822	Saccharomycotina	0.7089596642585181	5822		
5823	Saccharomycotina	0.7602943596465144	5823		
5824	Saccharomycotina	0.7176543157131684	5824		
5825	Saccharomycotina	0.8777808018040477	5825		
5826	Saccharomycotina	0.7409702321018253	5826		
5827	Saccharomycotina	0.2571437032982407	5827		
5828	Saccharomycotina	0.3598825449031733	5828		
5829	Saccharomycotina	0.2243873598933633	5829		
5830	Saccharomycotina	0.4214100501256165	5830		
5831	Saccharomycotina	0.18485926543360204	5831		
5832	Saccharomycotina	1.7074486270628402	5832		
5833	Saccharomycotina	1.0436254007547672	5833		
5834	Saccharomycotina	0.8407018059870427	5834		
5835	Saccharomycotina	2.0123593683527723	5835		
5836	Saccharomycotina	0.30603985183746973	5836		
5837	Saccharomycotina	0.2259505433663675	5837		
5838	Saccharomycotina	0.3156654592853472	5838		
5839	Saccharomycotina	0.2423117408885435	5839		
5840	Saccharomycotina	0.4742026316349778	5840		
5841	Saccharomycotina	0.18978422146226906	5841		
5842	Saccharomycotina	0.2017923424298783	5842		
5843	Saccharomycotina	0.2377908907648699	5843		
5844	Saccharomycotina	0.7099317782115455	5844		
5845	Saccharomycotina	0.7226506860312741	5845		
5846	Saccharomycotina	0.4733477140074429	5846		
5847	Saccharomycotina	0.9129779721609712	5847		
5848	Saccharomycotina	0.5044474932458574	5848		
5849	Saccharomycotina	0.4789006605114485	5849		
5850	Saccharomycotina	0.37080165479660626	5850		
5851	Saccharomycotina	0.26784579119566915	5851		
5852	Saccharomycotina	0.7503664672556555	5852		
5853	Saccharomycotina	0.6809036860879905	5853		
5854	Saccharomycotina	0.5693145543493053	5854		
5855	Saccharomycotina	0.6129340286772088	5855		
5856	Saccharomycotina	0.3533736042730544	5856		
5857	Saccharomycotina	0.2982777811944763	5857		
5858	Saccharomycotina	0.29288719372606353	5858		
5859	Saccharomycotina	0.23781186656500714	5859		
5860	Saccharomycotina	0.44871013706389307	5860		
5861	Saccharomycotina	0.4099371239679673	5861		
5862	Saccharomycotina	0.3941961297629936	5862		
5863	Saccharomycotina	0.2967496179224886	5863		
5864	Saccharomycotina	0.4477125956476909	5864		
5865	Saccharomycotina	0.5321713573431128	5865		
5866	Saccharomycotina	0.3222156714113254	5866		
5867	Saccharomycotina	0.2992951294298733	5867		
5868	Saccharomycotina	0.2598010003712315	5868		
5869	Saccharomycotina	0.2582220289233885	5869		
5870	Saccharomycotina	0.08154339109722997	5870		
5871	Saccharomycotina	0.2146090400470673	5871		
5872	Saccharomycotina	0.31794165080175946	5872		
5873	Saccharomycotina	0.24006527141953582	5873		
5874	Saccharomycotina	0.25106878485340184	5874		
5875	Saccharomycotina	0.6193182864070138	5875		
5876	Saccharomycotina	0.9726336116368623	5876		
5877	Saccharomycotina	0.29214673140645503	5877		
5878	Saccharomycotina	0.22997624227381	5878		
5879	Saccharomycotina	0.24870739531000544	5879		
5880	Saccharomycotina	0.6466324835433868	5880		
5881	Saccharomycotina	0.2715685505996708	5881		
5882	Saccharomycotina	0.3059815845407576	5882		
5883	Saccharomycotina	0.2557940544930078	5883		
5884	Saccharomycotina	0.7123615573020302	5884		
5885	Saccharomycotina	0.2998246015720589	5885		
5886	Saccharomycotina	0.2018785271342433	5886		
5887	Saccharomycotina	0.24011096418099237	5887		
5888	Saccharomycotina	0.6653753891890043	5888		
5889	Saccharomycotina	0.2734169493273471	5889		
5890	Saccharomycotina	0.2606276255875077	5890		
5891	Saccharomycotina	0.26627402828450564	5891		
5892	Saccharomycotina	0.29158997947182047	5892		
5893	Saccharomycotina	0.1499281697272649	5893		
5894	Saccharomycotina	0.15493368307613334	5894		
5895	Saccharomycotina	0.15234914398836655	5895		
5896	Saccharomycotina	0.3331019499310357	5896		
5897	Saccharomycotina	0.3558992489900973	5897		
5898	Saccharomycotina	0.33395042423615423	5898		
5899	Saccharomycotina	0.23881397878506924	5899		
5900	Saccharomycotina	0.2292682521618501	5900		
5901	Saccharomycotina	0.2528848198235927	5901		
5902	Saccharomycotina	0.2521194957269422	5902		
5903	Saccharomycotina	0.27444730082729646	5903		
5904	Saccharomycotina	0.22708042459498304	5904		
5905	Saccharomycotina	0.31964020123576325	5905		
5906	Saccharomycotina	0.3192178416545165	5906		
5907	Saccharomycotina	0.3268520003070847	5907		
5908	Saccharomycotina	0.26922568559799825	5908		
5909	Saccharomycotina	0.303788247093351	5909		
5910	Saccharomycotina	0.24920493522047046	5910		
5911	Saccharomycotina	0.2997674658337157	5911		
5912	Saccharomycotina	0.09436385744378414	5912		
5913	Saccharomycotina	0.42279223446847125	5913		
5914	Saccharomycotina	0.150726210779682	5914		
5915	Saccharomycotina	0.3255246700554261	5915		
5916	Saccharomycotina	0.43793113913231096	5916		
5917	Saccharomycotina	0.1650268820278841	5917		
5918	Saccharomycotina	0.15970098015031164	5918		
5919	Saccharomycotina	0.09848405981363062	5919		
5920	Saccharomycotina	0.10177495172186296	5920		
5921	Saccharomycotina	0.4282182416583964	5921		
5922	Saccharomycotina	0.5911511123097938	5922		
5923	Saccharomycotina	0.3657031723756381	5923		
5924	Saccharomycotina	0.16595561870058373	5924		
5925	Saccharomycotina	0.5004405364607073	5925		
5926	Saccharomycotina	0.403353591647149	5926		
5927	Saccharomycotina	0.3165295408719215	5927		
5928	Saccharomycotina	0.2639840712848645	5928		
5929	Saccharomycotina	0.2273023668582589	5929		
5930	Saccharomycotina	0.4312979558035774	5930		
5931	Saccharomycotina	0.18676617583434035	5931		
5932	Saccharomycotina	0.2757714316783531	5932		
5933	Saccharomycotina	0.13915993601943177	5933		
5934	Saccharomycotina	0.1902318316688553	5934		
5935	Saccharomycotina	0.2310864837892947	5935		
5936	Saccharomycotina	0.20942877753639205	5936		
5937	Saccharomycotina	0.0	5937		
5938	Saccharomycotina	0.14654494227849027	5938		
5939	Saccharomycotina	0.10541822060816468	5939		
5940	Saccharomycotina	0.25737783766556416	5940		
5941	Saccharomycotina	0.4101263554199998	5941		
5942	Saccharomycotina	0.4701504712745417	5942		
5943	Saccharomycotina	0.3573866889546724	5943		
5944	Saccharomycotina	0.44442842552949674	5944		
5945	Saccharomycotina	0.19974706833023056	5945		
5946	Saccharomycotina	0.24976106000492085	5946		
5947	Saccharomycotina	0.27967713491389024	5947		
5948	Saccharomycotina	0.25789642992173023	5948		
5949	Saccharomycotina	1.0333976267496265	5949		
5950	Saccharomycotina	0.6150002551439081	5950		
5951	Saccharomycotina	0.8204399154073708	5951		
5952	Saccharomycotina	0.5743995922251202	5952		
5953	Saccharomycotina	0.5037985155494448	5953		
5954	Saccharomycotina	0.7223239162672954	5954		
5955	Saccharomycotina	0.2918681954551458	5955		
5956	Saccharomycotina	0.5446447493042227	5956		
5957	Saccharomycotina	0.11194393959723357	5957		
5958	Saccharomycotina	0.33901095165217143	5958		
5959	Saccharomycotina	0.27917045630138027	5959		
5960	Saccharomycotina	0.21155518113061073	5960		
5961	Saccharomycotina	0.614339962141423	5961		
5962	Saccharomycotina	0.21314912241481238	5962		
5963	Saccharomycotina	0.3699681893358398	5963		
5964	Saccharomycotina	0.22014039104867145	5964		
5965	Saccharomycotina	0.15516400364991845	5965		
5966	Saccharomycotina	0.20217642503833885	5966		
5967	Saccharomycotina	0.3533588001916156	5967		
5968	Saccharomycotina	0.2307941458904373	5968		
5969	Saccharomycotina	0.38237997246708205	5969		
5970	Saccharomycotina	0.3615157740765571	5970		
5971	Saccharomycotina	0.3190211017205904	5971		
5972	Saccharomycotina	0.33101361191968987	5972		
5973	Saccharomycotina	0.3808737477304131	5973		
5974	Saccharomycotina	0.33782260288841603	5974		
5975	Saccharomycotina	0.42418308419445805	5975		
5976	Saccharomycotina	0.4690298829741026	5976		
5977	Saccharomycotina	0.0	5977		
5978	Saccharomycotina	0.2986220364504469	5978		
5979	Saccharomycotina	2.4611839865944023	5979		
5980	Saccharomycotina	0.0	5980		
5981	Saccharomycotina	0.08642915738896051	5981		
5982	Saccharomycotina	1.6984671297517513	5982		
5983	Saccharomycotina	0.0	5983		
5984	Saccharomycotina	0.7500436071864643	5984		
5985	Saccharomycotina	0.9962453815200969	5985		
5986	Saccharomycotina	0.0	5986		
5987	Saccharomycotina	0.0	5987		
5988	Saccharomycotina	0.5283596498475802	5988		
5989	Saccharomycotina	0.0	5989		
5990	Saccharomycotina	1.458112139137469	5990		
5991	Saccharomycotina	0.7938041857639848	5991		
5992	Saccharomycotina	0.016041329044677158	5992		
5993	Saccharomycotina	0.03617288161702408	5993		
5994	Saccharomycotina	0.21053829520883122	5994		
5995	Saccharomycotina	0.04619661724229779	5995		
5996	Saccharomycotina	0.0	5996		
5997	Saccharomycotina	0.01843182940632968	5997		
5998	Saccharomycotina	28.350436766811498	5998		
5999	Saccharomycotina	25.250900703103923	5999		
6000	Saccharomycotina	26.136291855450466	6000		
6001	Saccharomycotina	16.13147043636391	6001		
6002	Saccharomycotina	0.2331436520623615	6002		
6003	Saccharomycotina	0.040923737317217795	6003		
6004	Saccharomycotina	0.05031208837501267	6004		
6005	Saccharomycotina	0.10164910989074623	6005		
6006	Saccharomycotina	0.06111335540794682	6006		
6007	Saccharomycotina	0.12207852915147512	6007		
6008	Saccharomycotina	1.1576482891246065	6008		
6009	Saccharomycotina	0.1897229326982228	6009		
6010	Saccharomycotina	0.19884987586674263	6010		
6011	Saccharomycotina	0.33816359548863256	6011		
6012	Saccharomycotina	1.1827806032104915	6012		
6013	Saccharomycotina	0.200872338741942	6013		
6014	Saccharomycotina	0.1712561459288167	6014		
6015	Saccharomycotina	0.19536717271649745	6015		
6016	Saccharomycotina	0.22532581864714607	6016		
6017	Saccharomycotina	0.2130378793505805	6017		
6018	Saccharomycotina	0.18920270605732573	6018		
6019	Saccharomycotina	0.15648195451374197	6019		
6020	Saccharomycotina	0.2714556601010283	6020		
6021	Saccharomycotina	0.2207797517550547	6021		
6022	Saccharomycotina	26.807114258039473	6022		
6023	Saccharomycotina	13.495611952628234	6023		
6024	Saccharomycotina	9.528633013842711	6024		
6025	Saccharomycotina	0.2651319724412504	6025		
6026	Saccharomycotina	21.049231652630425	6026		
6027	Saccharomycotina	9.700323189342829	6027		
6028	Saccharomycotina	0.9564637179699942	6028		
6029	Saccharomycotina	0.2671297969670192	6029		
6030	Saccharomycotina	26.90541569420851	6030		
6031	Saccharomycotina	12.826797238169666	6031		
6032	Saccharomycotina	3.294715436759094	6032		
6033	Saccharomycotina	0.23398324472194446	6033		
6034	Saccharomycotina	17.236648058458897	6034		
6035	Saccharomycotina	0.807069330214195	6035		
6036	Saccharomycotina	12.750263399922959	6036		
6037	Saccharomycotina	0.24123043997374863	6037		
6038	Saccharomycotina	15.200319502470922	6038		
6039	Saccharomycotina	10.520534058184937	6039		
6040	Saccharomycotina	10.588249836914105	6040		
6041	Saccharomycotina	0.24946820532269967	6041		
6042	Saccharomycotina	17.12144941050235	6042		
6043	Saccharomycotina	11.454286834564414	6043		
6044	Saccharomycotina	9.882567963247316	6044		
6045	Saccharomycotina	22.28614750304557	6045		
6046	Saccharomycotina	21.11075844140141	6046		
6047	Saccharomycotina	20.289933296450723	6047		
6048	Saccharomycotina	12.13244178003228	6048		
6049	Saccharomycotina	14.404508195307999	6049		
6050	Saccharomycotina	15.671444645565286	6050		
6051	Saccharomycotina	19.284790909566425	6051		
6052	Saccharomycotina	15.806027558765013	6052		
6053	Saccharomycotina	18.60349462509031	6053		
6054	Saccharomycotina	12.781196356387397	6054		
6055	Saccharomycotina	10.133040687990526	6055		
6056	Saccharomycotina	6.757010298671243	6056		
6057	Saccharomycotina	0.15588975246941722	6057		
6058	Saccharomycotina	0.05232711523830421	6058		
6059	Saccharomycotina	0.027107738168660588	6059		
6060	Saccharomycotina	0.11856114162688998	6060		
6061	Saccharomycotina	0.1935554874771895	6061		
6062	Saccharomycotina	0.019802695268257633	6062		
6063	Saccharomycotina	0.0	6063		
6064	Saccharomycotina	0.002600017085826564	6064		
6065	Saccharomycotina	0.0	6065		
6066	Saccharomycotina	0.0006506688876164698	6066		
6067	Saccharomycotina	0.0	6067		
6068	Saccharomycotina	0.0	6068		
6069	Saccharomycotina	0.0	6069		
6070	Saccharomycotina	0.0	6070		
6071	Saccharomycotina	0.0	6071		
6072	Saccharomycotina	0.00022374868547647282	6072		
6073	Saccharomycotina	0.0	6073		
6074	Saccharomycotina	0.0	6074		
6075	Saccharomycotina	0.0	6075		
6076	Saccharomycotina	0.0	6076		
6077	Saccharomycotina	0.0	6077		
6078	Saccharomycotina	0.0	6078		
6079	Saccharomycotina	0.0	6079		
6080	Saccharomycotina	0.0	6080		
6081	Saccharomycotina	0.0	6081		
6082	Saccharomycotina	1.1222006486484875	6082		
6083	Saccharomycotina	0.26201491153141154	6083		
6084	Saccharomycotina	0.5672684992195026	6084		
6085	Saccharomycotina	1.363151355639363	6085		
6086	Saccharomycotina	0.45434516624208654	6086		
6087	Saccharomycotina	1.4979674601671926	6087		
6088	Saccharomycotina	0.6429563575143449	6088		
6089	Saccharomycotina	0.4304592888856967	6089		
6090	Saccharomycotina	0.3170074360985044	6090		
6091	Saccharomycotina	0.4058892740580679	6091		
6092	Saccharomycotina	0.570673895069066	6092		
6093	Saccharomycotina	3.5120615765068774	6093		
6094	Saccharomycotina	0.33752428607798757	6094		
6095	Saccharomycotina	0.44550745269637754	6095		
6096	Saccharomycotina	0.014694652591015937	6096		
6097	Saccharomycotina	0.4051116804245326	6097		
6098	Saccharomycotina	0.3457529288573169	6098		
6099	Saccharomycotina	0.2736672694536701	6099		
6100	Saccharomycotina	0.4111591512596158	6100		
6101	Saccharomycotina	1.3653572159963905	6101		
6102	Saccharomycotina	0.04175340871242969	6102		
6103	Saccharomycotina	0.9671167938112994	6103		
6104	Saccharomycotina	0.2465106875309559	6104		
6105	Saccharomycotina	1.1896267030991998	6105		
6106	Saccharomycotina	1.0391233599621383	6106		
6107	Saccharomycotina	0.6532122989268365	6107		
6108	Saccharomycotina	0.6061015671519195	6108		
6109	Saccharomycotina	0.34048013576867797	6109		
6110	Saccharomycotina	0.35119043483697954	6110		
6111	Saccharomycotina	1.5896324614860518	6111		
6112	Saccharomycotina	0.24864084483638332	6112		
6113	Saccharomycotina	1.3223399827094873	6113		
6114	Saccharomycotina	0.2027953852747398	6114		
6115	Saccharomycotina	0.9288191968172774	6115		
6116	Saccharomycotina	0.25366911264882636	6116		
6117	Saccharomycotina	0.31008916614952475	6117		
6118	Saccharomycotina	0.7383087442135204	6118		
6119	Saccharomycotina	0.4039545772805294	6119		
6120	Saccharomycotina	0.8088832098467635	6120		
6121	Saccharomycotina	4.955368474623457	6121		
6122	Saccharomycotina	2.3260453212542016	6122		
6123	Saccharomycotina	2.140512262983748	6123		
6124	Saccharomycotina	1.4690913490495818	6124		
6125	Saccharomycotina	0.10386991582869358	6125		
6126	Saccharomycotina	0.2726371935461958	6126		
6127	Saccharomycotina	1.7359838289047853	6127		
6128	Saccharomycotina	1.9356342804136883	6128		
6129	Saccharomycotina	2.1730612032435057	6129		
6130	Saccharomycotina	0.6035908850298244	6130		
6131	Saccharomycotina	0.44236530523822815	6131		
6132	Saccharomycotina	0.6447493882232135	6132		
6133	Saccharomycotina	0.28215868896000923	6133		
6134	Saccharomycotina	0.9279942178701208	6134		
6135	Saccharomycotina	6.429726956296526	6135		
6136	Saccharomycotina	0.14124589396790949	6136		
6137	Saccharomycotina	0.5451426189292757	6137		
6138	Saccharomycotina	2.80122367489424	6138		
6139	Saccharomycotina	9.97518119941218	6139		
6140	Saccharomycotina	0.29876366822455624	6140		
6141	Saccharomycotina	0.20215673066458015	6141		
6142	Saccharomycotina	0.022470006314972524	6142		
6143	Saccharomycotina	0.6717655138928371	6143		
6144	Saccharomycotina	0.10656306687853954	6144		
6145	Saccharomycotina	4.504430887403205	6145		
6146	Saccharomycotina	1.6797113471244227	6146		
6147	Saccharomycotina	0.3903390878574493	6147		
6148	Saccharomycotina	2.8689814981898913	6148		
6149	Saccharomycotina	5.031559996971022	6149		
6150	Saccharomycotina	0.35514084971794596	6150		
6151	Saccharomycotina	1.1682448339246663	6151		
6152	Saccharomycotina	11.054644688284434	6152		
6153	Saccharomycotina	0.08222718655434823	6153		
6154	Saccharomycotina	0.2823003329026332	6154		
6155	Saccharomycotina	2.559181556536421	6155		
6156	Saccharomycotina	0.40549590083142967	6156		
6157	Saccharomycotina	0.27229343577651005	6157		
6158	Saccharomycotina	20.44164844474019	6158		
6159	Saccharomycotina	0.0	6159		
6160	Saccharomycotina	0.0	6160		
6161	Saccharomycotina	0.0	6161		
6162	Saccharomycotina	0.0	6162		
6163	Saccharomycotina	0.0	6163		
6164	Saccharomycotina	0.0	6164		
6165	Saccharomycotina	0.00035055738624412814	6165		
6166	Saccharomycotina	0.0	6166		
6167	Saccharomycotina	0.0	6167		
6168	Saccharomycotina	0.0	6168		
6169	Saccharomycotina	0.0	6169		
6170	Saccharomycotina	0.0	6170		
6171	Saccharomycotina	0.0	6171		
6172	Saccharomycotina	0.025112107623318388	6172		
6173	Saccharomycotina	0.008421426559035732	6173		
6174	Saccharomycotina	0.0	6174		
6175	Saccharomycotina	0.0	6175		
6176	Saccharomycotina	0.0030389671563624573	6176		
6177	Saccharomycotina	0.006625851421907715	6177		
6178	Saccharomycotina	0.0017841387436433015	6178		
6179	Saccharomycotina	0.004168259762916964	6179		
6180	Saccharomycotina	0.0	6180		
6181	Saccharomycotina	0.0	6181		
6182	Saccharomycotina	0.05167191535352477	6182		
6183	Saccharomycotina	0.0	6183		
6184	Saccharomycotina	0.0	6184		
6185	Saccharomycotina	0.009429510042658183	6185		
6186	Saccharomycotina	0.013059699396613802	6186		
6187	Saccharomycotina	0.0	6187		
6188	Saccharomycotina	0.0	6188		
6189	Saccharomycotina	0.003044810917242039	6189		
6190	Saccharomycotina	0.0025053569265622677	6190		
6191	Saccharomycotina	1.2495074871847671	6191		
6192	Saccharomycotina	12.853857017728497	6192		
6193	Saccharomycotina	14.255295470680196	6193		
6194	Saccharomycotina	0.06353553817128146	6194		
6195	Saccharomycotina	1.2305955433214577	6195		
6196	Saccharomycotina	0.06690977893494186	6196		
6197	Saccharomycotina	14.768784886431593	6197		
6198	Saccharomycotina	0.14351669765289413	6198		
6199	Saccharomycotina	0.35507181253029035	6199		
6200	Saccharomycotina	11.394281105157654	6200		
6201	Saccharomycotina	0.4788518546682864	6201		
6202	Saccharomycotina	0.2087917560111171	6202		
6203	Saccharomycotina	1.9388683154958102	6203		
6204	Saccharomycotina	15.636744789032834	6204		
6205	Saccharomycotina	0.016974360035226878	6205		
6206	Saccharomycotina	0.4058664641509204	6206		
6207	Saccharomycotina	4.028731813396385	6207		
6208	Saccharomycotina	5.95897694780878	6208		
6209	Saccharomycotina	0.6682253759292354	6209		
6210	Saccharomycotina	0.020042801078432006	6210		
6211	Saccharomycotina	1.3332509001763986	6211		
6212	Saccharomycotina	80.6390630232193	6212		
6213	Saccharomycotina	0.023975152283715467	6213		
6214	Saccharomycotina	9.193109580121845	6214		
6215	Saccharomycotina	0.5334218788122627	6215		
6216	Saccharomycotina	0.45456615020371793	6216		
6217	Saccharomycotina	61.911839857687546	6217		
6218	Saccharomycotina	0.7224118051268912	6218		
6219	Saccharomycotina	0.15519097265999424	6219		
6220	Saccharomycotina	5.807401404646137	6220		
6221	Saccharomycotina	0.2839664765797339	6221		
6222	Saccharomycotina	1.1809789911278628	6222		
6223	Saccharomycotina	0.4120237635125544	6223		
6224	Saccharomycotina	0.8676867757340214	6224		
6225	Saccharomycotina	0.24494444951587654	6225		
6226	Saccharomycotina	9.304328483032256	6226		
6227	Saccharomycotina	18.413850003468333	6227		
6228	Saccharomycotina	0.7726345782173716	6228		
6229	Saccharomycotina	1.0730911300828316	6229		
6230	Saccharomycotina	8.347188420500274	6230		
6231	Saccharomycotina	12.25968773582832	6231		
6232	Saccharomycotina	14.626021668884242	6232		
6233	Saccharomycotina	0.9198638406205297	6233		
6234	Saccharomycotina	0.21996689446672027	6234		
6235	Saccharomycotina	11.143741757080809	6235		
6236	Saccharomycotina	0.5586324803662474	6236		
6237	Saccharomycotina	0.07752670441135251	6237		
6238	Saccharomycotina	3.198283177741862	6238		
6239	Saccharomycotina	7.5145947708482765	6239		
6240	Saccharomycotina	0.08302863723092183	6240		
6241	Saccharomycotina	4.598260725196483	6241		
6242	Saccharomycotina	36.025892500914004	6242		
6243	Saccharomycotina	8.690440341532883	6243		
6244	Saccharomycotina	1.5023727827819684	6244		
6245	Saccharomycotina	25.07502106287563	6245		
6246	Saccharomycotina	0.0	6246		
6247	Saccharomycotina	0.3547044620167782	6247		
6248	Saccharomycotina	0.20775691528256363	6248		
6249	Saccharomycotina	0.005271598798658546	6249		
6250	Saccharomycotina	0.09284506611491533	6250		
6251	Saccharomycotina	0.04320344050129348	6251		
6252	Saccharomycotina	0.017118213511704367	6252		
6253	Saccharomycotina	0.0	6253		
6254	Saccharomycotina	0.0	6254		
6255	Saccharomycotina	0.0	6255		
6256	Saccharomycotina	0.0	6256		
6257	Saccharomycotina	0.0	6257		
6258	Saccharomycotina	0.010198775683337286	6258		
6259	Saccharomycotina	0.01372334556684604	6259		
6260	Saccharomycotina	0.007659521475081142	6260		
6261	Saccharomycotina	0.2834999311265158	6261		
6262	Saccharomycotina	1.0454435527806594	6262		
6263	Saccharomycotina	5.591884188786798	6263		
6264	Saccharomycotina	0.9888239259211765	6264		
6265	Saccharomycotina	4.902293521141098	6265		
6266	Saccharomycotina	0.11042699719227356	6266		
6267	Saccharomycotina	0.1633642830879534	6267		
6268	Saccharomycotina	0.0	6268		
6269	Saccharomycotina	1.7620703040565555	6269		
6270	Saccharomycotina	1.3980572764419144	6270		
6271	Saccharomycotina	4.477437899883041	6271		
6272	Saccharomycotina	0.07422613478707821	6272		
6273	Saccharomycotina	0.7797821352222822	6273		
6274	Saccharomycotina	0.22231918607126133	6274		
6275	Saccharomycotina	0.0522623126536817	6275		
6276	Saccharomycotina	0.0	6276		
6277	Saccharomycotina	0.30348515724519276	6277		
6278	Saccharomycotina	3.746754680131333	6278		
6279	Saccharomycotina	1.168750878179008	6279		
6280	Saccharomycotina	0.11242295888604255	6280		
6281	Saccharomycotina	0.14821627170844384	6281		
6282	Saccharomycotina	0.3515983305179587	6282		
6283	Saccharomycotina	0.7027846211051674	6283		
6284	Saccharomycotina	0.06961940147873479	6284		
6285	Saccharomycotina	0.0	6285		
6286	Saccharomycotina	1.6242582537933599	6286		
6287	Saccharomycotina	13.31158398152146	6287		
6288	Saccharomycotina	0.0	6288		
6289	Saccharomycotina	0.014583106167300445	6289		
6290	Saccharomycotina	1.50887527571896	6290		
6291	Saccharomycotina	1.6515529841929006	6291		
6292	Saccharomycotina	1.9546425574618518	6292		
6293	Saccharomycotina	0.048025437246958784	6293		
6294	Saccharomycotina	2.3988917498017486	6294		
6295	Saccharomycotina	1.4089953684025185	6295		
6296	Saccharomycotina	1.5072706252538006	6296		
6297	Saccharomycotina	0.19586479539057602	6297		
6298	Saccharomycotina	0.0	6298		
6299	Saccharomycotina	1.503389869790282	6299		
6300	Saccharomycotina	0.40666728396163854	6300		
6301	Saccharomycotina	0.05389454467509134	6301		
6302	Saccharomycotina	0.15863739658199869	6302		
6303	Saccharomycotina	0.010427247105453395	6303		
6304	Saccharomycotina	0.0	6304		
6305	Saccharomycotina	0.07988483370173037	6305		
6306	Saccharomycotina	3.9183348715232365	6306		
6307	Saccharomycotina	13.07265838929611	6307		
6308	Saccharomycotina	7.2992600431463925	6308		
6309	Saccharomycotina	9.22166916554959	6309		
6310	Saccharomycotina	0.050884087099750314	6310		
6311	Saccharomycotina	0.024811776966394805	6311		
6312	Saccharomycotina	0.050627525211851425	6312		
6313	Saccharomycotina	0.0060894031051511015	6313		
6314	Saccharomycotina	0.5411355036771318	6314		
6315	Saccharomycotina	1.6166271075347582	6315		
6316	Saccharomycotina	6.030457713763339	6316		
6317	Saccharomycotina	25.431787075031842	6317		
6318	Saccharomycotina	17.826234290319086	6318		
6319	Saccharomycotina	20.679599877015388	6319		
6320	Saccharomycotina	0.0911012338414665	6320		
6321	Saccharomycotina	0.14540843591238634	6321		
6322	Saccharomycotina	2.549148770132972	6322		
6323	Saccharomycotina	5.22829088892252	6323		
6324	Saccharomycotina	1.804147885698652	6324		
6325	Saccharomycotina	26.305166313556526	6325		
6326	Saccharomycotina	14.500397381716807	6326		
6327	Saccharomycotina	26.426340743358644	6327		
6328	Saccharomycotina	0.1015532347482506	6328		
6329	Saccharomycotina	0.9196690706325082	6329		
6330	Saccharomycotina	1.5992755363103268	6330		
6331	Saccharomycotina	0.1563472171236483	6331		
6332	Saccharomycotina	0.23568860302397662	6332		
6333	Saccharomycotina	0.0	6333		
6334	Saccharomycotina	0.0	6334		
6335	Saccharomycotina	0.0	6335		
6336	Saccharomycotina	83.66120033259324	6336		
6337	Saccharomycotina	0.017950448737145408	6337		
6338	Saccharomycotina	0.5483535280603322	6338		
6339	Saccharomycotina	0.28371969084197446	6339		
6340	Saccharomycotina	0.0978422802694017	6340		
6341	Saccharomycotina	0.14493237138728396	6341		
6342	Saccharomycotina	0.6590313699326142	6342		
6343	Saccharomycotina	0.27332841481035713	6343		
6344	Saccharomycotina	0.0	6344		
6345	Saccharomycotina	0.0	6345		
6346	Saccharomycotina	0.33522761191467243	6346		
6347	Saccharomycotina	0.4572667546544688	6347		
6348	Saccharomycotina	0.5034768043906959	6348		
6349	Saccharomycotina	36.959596296481585	6349		
6350	Saccharomycotina	0.14532364064398945	6350		
6351	Saccharomycotina	7.607723022906561	6351		
6352	Saccharomycotina	0.43880137677326064	6352		
6353	Saccharomycotina	26.770155691775503	6353		
6354	Saccharomycotina	0.8835368809071693	6354		
6355	Saccharomycotina	0.15434725397577817	6355		
6356	Saccharomycotina	0.2870306433290207	6356		
6357	Saccharomycotina	0.08384472390095375	6357		
6358	Saccharomycotina	0.0	6358		
6359	Saccharomycotina	0.001905869484114065	6359		
6360	Saccharomycotina	0.003948365875864407	6360		
6361	Saccharomycotina	0.0	6361		
6362	Saccharomycotina	0.0	6362		
6363	Saccharomycotina	0.0	6363		
6364	Saccharomycotina	0.0	6364		
6365	Saccharomycotina	0.0	6365		
6366	Saccharomycotina	0.0	6366		
6367	Saccharomycotina	0.0	6367		
6368	Saccharomycotina	0.005967701534616186	6368		
6369	Saccharomycotina	0.004945852062772964	6369		
6370	Saccharomycotina	0.0038040596303303923	6370		
6371	Saccharomycotina	0.0	6371		
6372	Saccharomycotina	0.0	6372		
6373	Saccharomycotina	29.111442387255842	6373		
6374	Saccharomycotina	21.00736091774982	6374		
6375	Saccharomycotina	0.019636256509849116	6375		
6376	Saccharomycotina	6.756814238391142	6376		
6377	Saccharomycotina	0.2958988475537792	6377		
6378	Saccharomycotina	27.804149142208523	6378		
6379	Saccharomycotina	0.03110855451722462	6379		
6380	Saccharomycotina	25.600126061339385	6380		
6381	Saccharomycotina	8.273810325423693	6381		
6382	Saccharomycotina	48.534169659842185	6382		
6383	Saccharomycotina	11.252100327578894	6383		
6384	Saccharomycotina	0.06819952723217718	6384		
6385	Saccharomycotina	9.070208827722182	6385		
6386	Saccharomycotina	5.977574284688183	6386		
6387	Saccharomycotina	6.9407939469322475	6387		
6388	Saccharomycotina	33.70396219897027	6388		
6389	Saccharomycotina	9.505779901434845	6389		
6390	Saccharomycotina	18.135177074722257	6390		
6391	Saccharomycotina	8.03127605405664	6391		
6392	Saccharomycotina	3.602753693707565	6392		
6393	Saccharomycotina	0.2782659882113873	6393		
6394	Saccharomycotina	11.673209641794966	6394		
6395	Saccharomycotina	0.9773179847879754	6395		
6396	Saccharomycotina	6.224888661061943	6396		
6397	Saccharomycotina	0.08357695228371881	6397		
6398	Saccharomycotina	2.724994678657862	6398		
6399	Saccharomycotina	7.142426614067222	6399		
6400	Saccharomycotina	54.733797827413674	6400		
6401	Saccharomycotina	6.863842964632323	6401		
6402	Saccharomycotina	2.0329599349688166	6402		
6403	Saccharomycotina	0.055695870094563234	6403		
6404	Saccharomycotina	0.13454609414167085	6404		
6405	Saccharomycotina	0.00819582526786015	6405		
6406	Saccharomycotina	0.004599241593666854	6406		
6407	Saccharomycotina	0.310152355019466	6407		
6408	Saccharomycotina	0.2068249918368978	6408		
6409	Saccharomycotina	1.2759808104457657	6409		
6410	Saccharomycotina	1.6014598755513076	6410		
6411	Saccharomycotina	12.210664458221485	6411		
6412	Saccharomycotina	0.6081929040978352	6412		
6413	Saccharomycotina	0.7512877221892964	6413		
6414	Saccharomycotina	0.7308359242498874	6414		
6415	Saccharomycotina	0.0035721281365542154	6415		
6416	Saccharomycotina	0.003478461347515889	6416		
6417	Saccharomycotina	0.00332599166584027	6417		
6418	Saccharomycotina	0.01503969428263728	6418		
6419	Saccharomycotina	0.016883398804255798	6419		
6420	Saccharomycotina	0.014043925463937963	6420		
6421	Saccharomycotina	1.2520699840192913	6421		
6422	Saccharomycotina	2.157786132727114	6422		
6423	Saccharomycotina	35.420793785298244	6423		
6424	Saccharomycotina	4.998143074271114	6424		
6425	Saccharomycotina	0.33418203252585943	6425		
6426	Saccharomycotina	0.3954821215177146	6426		
6427	Saccharomycotina	0.6834687211207774	6427		
6428	Saccharomycotina	1.5318039077614658	6428		
6429	Saccharomycotina	0.006323065942947774	6429		
6430	Saccharomycotina	0.004702344875986669	6430		
6431	Saccharomycotina	0.036743546156054796	6431		
6432	Saccharomycotina	0.02941855894030919	6432		
6433	Saccharomycotina	0.2074566608411114	6433		
6434	Saccharomycotina	0.010703052733147617	6434		
6435	Saccharomycotina	0.6204055111649205	6435		
6436	Saccharomycotina	0.8532758488765816	6436		
6437	Saccharomycotina	2.3012010572937784	6437		
6438	Saccharomycotina	38.110507094288195	6438		
6439	Saccharomycotina	4.689031301398464	6439		
6440	Saccharomycotina	9.00719910084967	6440		
6441	Saccharomycotina	12.028217424284628	6441		
6442	Saccharomycotina	4.328230674404962	6442		
6443	Saccharomycotina	4.970948744580358	6443		
6444	Saccharomycotina	1.4535691682801557	6444		
6445	Saccharomycotina	0.09808414465680439	6445		
6446	Saccharomycotina	4.440778032444773	6446		
6447	Saccharomycotina	0.1200102828378241	6447		
6448	Saccharomycotina	0.08746171130758561	6448		
6449	Saccharomycotina	0.09056811624969138	6449		
6450	Saccharomycotina	17.754875576491123	6450		
6451	Saccharomycotina	14.563777176448633	6451		
6452	Saccharomycotina	1.606401432890773	6452		
6453	Saccharomycotina	0.9396935303495372	6453		
6454	Saccharomycotina	17.758840758171342	6454		
6455	Saccharomycotina	5.413902284630119	6455		
6456	Saccharomycotina	1.6125475850644346	6456		
6457	Saccharomycotina	0.01989652478094718	6457		
6458	Saccharomycotina	0.07942186840738309	6458		
6459	Saccharomycotina	3.068984130976108	6459		
6460	Saccharomycotina	0.43789288622674916	6460		
6461	Saccharomycotina	0.020226333894735944	6461		
6462	Saccharomycotina	0.0	6462		
6463	Saccharomycotina	0.0038607952827247175	6463		
6464	Saccharomycotina	0.0	6464		
6465	Saccharomycotina	0.21577855642141616	6465		
6466	Saccharomycotina	0.0	6466		
6467	Saccharomycotina	0.0	6467		
6468	Saccharomycotina	0.0	6468		
6469	Saccharomycotina	0.0	6469		
6470	Saccharomycotina	0.0	6470		
6471	Saccharomycotina	0.0334779410637541	6471		
6472	Saccharomycotina	0.0	6472		
6473	Saccharomycotina	0.005401850920824178	6473		
6474	Saccharomycotina	0.009560131520095055	6474		
6475	Saccharomycotina	0.02924699526146267	6475		
6476	Saccharomycotina	0.27549510329982124	6476		
6477	Saccharomycotina	0.036854495685027494	6477		
6478	Saccharomycotina	0.031809813476472854	6478		
6479	Saccharomycotina	0.018769607645592684	6479		
6480	Saccharomycotina	0.11104470045423902	6480		
6481	Saccharomycotina	0.10831701516622425	6481		
6482	Saccharomycotina	0.05238964175182447	6482		
6483	Saccharomycotina	0.0	6483		
6484	Saccharomycotina	0.6691676814958111	6484		
6485	Saccharomycotina	0.5663846426680437	6485		
6486	Saccharomycotina	0.09323986997790831	6486		
6487	Saccharomycotina	0.07614848807041875	6487		
6488	Saccharomycotina	0.04917818264628332	6488		
6489	Saccharomycotina	0.7878373067961133	6489		
6490	Saccharomycotina	0.016752063172017634	6490		
6491	Saccharomycotina	0.0114697263352612	6491		
6492	Saccharomycotina	0.08361798630505016	6492		
6493	Saccharomycotina	0.08004458312413087	6493		
6494	Saccharomycotina	0.40634638688777186	6494		
6495	Saccharomycotina	0.47421534002739363	6495		
6496	Saccharomycotina	0.5801097424922019	6496		
6497	Saccharomycotina	0.0	6497		
6498	Saccharomycotina	0.0	6498		
6499	Saccharomycotina	0.48513284958262864	6499		
6500	Saccharomycotina	0.7776412115493646	6500		
6501	Saccharomycotina	0.016688396079546468	6501		
6502	Saccharomycotina	0.021549999199628626	6502		
6503	Saccharomycotina	0.35501655238670665	6503		
6504	Saccharomycotina	6.785667440182741	6504		
6505	Saccharomycotina	0.11300214879199982	6505		
6506	Saccharomycotina	0.05812323837522652	6506		
6507	Saccharomycotina	0.18430626865383515	6507		
6508	Saccharomycotina	0.0020643537622755974	6508		
6509	Saccharomycotina	0.7046980848018406	6509		
6510	Saccharomycotina	0.3433794866240119	6510		
6511	Saccharomycotina	0.12872110673411938	6511		
6512	Saccharomycotina	0.00859225224340566	6512		
6513	Saccharomycotina	0.20207529418181325	6513		
6514	Saccharomycotina	0.08442249760100067	6514		
6515	Saccharomycotina	0.03024071610015725	6515		
6516	Saccharomycotina	0.38174690426026603	6516		
6517	Saccharomycotina	0.02402644458998097	6517		
6518	Saccharomycotina	0.2102708647644864	6518		
6519	Saccharomycotina	0.0	6519		
6520	Saccharomycotina	0.08642407695583476	6520		
6521	Saccharomycotina	0.2205138337387559	6521		
6522	Saccharomycotina	0.07704303510341755	6522		
6523	Saccharomycotina	0.0	6523		
6524	Saccharomycotina	0.10697266556360273	6524		
6525	Saccharomycotina	0.0	6525		
6526	Saccharomycotina	0.005252289085089562	6526		
6527	Saccharomycotina	0.0	6527		
6528	Saccharomycotina	0.0	6528		
6529	Saccharomycotina	0.0	6529		
6530	Saccharomycotina	0.0	6530		
6531	Saccharomycotina	0.0	6531		
6532	Saccharomycotina	0.0009130748152699397	6532		
6533	Saccharomycotina	0.37813959942643044	6533		
6534	Saccharomycotina	0.13434768909208755	6534		
6535	Saccharomycotina	0.13028394492128773	6535		
6536	Saccharomycotina	0.01337997940029294	6536		
6537	Saccharomycotina	0.011593122490144011	6537		
6538	Saccharomycotina	1.1658252097425952	6538		
6539	Saccharomycotina	0.09525588681123531	6539		
6540	Saccharomycotina	0.061964981183728195	6540		
6541	Saccharomycotina	0.1814277929725996	6541		
6542	Saccharomycotina	1.248928494669339	6542		
6543	Saccharomycotina	0.0	6543		
6544	Saccharomycotina	0.5646501935470879	6544		
6545	Saccharomycotina	5.299806581432129	6545		
6546	Saccharomycotina	0.005023374639293793	6546		
6547	Saccharomycotina	4.686488773058828	6547		
6548	Saccharomycotina	0.17455042536703758	6548		
6549	Saccharomycotina	0.0	6549		
6550	Saccharomycotina	0.0823017679675029	6550		
6551	Saccharomycotina	0.1562347055097681	6551		
6552	Saccharomycotina	0.02179268730499605	6552		
6553	Saccharomycotina	0.021113440353074373	6553		
6554	Saccharomycotina	0.2231588647605951	6554		
6555	Saccharomycotina	0.05976290713264952	6555		
6556	Saccharomycotina	0.42181893280326305	6556		
6557	Saccharomycotina	0.28083180084555226	6557		
6558	Saccharomycotina	0.6116179881164369	6558		
6559	Saccharomycotina	0.04327561275577187	6559		
6560	Saccharomycotina	0.0	6560		
6561	Saccharomycotina	0.009425319424075282	6561		
6562	Saccharomycotina	0.001926608307535022	6562		
6563	Saccharomycotina	0.17091083115084132	6563		
6564	Saccharomycotina	0.30568641435490346	6564		
6565	Saccharomycotina	0.0380304454844128	6565		
6566	Saccharomycotina	0.5050726998767091	6566		
6567	Saccharomycotina	0.25128393196499615	6567		
6568	Saccharomycotina	0.1668664366699501	6568		
6569	Saccharomycotina	0.0	6569		
6570	Saccharomycotina	0.43199656975428485	6570		
6571	Saccharomycotina	0.01996236999972948	6571		
6572	Saccharomycotina	0.19657310648864132	6572		
6573	Saccharomycotina	0.32905033374347126	6573		
6574	Saccharomycotina	0.0	6574		
6575	Saccharomycotina	0.5722277572469416	6575		
6576	Saccharomycotina	0.7813622972135204	6576		
6577	Saccharomycotina	0.003624366897449003	6577		
6578	Saccharomycotina	0.010689074350565519	6578		
6579	Saccharomycotina	0.0	6579		
6580	Saccharomycotina	0.14550410726783808	6580		
6581	Saccharomycotina	0.07387820254429951	6581		
6582	Saccharomycotina	0.0	6582		
6583	Saccharomycotina	0.11960096574274742	6583		
6584	Saccharomycotina	0.3784878207080729	6584		
6585	Saccharomycotina	0.2426459624459486	6585		
6586	Saccharomycotina	0.9791215335383513	6586		
6587	Saccharomycotina	0.05586499097169037	6587		
6588	Saccharomycotina	1.291995828954215	6588		
6589	Saccharomycotina	1.0224928536559694	6589		
6590	Saccharomycotina	0.6143961955896977	6590		
6591	Saccharomycotina	0.08479268004738434	6591		
6592	Saccharomycotina	0.2869665438733214	6592		
6593	Saccharomycotina	0.35547460610786	6593		
6594	Saccharomycotina	0.597392838015551	6594		
6595	Saccharomycotina	8.502078818004284	6595		
6596	Saccharomycotina	27.106537805941212	6596		
6597	Saccharomycotina	0.18468215858773496	6597		
6598	Saccharomycotina	0.13276084284826134	6598		
6599	Saccharomycotina	0.28877281834045226	6599		
6600	Saccharomycotina	0.5736347468144672	6600		
6601	Saccharomycotina	0.9973690673172539	6601		
6602	Saccharomycotina	0.9237497269872194	6602		
6603	Saccharomycotina	0.5368348876842738	6603		
6604	Saccharomycotina	0.40748376873671305	6604		
6605	Saccharomycotina	0.3797969876248708	6605		
6606	Saccharomycotina	0.27813693839980425	6606		
6607	Saccharomycotina	1.0013954163683556	6607		
6608	Saccharomycotina	0.644881096146745	6608		
6609	Saccharomycotina	0.5330752325876489	6609		
6610	Saccharomycotina	0.8541802419469077	6610		
6611	Saccharomycotina	33.65608253579118	6611		
6612	Saccharomycotina	7.76594531517275	6612		
6613	Saccharomycotina	9.989358703380928	6613		
6614	Saccharomycotina	6.377643375510007	6614		
6615	Saccharomycotina	0.16826406418247397	6615		
6616	Saccharomycotina	0.10541740712622522	6616		
6617	Saccharomycotina	0.31366108821363375	6617		
6618	Saccharomycotina	0.3939911992060518	6618		
6619	Saccharomycotina	0.10456735347912487	6619		
6620	Saccharomycotina	0.4820773039056097	6620		
6621	Saccharomycotina	0.920383466199119	6621		
6622	Saccharomycotina	1.3071505673511123	6622		
6623	Saccharomycotina	0.9736911208960166	6623		
6624	Saccharomycotina	0.6595999316122414	6624		
6625	Saccharomycotina	0.9725926000547832	6625		
6626	Saccharomycotina	1.316694990693534	6626		
6627	Saccharomycotina	0.044685733614067316	6627		
6628	Saccharomycotina	0.07563732849595778	6628		
6629	Saccharomycotina	0.03251619706963641	6629		
6630	Saccharomycotina	0.01030451102232835	6630		
6631	Saccharomycotina	0.3275047069803764	6631		
6632	Saccharomycotina	2.6326239728785996	6632		
6633	Saccharomycotina	0.8922428070047916	6633		
6634	Saccharomycotina	1.5323355198062116	6634		
6635	Saccharomycotina	0.6203886220146015	6635		
6636	Saccharomycotina	0.4405203650262496	6636		
6637	Saccharomycotina	1.2668327923646054	6637		
6638	Saccharomycotina	0.974209836907381	6638		
6639	Saccharomycotina	0.6473713761740025	6639		
6640	Saccharomycotina	0.5954520501764192	6640		
6641	Saccharomycotina	1.85851744904393	6641		
6642	Saccharomycotina	0.8258131368736308	6642		
6643	Saccharomycotina	1.6903834593396925	6643		
6644	Saccharomycotina	0.0	6644		
6645	Saccharomycotina	0.0	6645		
6646	Saccharomycotina	0.0	6646		
6647	Saccharomycotina	0.0	6647		
6648	Saccharomycotina	0.0	6648		
6649	Saccharomycotina	0.0	6649		
6650	Saccharomycotina	0.0	6650		
6651	Saccharomycotina	0.0	6651		
6652	Saccharomycotina	0.0	6652		
6653	Saccharomycotina	0.0	6653		
6654	Saccharomycotina	0.0	6654		
6655	Saccharomycotina	0.0	6655		
6656	Saccharomycotina	0.0	6656		
6657	Saccharomycotina	0.0	6657		
6658	Saccharomycotina	0.0	6658		
6659	Saccharomycotina	0.02174887551665451	6659		
6660	Saccharomycotina	0.04793626818494343	6660		
6661	Saccharomycotina	0.05765287094199128	6661		
6662	Saccharomycotina	0.0	6662		
6663	Saccharomycotina	0.0	6663		
6664	Saccharomycotina	0.0	6664		
6665	Saccharomycotina	0.0	6665		
6666	Saccharomycotina	0.0	6666		
6667	Saccharomycotina	0.038036476171361605	6667		
6668	Saccharomycotina	0.040053441935113426	6668		
6669	Saccharomycotina	0.011041927017634207	6669		
6670	Saccharomycotina	0.00032523544894209997	6670		
6671	Saccharomycotina	0.004162636255327684	6671		
6672	Saccharomycotina	0.011036643995408288	6672		
6673	Saccharomycotina	0.015372543777958799	6673		
6674	Saccharomycotina	0.0007258185601340247	6674		
6675	Saccharomycotina	0.0009619936622033064	6675		
6676	Saccharomycotina	0.0008540340800088913	6676		
6677	Saccharomycotina	0.0012965186310173584	6677		
6678	Saccharomycotina	0.008671905881234331	6678		
6679	Saccharomycotina	0.0	6679		
6680	Saccharomycotina	0.0007009541871812593	6680		
6681	Saccharomycotina	0.01411331276411416	6681		
6682	Saccharomycotina	0.010242243033741896	6682		
6683	Saccharomycotina	0.8082103723511581	6683		
6684	Saccharomycotina	1.4017941375837182	6684		
6685	Saccharomycotina	0.07774270072329775	6685		
6686	Saccharomycotina	0.07742009493989509	6686		
6687	Saccharomycotina	0.001447183610437194	6687		
6688	Saccharomycotina	0.0009560293424525786	6688		
6689	Saccharomycotina	0.0	6689		
6690	Saccharomycotina	0.0	6690		
6691	Saccharomycotina	0.0	6691		
6692	Saccharomycotina	1.9009054528444103	6692		
6693	Saccharomycotina	0.015205453671353023	6693		
6694	Saccharomycotina	0.029347000143575934	6694		
6695	Saccharomycotina	4.542474697475916	6695		
6696	Saccharomycotina	2.6189311399753854	6696		
6697	Saccharomycotina	1.7456763944456555	6697		
6698	Saccharomycotina	3.468607236676302	6698		
6699	Saccharomycotina	3.265957303582568	6699		
6700	Saccharomycotina	4.315267051746504	6700		
6701	Saccharomycotina	2.0070120837301495	6701		
6702	Saccharomycotina	1.8778554716697407	6702		
6703	Saccharomycotina	2.255046236744682	6703		
6704	Saccharomycotina	10.096322338522414	6704		
6705	Saccharomycotina	19.434264701260332	6705		
6706	Saccharomycotina	16.571453424425975	6706		
6707	Saccharomycotina	20.89375269401395	6707		
6708	Saccharomycotina	15.563466310771515	6708		
6709	Saccharomycotina	18.149738982987873	6709		
6710	Saccharomycotina	18.158905987914544	6710		
6711	Saccharomycotina	26.108548365527255	6711		
6712	Saccharomycotina	33.73574923951858	6712		
6713	Saccharomycotina	26.518324795269947	6713		
6714	Saccharomycotina	40.57465129381308	6714		
6715	Saccharomycotina	3.303859713360634	6715		
6716	Saccharomycotina	64.5704657977123	6716		
6717	Saccharomycotina	46.36804464290345	6717		
6718	Saccharomycotina	27.202764762736713	6718		
6719	Saccharomycotina	78.68042983163863	6719		
6720	Saccharomycotina	12.774477403134568	6720		
6721	Saccharomycotina	16.525084826266525	6721		
6722	Saccharomycotina	16.257367518871423	6722		
6723	Saccharomycotina	10.394416445367957	6723		
6724	Saccharomycotina	13.713189842731685	6724		
6725	Saccharomycotina	1.909450302672721	6725		
6726	Saccharomycotina	10.764147399057306	6726		
6727	Saccharomycotina	10.547179788239507	6727		
6728	Saccharomycotina	7.74600986704555	6728		
6729	Saccharomycotina	1.454281506515209	6729		
6730	Saccharomycotina	5.1300074473106845	6730		
6731	Saccharomycotina	2.0325277281699408	6731		
6732	Saccharomycotina	6.23467224197149	6732		
6733	Saccharomycotina	7.751754382899964	6733		
6734	Saccharomycotina	1.1813690265884482	6734		
6735	Saccharomycotina	9.98865591538214	6735		
6736	Saccharomycotina	6.944266425368452	6736		
6737	Saccharomycotina	8.406206844103835	6737		
6738	Saccharomycotina	16.30820417168827	6738		
6739	Saccharomycotina	3.0042349960755126	6739		
6740	Saccharomycotina	7.8670563851729085	6740		
6741	Saccharomycotina	24.889919261519967	6741		
6742	Saccharomycotina	9.044302955081335	6742		
6743	Saccharomycotina	11.658478436128357	6743		
6744	Saccharomycotina	27.05529810802569	6744		
6745	Saccharomycotina	14.741495176763802	6745		
6746	Saccharomycotina	24.18886475598681	6746		
6747	Saccharomycotina	14.907412656078787	6747		
6748	Saccharomycotina	19.578159809776942	6748		
6749	Saccharomycotina	37.84508199439248	6749		
6750	Saccharomycotina	13.687045883736475	6750		
6751	Saccharomycotina	22.420496073400205	6751		
6752	Saccharomycotina	21.939817722872274	6752		
6753	Saccharomycotina	31.026880976885344	6753		
6754	Saccharomycotina	46.73691071134521	6754		
6755	Saccharomycotina	53.67311032488704	6755		
6756	Saccharomycotina	37.82849167980415	6756		
6757	Saccharomycotina	47.746271118114855	6757		
6758	Saccharomycotina	12.456537013349669	6758		
6759	Saccharomycotina	24.75663358594734	6759		
6760	Saccharomycotina	58.61278808443132	6760		
6761	Saccharomycotina	17.545975997969787	6761		
6762	Saccharomycotina	21.686349456289392	6762		
6763	Saccharomycotina	16.571503031155586	6763		
6764	Saccharomycotina	40.942486851602354	6764		
6765	Saccharomycotina	18.994902539327903	6765		
6766	Saccharomycotina	34.525852835468015	6766		
6767	Saccharomycotina	23.206880770876857	6767		
6768	Saccharomycotina	26.199095322947493	6768		
6769	Saccharomycotina	16.842245114696563	6769		
6770	Saccharomycotina	10.733750376906794	6770		
6771	Saccharomycotina	15.61530542345123	6771		
6772	Saccharomycotina	9.96335138152916	6772		
6773	Saccharomycotina	17.794106930407704	6773		
6774	Saccharomycotina	16.16654815873227	6774		
6775	Saccharomycotina	0.7627172362414969	6775		
6776	Saccharomycotina	19.57089245417693	6776		
6777	Saccharomycotina	25.870390916492937	6777		
6778	Saccharomycotina	15.959524591804367	6778		
6779	Saccharomycotina	24.15396488683254	6779		
6780	Saccharomycotina	19.65940704182553	6780		
6781	Saccharomycotina	32.803444087	6781		
6782	Saccharomycotina	26.45989141709538	6782		
6783	Saccharomycotina	15.213723553568645	6783		
6784	Saccharomycotina	53.04909136100451	6784		
6785	Saccharomycotina	19.29166101716047	6785		
6786	Saccharomycotina	0.8416479621529774	6786		
6787	Saccharomycotina	53.84697765093897	6787		
6788	Saccharomycotina	35.101896334421426	6788		
6789	Saccharomycotina	39.09381424581952	6789		
6790	Saccharomycotina	56.103466544639915	6790		
6791	Saccharomycotina	14.54669262832859	6791		
6792	Saccharomycotina	8.685374102172853	6792		
6793	Saccharomycotina	26.728944715648666	6793		
6794	Saccharomycotina	26.606320318531562	6794		
6795	Saccharomycotina	21.03049180604466	6795		
6796	Saccharomycotina	0.8587616868515523	6796		
6797	Saccharomycotina	6.135859467722192	6797		
6798	Saccharomycotina	0.36732468401825286	6798		
6799	Saccharomycotina	5.124716805592763	6799		
6800	Saccharomycotina	7.74601674727861	6800		
6801	Saccharomycotina	6.171480983011395	6801		
6802	Saccharomycotina	11.16296174681251	6802		
6803	Saccharomycotina	3.9829614000215514	6803		
6804	Saccharomycotina	2.824650887794375	6804		
6805	Saccharomycotina	5.096523795309579	6805		
6806	Saccharomycotina	5.561986173411912	6806		
6807	Saccharomycotina	6.295826115843675	6807		
6808	Saccharomycotina	7.346566898450097	6808		
6809	Saccharomycotina	3.9014416667253125	6809		
6810	Saccharomycotina	8.291654415124393	6810		
6811	Saccharomycotina	6.925977661659798	6811		
6812	Saccharomycotina	6.271999213418644	6812		
6813	Saccharomycotina	9.186042782597251	6813		
6814	Saccharomycotina	29.491398457822665	6814		
6815	Saccharomycotina	10.073432692513842	6815		
6816	Saccharomycotina	5.953513584164164	6816		
6817	Saccharomycotina	21.88508377557148	6817		
6818	Saccharomycotina	3.3768618066493423	6818		
6819	Saccharomycotina	2.944787989845728	6819		
6820	Saccharomycotina	5.413344580228989	6820		
6821	Saccharomycotina	3.7079674067854307	6821		
6822	Saccharomycotina	3.3985075965080433	6822		
6823	Saccharomycotina	9.848935810412383	6823		
6824	Saccharomycotina	92.21774965531444	6824		
6825	Saccharomycotina	85.20047661194103	6825		
6826	Saccharomycotina	78.37873895864192	6826		
6827	Saccharomycotina	91.47714319572788	6827		
6828	Saccharomycotina	6.39624552777009	6828		
6829	Saccharomycotina	7.92013528215782	6829		
6830	Saccharomycotina	17.058730354962833	6830		
6831	Saccharomycotina	6.394139814724313	6831		
6832	Saccharomycotina	9.168586545852197	6832		
6833	Saccharomycotina	34.88285521691585	6833		
6834	Saccharomycotina	13.425339545504256	6834		
6835	Saccharomycotina	36.37946883121673	6835		
6836	Saccharomycotina	29.381250241230067	6836		
6837	Saccharomycotina	30.12116454535602	6837		
6838	Saccharomycotina	26.381954542524156	6838		
6839	Saccharomycotina	0.6286369069878115	6839		
6840	Saccharomycotina	1.099141969417681	6840		
6841	Saccharomycotina	0.4085390956201467	6841		
6842	Saccharomycotina	0.8369231648120941	6842		
6843	Saccharomycotina	1.401561663675577	6843		
6844	Saccharomycotina	2.3846091305590744	6844		
6845	Saccharomycotina	54.496883621371204	6845		
6846	Saccharomycotina	11.494361140931076	6846		
6847	Saccharomycotina	11.714827445932317	6847		
6848	Saccharomycotina	1.8676254540896582	6848		
6849	Saccharomycotina	11.714141872597382	6849		
6850	Saccharomycotina	22.591811022219847	6850		
6851	Saccharomycotina	33.48732236725234	6851		
6852	Saccharomycotina	19.840154808609903	6852		
6853	Saccharomycotina	9.586866301930588	6853		
6854	Saccharomycotina	13.580890822554222	6854		
6855	Saccharomycotina	5.415838159946102	6855		
6856	Saccharomycotina	18.9269586195209	6856		
6857	Saccharomycotina	44.50802373272807	6857		
6858	Saccharomycotina	7.7259484275635435	6858		
6859	Saccharomycotina	11.722871919640099	6859		
6860	Saccharomycotina	30.901475239810317	6860		
6861	Saccharomycotina	39.5374285532159	6861		
6862	Saccharomycotina	26.149216485139792	6862		
6863	Saccharomycotina	29.438786890966394	6863		
6864	Saccharomycotina	45.15282784555853	6864		
6865	Saccharomycotina	41.14177799647996	6865		
6866	Saccharomycotina	25.261194187963206	6866		
6867	Saccharomycotina	75.32492075490876	6867		
6868	Saccharomycotina	94.89776981930653	6868		
6869	Saccharomycotina	36.2528318292749	6869		
6870	Saccharomycotina	46.283571884044605	6870		
6871	Saccharomycotina	18.59893720138441	6871		
6872	Saccharomycotina	23.645359458986228	6872		
6873	Saccharomycotina	37.94636707128938	6873		
6874	Saccharomycotina	10.737607193093183	6874		
6875	Saccharomycotina	15.402120871871347	6875		
6876	Saccharomycotina	42.57258669481908	6876		
6877	Saccharomycotina	2.052875658818853	6877		
6878	Saccharomycotina	12.151141921556528	6878		
6879	Saccharomycotina	89.5685248402878	6879		
6880	Saccharomycotina	0.4861553388235507	6880		
6881	Saccharomycotina	0.6792807643488276	6881		
6882	Saccharomycotina	2.5765608075603703	6882		
6883	Saccharomycotina	38.5460863959802	6883		
6884	Saccharomycotina	31.042767596744003	6884		
6885	Saccharomycotina	3.1678587710724244	6885		
6886	Saccharomycotina	24.299916759198258	6886		
6887	Saccharomycotina	4.344790394428232	6887		
6888	Saccharomycotina	1.9876466151057548	6888		
6889	Saccharomycotina	9.995242540841492	6889		
6890	Saccharomycotina	6.298172628487794	6890		
6891	Saccharomycotina	10.650354775202365	6891		
6892	Saccharomycotina	13.90881271526376	6892		
6893	Saccharomycotina	9.47099331921435	6893		
6894	Saccharomycotina	8.356936090363265	6894		
6895	Saccharomycotina	7.40730449816307	6895		
6896	Saccharomycotina	11.65986261435042	6896		
6897	Saccharomycotina	13.349515936099824	6897		
6898	Saccharomycotina	13.305122030835317	6898		
6899	Saccharomycotina	9.555985126470594	6899		
6900	Saccharomycotina	16.88761994290117	6900		
6901	Saccharomycotina	23.72041283969647	6901		
6902	Saccharomycotina	13.421459561663804	6902		
6903	Saccharomycotina	14.826123195074938	6903		
6904	Saccharomycotina	8.514628844600278	6904		
6905	Saccharomycotina	15.004705366047268	6905		
6906	Saccharomycotina	18.124953626784606	6906		
6907	Saccharomycotina	16.217306313463144	6907		
6908	Saccharomycotina	11.92643670740515	6908		
6909	Saccharomycotina	12.005796642040812	6909		
6910	Saccharomycotina	25.03700908478188	6910		
6911	Saccharomycotina	0.0	6911		
6912	Saccharomycotina	0.005993286774305105	6912		
6913	Saccharomycotina	0.06285026567407624	6913		
6914	Saccharomycotina	0.0	6914		
6915	Saccharomycotina	0.0	6915		
6916	Saccharomycotina	2.9282259762268525	6916		
6917	Saccharomycotina	2.3265143451526256	6917		
6918	Saccharomycotina	2.6939608120842506	6918		
6919	Saccharomycotina	2.6019577919614174	6919		
6920	Saccharomycotina	1.6246361302651513	6920		
6921	Saccharomycotina	5.607918467306551	6921		
6922	Saccharomycotina	10.179458340088667	6922		
6923	Saccharomycotina	26.465110836275873	6923		
6924	Saccharomycotina	4.435971476172427	6924		
6925	Saccharomycotina	6.835841675409096	6925		
6926	Saccharomycotina	25.942899258941544	6926		
6927	Saccharomycotina	71.21861230340694	6927		
6928	Saccharomycotina	39.98223620544138	6928		
6929	Saccharomycotina	32.82252116411285	6929		
6930	Saccharomycotina	68.88587321634913	6930		
6931	Saccharomycotina	71.94009900101295	6931		
6932	Saccharomycotina	10.956420130017905	6932		
6933	Saccharomycotina	50.311565707209105	6933		
6934	Saccharomycotina	35.00964692012662	6934		
6935	Saccharomycotina	56.23700986178966	6935		
6936	Saccharomycotina	11.44372916854936	6936		
6937	Saccharomycotina	20.217051520649814	6937		
6938	Saccharomycotina	8.250444437903127	6938		
6939	Saccharomycotina	19.77445842009524	6939		
6940	Saccharomycotina	5.032920804911829	6940		
6941	Saccharomycotina	10.869333435396653	6941		
6942	Saccharomycotina	13.80740023817294	6942		
6943	Saccharomycotina	36.5383039985795	6943		
6944	Saccharomycotina	9.67458070785141	6944		
6945	Saccharomycotina	15.173334418439572	6945		
6946	Saccharomycotina	73.6272253162927	6946		
6947	Saccharomycotina	15.615315361393932	6947		
6948	Saccharomycotina	28.861527754281813	6948		
6949	Saccharomycotina	56.714955474633946	6949		
6950	Saccharomycotina	33.47226854719588	6950		
6951	Saccharomycotina	31.829941513870263	6951		
6952	Saccharomycotina	55.436253551239844	6952		
6953	Saccharomycotina	24.414364278307893	6953		
6954	Saccharomycotina	36.225588579583544	6954		
6955	Saccharomycotina	25.969279464772484	6955		
6956	Saccharomycotina	37.463072453374515	6956		
6957	Saccharomycotina	46.49170658747812	6957		
6958	Saccharomycotina	7.885029025056972	6958		
6959	Saccharomycotina	8.761104792173887	6959		
6960	Saccharomycotina	18.815155856579125	6960		
6961	Saccharomycotina	16.362018316180997	6961		
6962	Saccharomycotina	16.908848485670955	6962		
6963	Saccharomycotina	40.43967890602728	6963		
6964	Saccharomycotina	5.021552280958558	6964		
6965	Saccharomycotina	74.29672872462712	6965		
6966	Saccharomycotina	90.45134167315186	6966		
6967	Saccharomycotina	39.29465227163061	6967		
6968	Saccharomycotina	62.995474752484014	6968		
6969	Saccharomycotina	9.71217479324207	6969		
6970	Saccharomycotina	14.395243059220201	6970		
6971	Saccharomycotina	27.78945722992664	6971		
6972	Saccharomycotina	7.848927075804456	6972		
6973	Saccharomycotina	16.116934549034063	6973		
6974	Saccharomycotina	7.4300195288876045	6974		
6975	Saccharomycotina	6.104645688567501	6975		
6976	Saccharomycotina	11.70224198319314	6976		
6977	Saccharomycotina	18.18579769458566	6977		
6978	Saccharomycotina	8.114286752066691	6978		
6979	Saccharomycotina	12.049882374674608	6979		
6980	Saccharomycotina	0.0009030250717126462	6980		
6981	Saccharomycotina	2.373568381265974	6981		
6982	Saccharomycotina	2.161604071729478	6982		
6983	Saccharomycotina	0.0004840007502011628	6983		
6984	Saccharomycotina	1.5516411431157944	6984		
6985	Saccharomycotina	10.677775492011246	6985		
6986	Saccharomycotina	24.058537953821098	6986		
6987	Saccharomycotina	17.774719114524938	6987		
6988	Saccharomycotina	88.42328583716525	6988		
6989	Saccharomycotina	55.65769789836449	6989		
6990	Saccharomycotina	93.00277668246665	6990		
6991	Saccharomycotina	28.3825564295693	6991		
6992	Saccharomycotina	19.855721418855822	6992		
6993	Saccharomycotina	24.08220429805282	6993		
6994	Saccharomycotina	24.109492731166483	6994		
6995	Saccharomycotina	14.658415747875905	6995		
6996	Saccharomycotina	20.569371767234877	6996		
6997	Saccharomycotina	2.0407336086185444	6997		
6998	Saccharomycotina	27.130321367690758	6998		
6999	Saccharomycotina	9.625237757103495	6999		
7000	Saccharomycotina	17.4097854217012	7000		
7001	Saccharomycotina	25.670970103171463	7001		
7002	Saccharomycotina	86.43173689211736	7002		
7003	Saccharomycotina	70.75123300687304	7003		
7004	Saccharomycotina	72.86605395887335	7004		
7005	Saccharomycotina	71.31290658309271	7005		
7006	Saccharomycotina	86.47656043379529	7006		
7007	Saccharomycotina	15.893502674881812	7007		
7008	Saccharomycotina	0.8438391477917665	7008		
7009	Saccharomycotina	23.927315707334987	7009		
7010	Saccharomycotina	21.915166415057072	7010		
7011	Saccharomycotina	22.646035963101905	7011		
7012	Saccharomycotina	20.773470260125247	7012		
7013	Saccharomycotina	7.151198618644637	7013		
7014	Saccharomycotina	21.201204606993933	7014		
7015	Saccharomycotina	6.937940769694251	7015		
7016	Saccharomycotina	8.262138868410226	7016		
7017	Saccharomycotina	13.763104830646974	7017		
7018	Saccharomycotina	16.320145728544723	7018		
7019	Saccharomycotina	19.500248464938814	7019		
7020	Saccharomycotina	29.43061174328669	7020		
7021	Saccharomycotina	22.40584773793471	7021		
7022	Saccharomycotina	20.906494667499963	7022		
7023	Saccharomycotina	35.38442892455925	7023		
7024	Saccharomycotina	6.3922183508978785	7024		
7025	Saccharomycotina	8.908492842225133	7025		
7026	Saccharomycotina	18.746290852333626	7026		
7027	Saccharomycotina	3.3223729845798933	7027		
7028	Saccharomycotina	5.1105252521950515	7028		
7029	Saccharomycotina	8.513927747029957	7029		
7030	Saccharomycotina	17.608057149131568	7030		
7031	Saccharomycotina	10.999620469681766	7031		
7032	Saccharomycotina	19.681625248990915	7032		
7033	Saccharomycotina	4.796248023175397	7033		
7034	Saccharomycotina	8.421043084818503	7034		
7035	Saccharomycotina	5.43140429664851	7035		
7036	Saccharomycotina	5.04460491011649	7036		
7037	Saccharomycotina	11.395921516448542	7037		
7038	Saccharomycotina	4.480067385267369	7038		
7039	Saccharomycotina	3.308946254583889	7039		
7040	Saccharomycotina	3.981709203367858	7040		
7041	Saccharomycotina	11.98774799824525	7041		
7042	Saccharomycotina	0.0	7042		
7043	Saccharomycotina	0.0	7043		
7044	Saccharomycotina	0.0030876661118063014	7044		
7045	Saccharomycotina	0.014018710224866048	7045		
7046	Saccharomycotina	0.0012573083982805838	7046		
7047	Saccharomycotina	0.0	7047		
7048	Saccharomycotina	0.0	7048		
7049	Saccharomycotina	0.0	7049		
7050	Saccharomycotina	0.0016842283264258307	7050		
7051	Saccharomycotina	0.0008113142847725816	7051		
7052	Saccharomycotina	0.001374841013049924	7052		
7053	Saccharomycotina	0.0002846943575131219	7053		
7054	Saccharomycotina	0.012981039355082371	7054		
7055	Saccharomycotina	0.0	7055		
7056	Saccharomycotina	0.0	7056		
7057	Saccharomycotina	0.0	7057		
7058	Saccharomycotina	0.0	7058		
7059	Saccharomycotina	0.0	7059		
7060	Saccharomycotina	0.0	7060		
7061	Saccharomycotina	0.0	7061		
7062	Saccharomycotina	0.0	7062		
7063	Saccharomycotina	0.004982020362134727	7063		
7064	Saccharomycotina	0.00921231950022933	7064		
7065	Saccharomycotina	0.0	7065		
7066	Saccharomycotina	0.009284662903542561	7066		
7067	Saccharomycotina	0.0	7067		
7068	Saccharomycotina	0.0045559905519533565	7068		
7069	Saccharomycotina	0.1429100139740504	7069		
7070	Saccharomycotina	0.0	7070		
7071	Saccharomycotina	0.0	7071		
7072	Saccharomycotina	0.17026843093173671	7072		
7073	Saccharomycotina	0.0	7073		
7074	Saccharomycotina	0.0013878889992635748	7074		
7075	Saccharomycotina	0.0	7075		
7076	Saccharomycotina	0.0	7076		
7077	Saccharomycotina	0.0	7077		
7078	Saccharomycotina	0.0	7078		
7079	Saccharomycotina	0.01387790859663317	7079		
7080	Saccharomycotina	0.0	7080		
7081	Saccharomycotina	0.0006276703996453347	7081		
7082	Saccharomycotina	0.0	7082		
7083	Saccharomycotina	0.0	7083		
7084	Saccharomycotina	0.0	7084		
7085	Saccharomycotina	0.0	7085		
7086	Saccharomycotina	0.0	7086		
7087	Saccharomycotina	0.0	7087		
7088	Saccharomycotina	0.0007830545679570217	7088		
7089	Saccharomycotina	0.0	7089		
7090	Saccharomycotina	0.0010887724770298351	7090		
7091	Saccharomycotina	0.0019843756355559933	7091		
7092	Saccharomycotina	0.0	7092		
7093	Saccharomycotina	0.006297599319468593	7093		
7094	Saccharomycotina	0.0	7094		
7095	Saccharomycotina	0.008802074210761325	7095		
7096	Saccharomycotina	0.0	7096		
7097	Saccharomycotina	0.01084927514793667	7097		
7098	Saccharomycotina	0.03160279237674563	7098		
7099	Saccharomycotina	0.0	7099		
7100	Saccharomycotina	0.0	7100		
7101	Saccharomycotina	0.0	7101		
7102	Saccharomycotina	0.0	7102		
7103	Saccharomycotina	0.0	7103		
7104	Saccharomycotina	1.5209658295253843e-05	7104		
7105	Saccharomycotina	0.0	7105		
7106	Saccharomycotina	0.0009645674042007795	7106		
7107	Saccharomycotina	0.0	7107		
7108	Saccharomycotina	0.004055025306376744	7108		
7109	Saccharomycotina	0.0	7109		
7110	Saccharomycotina	0.013866358977839617	7110		
7111	Saccharomycotina	0.0028074837997270636	7111		
7112	Saccharomycotina	0.0	7112		
7113	Saccharomycotina	0.02464711563487327	7113		
7114	Saccharomycotina	0.0	7114		
7115	Saccharomycotina	0.0	7115		
7116	Saccharomycotina	0.0	7116		
7117	Saccharomycotina	0.0	7117		
7118	Saccharomycotina	0.0	7118		
7119	Saccharomycotina	0.0	7119		
7120	Saccharomycotina	0.0	7120		
7121	Saccharomycotina	0.0015193972529077466	7121		
7122	Saccharomycotina	0.002255859625499991	7122		
7123	Saccharomycotina	0.20777331692254475	7123		
7124	Saccharomycotina	0.13819568211816735	7124		
7125	Saccharomycotina	0.15687555340256076	7125		
7126	Saccharomycotina	0.015034299531467704	7126		
7127	Saccharomycotina	0.16914142711525856	7127		
7128	Saccharomycotina	0.0014939703499299295	7128		
7129	Saccharomycotina	0.20608432571570776	7129		
7130	Saccharomycotina	0.10826152038972553	7130		
7131	Saccharomycotina	0.22272945435013064	7131		
7132	Saccharomycotina	0.058672217836991836	7132		
7133	Saccharomycotina	0.010997421770358052	7133		
7134	Saccharomycotina	0.044383370468973886	7134		
7135	Saccharomycotina	0.0010857226832927907	7135		
7136	Saccharomycotina	0.03876279897027455	7136		
7137	Saccharomycotina	0.003316284906017873	7137		
7138	Saccharomycotina	0.05555741414911784	7138		
7139	Saccharomycotina	0.08204394018841485	7139		
7140	Saccharomycotina	0.22492393330991434	7140		
7141	Saccharomycotina	0.005201558148433415	7141		
7142	Saccharomycotina	0.24554397097421343	7142		
7143	Saccharomycotina	0.003078395532654101	7143		
7144	Saccharomycotina	0.003626334934338427	7144		
7145	Saccharomycotina	0.20906550693080506	7145		
7146	Saccharomycotina	0.28195370178997947	7146		
7147	Saccharomycotina	0.2746383974898073	7147		
7148	Saccharomycotina	0.007956602734433098	7148		
7149	Saccharomycotina	0.12357005741141726	7149		
7150	Saccharomycotina	0.003984040067219839	7150		
7151	Saccharomycotina	0.03428061695280948	7151		
7152	Saccharomycotina	0.0	7152		
7153	Saccharomycotina	0.07643016646345996	7153		
7154	Saccharomycotina	0.08335679712205891	7154		
7155	Saccharomycotina	0.4340516160939823	7155		
7156	Saccharomycotina	0.0007558361377826434	7156		
7157	Saccharomycotina	0.2449812100767649	7157		
7158	Saccharomycotina	0.16727682515200606	7158		
7159	Saccharomycotina	0.12297497533637879	7159		
7160	Saccharomycotina	0.12441078930297744	7160		
7161	Saccharomycotina	0.004152882023581748	7161		
7162	Saccharomycotina	0.05679122298523709	7162		
7163	Saccharomycotina	0.0012132037416739095	7163		
7164	Saccharomycotina	0.001759775947417198	7164		
7165	Saccharomycotina	0.05949243385015772	7165		
7166	Saccharomycotina	0.07614666597682082	7166		
7167	Saccharomycotina	0.0030782985092285948	7167		
7168	Saccharomycotina	0.04310067033203567	7168		
7169	Saccharomycotina	0.5647342835604306	7169		
7170	Saccharomycotina	0.04140563996634498	7170		
7171	Saccharomycotina	0.005816056004878004	7171		
7172	Saccharomycotina	0.013261519768970522	7172		
7173	Saccharomycotina	0.017609850963361987	7173		
7174	Saccharomycotina	0.023879269823359944	7174		
7175	Saccharomycotina	0.01599607507784347	7175		
7176	Saccharomycotina	0.04763904638104144	7176		
7177	Saccharomycotina	0.011966203864926982	7177		
7178	Saccharomycotina	0.008550959716761728	7178		
7179	Saccharomycotina	0.014385713686937486	7179		
7180	Saccharomycotina	0.02021980327394142	7180		
7181	Saccharomycotina	0.00521485620830993	7181		
7182	Saccharomycotina	0.018338183185869442	7182		
7183	Saccharomycotina	0.02787868849522573	7183		
7184	Saccharomycotina	0.03288002277202991	7184		
7185	Saccharomycotina	0.025142947782822306	7185		
7186	Saccharomycotina	0.011787182970629561	7186		
7187	Saccharomycotina	0.01059374090065959	7187		
7188	Saccharomycotina	0.10659478788001178	7188		
7189	Saccharomycotina	0.00799948267936914	7189		
7190	Saccharomycotina	0.06753149110906356	7190		
7191	Saccharomycotina	5.353946814830077	7191		
7192	Saccharomycotina	0.570082381130676	7192		
7193	Saccharomycotina	0.7116796540696365	7193		
7194	Saccharomycotina	2.2771465728849987	7194		
7195	Saccharomycotina	0.09451868077730188	7195		
7196	Saccharomycotina	0.03307880040114328	7196		
7197	Saccharomycotina	0.0	7197		
7198	Saccharomycotina	3.161362805050626	7198		
7199	Saccharomycotina	0.48793798396314786	7199		
7200	Saccharomycotina	54.765056668489834	7200		
7201	Saccharomycotina	0.0	7201		
7202	Saccharomycotina	8.0	7202		
7203	Saccharomycotina	2.3978626825013327	7203		
7204	Saccharomycotina	96.99866300121364	7204		
7205	Saccharomycotina	0.05282364729048293	7205		
7206	Saccharomycotina	10.256410256410255	7206		
7207	Saccharomycotina	0.30663664926099654	7207		
7208	Saccharomycotina	0.05399052364441128	7208		
7209	Saccharomycotina	12.025195372979205	7209		
7210	Saccharomycotina	0.7529102460244689	7210		
7211	Saccharomycotina	0.21235618889818325	7211		
7212	Saccharomycotina	7.077015421938928	7212		
7213	Saccharomycotina	5.29507368544619	7213		
7214	Saccharomycotina	3.7946898347303963	7214		
7215	Saccharomycotina	34.632819963831345	7215		
7216	Saccharomycotina	5.794756466248395	7216		
7217	Saccharomycotina	0.691717753850926	7217		
7218	Saccharomycotina	0.0	7218		
7219	Saccharomycotina	7.272524425035462	7219		
7220	Saccharomycotina	0.4835934295195069	7220		
7221	Saccharomycotina	0.8055710920102319	7221		
7222	Saccharomycotina	0.667572729896095	7222		
7223	Saccharomycotina	7.470767468783501	7223		
7224	Saccharomycotina	0.7193108613080023	7224		
7225	Saccharomycotina	2.941176470588235	7225		
7226	Saccharomycotina	0.5354598844174713	7226		
7227	Saccharomycotina	0.7161142057425061	7227		
7228	Saccharomycotina	0.5461917966261115	7228		
7229	Saccharomycotina	0.0	7229		
7230	Saccharomycotina	0.4333041465257703	7230		
7231	Saccharomycotina	0.2701825507452518	7231		
7232	Saccharomycotina	11.398454941196636	7232		
7233	Saccharomycotina	17.895986413565627	7233		
7234	Saccharomycotina	0.09659775560289079	7234		
7235	Saccharomycotina	0.17525762092416833	7235		
7236	Saccharomycotina	0.30295140563023537	7236		
7237	Saccharomycotina	0.4093008399811448	7237		
7238	Saccharomycotina	0.47981232349558806	7238		
7239	Saccharomycotina	0.7583403298285605	7239		
7240	Saccharomycotina	0.30127018871975336	7240		
7241	Saccharomycotina	0.4085601802264764	7241		
7242	Saccharomycotina	0.5881758895255863	7242		
7243	Saccharomycotina	0.572200211463193	7243		
7244	Saccharomycotina	0.038261994973959344	7244		
7245	Saccharomycotina	0.3293571795843837	7245		
7246	Saccharomycotina	0.3949634877119775	7246		
7247	Saccharomycotina	0.9084483765023594	7247		
7248	Saccharomycotina	6.532298370453114	7248		
7249	Saccharomycotina	86.62434526352129	7249		
7250	Saccharomycotina	27.714866393558623	7250		
7251	Saccharomycotina	1.4892403579111988	7251		
7252	Saccharomycotina	0.4894314483531625	7252		
7253	Saccharomycotina	5.555555555555555	7253		
7254	Saccharomycotina	0.4153057111484843	7254		
7255	Saccharomycotina	0.03894950582319244	7255		
7256	Saccharomycotina	1.6422350241175256	7256		
7257	Saccharomycotina	96.54403954504966	7257		
7258	Saccharomycotina	0.045069020167218386	7258		
7259	Saccharomycotina	31.048823262047527	7259		
7260	Saccharomycotina	0.5428942099674446	7260		
7261	Saccharomycotina	25.596357739500565	7261		
7262	Saccharomycotina	97.09587494430487	7262		
7263	Saccharomycotina	14.60934497304551	7263		
7264	Saccharomycotina	1.3901496491565337	7264		
7265	Saccharomycotina	2.1337122048466113	7265		
7266	Saccharomycotina	0.2501872027335976	7266		
7267	Saccharomycotina	2.641845948054843	7267		
7268	Saccharomycotina	0.5822332946589395	7268		
7269	Saccharomycotina	1.1795219152679992	7269		
7270	Saccharomycotina	0.9737070272060299	7270		
7271	Saccharomycotina	4.347570487814812	7271		
7272	Saccharomycotina	1.4075746813868282	7272		
7273	Saccharomycotina	5.147383534754029	7273		
7274	Saccharomycotina	21.756119749584034	7274		
7275	Saccharomycotina	0.6234538860877868	7275		
7276	Saccharomycotina	0.17049703653268744	7276		
7277	Saccharomycotina	43.12774832267448	7277		
7278	Saccharomycotina	2.5344331110845464	7278		
7279	Saccharomycotina	28.62654152474782	7279		
7280	Saccharomycotina	0.4731498820918297	7280		
7281	Saccharomycotina	0.39328049424418204	7281		
7282	Saccharomycotina	0.02534419410329719	7282		
7283	Saccharomycotina	0.010318843148424722	7283		
7284	Saccharomycotina	0.012217857820052878	7284		
7285	Saccharomycotina	0.025284916970991528	7285		
7286	Saccharomycotina	0.023092176908144097	7286		
7287	Saccharomycotina	0.7441855318895532	7287		
7288	Saccharomycotina	0.09524359257005936	7288		
7289	Saccharomycotina	0.0292732570222469	7289		
7290	Saccharomycotina	0.00839356855899326	7290		
7291	Saccharomycotina	0.15135558216980624	7291		
7292	Saccharomycotina	0.011021493597759299	7292		
7293	Saccharomycotina	0.04421930399937864	7293		
7294	Saccharomycotina	0.042208780599736255	7294		
7295	Saccharomycotina	0.04869485078827467	7295		
7296	Saccharomycotina	0.02030849771026622	7296		
7297	Saccharomycotina	0.06094978614080093	7297		
7298	Saccharomycotina	0.046972964172627925	7298		
7299	Saccharomycotina	0.043896416660845136	7299		
7300	Saccharomycotina	0.06657762218602331	7300		
7301	Saccharomycotina	0.05750360145375294	7301		
7302	Saccharomycotina	0.02527654808929997	7302		
7303	Saccharomycotina	0.05759316537884931	7303		
7304	Saccharomycotina	0.06256894774933351	7304		
7305	Saccharomycotina	0.4823756406242071	7305		
7306	Saccharomycotina	0.03515935085506187	7306		
7307	Saccharomycotina	0.006870180091142336	7307		
7308	Saccharomycotina	0.024194303567775598	7308		
7309	Saccharomycotina	0.02847561259083952	7309		
7310	Saccharomycotina	0.041175376415607125	7310		
7311	Saccharomycotina	0.14536204377859102	7311		
7312	Saccharomycotina	0.017072952456340555	7312		
7313	Saccharomycotina	0.015512892890293445	7313		
7314	Saccharomycotina	0.9019573577110498	7314		
7315	Saccharomycotina	0.009038117927337701	7315		
7316	Saccharomycotina	0.09593552606878288	7316		
7317	Saccharomycotina	0.07901254286826316	7317		
7318	Saccharomycotina	0.051640742248270116	7318		
7319	Saccharomycotina	0.04786391444935427	7319		
7320	Saccharomycotina	0.046813742203475256	7320		
7321	Saccharomycotina	0.03537493307088029	7321		
7322	Saccharomycotina	0.12443856885855759	7322		
7323	Saccharomycotina	0.01636103093799607	7323		
7324	Saccharomycotina	0.13339388628109103	7324		
7325	Saccharomycotina	0.009699510786019012	7325		
7326	Saccharomycotina	0.00871917798220477	7326		
7327	Saccharomycotina	0.029565139119336937	7327		
7328	Saccharomycotina	0.0300874440579408	7328		
7329	Saccharomycotina	0.014500319737719324	7329		
7330	Saccharomycotina	0.04358920961333612	7330		
7331	Saccharomycotina	0.03117653061757996	7331		
7332	Saccharomycotina	0.199378942763978	7332		
7333	Saccharomycotina	0.004373185889114302	7333		
7334	Saccharomycotina	0.1250931733077229	7334		
7335	Saccharomycotina	0.001985196523494618	7335		
7336	Saccharomycotina	0.0030125093318135888	7336		
7337	Saccharomycotina	0.013993968471203879	7337		
7338	Saccharomycotina	0.06534260257261876	7338		
7339	Saccharomycotina	0.15460667822469823	7339		
7340	Saccharomycotina	75.3385886270974	7340		
7341	Saccharomycotina	75.32941948831552	7341		
7342	Saccharomycotina	94.65305796196769	7342		
7343	Saccharomycotina	95.35601822062806	7343		
7344	Saccharomycotina	66.0621459768859	7344		
7345	Saccharomycotina	68.22139447113739	7345		
7346	Saccharomycotina	69.0142438008591	7346		
7347	Saccharomycotina	70.60136271457851	7347		
7348	Saccharomycotina	89.92718588147723	7348		
7349	Saccharomycotina	89.11094681391802	7349		
7350	Saccharomycotina	86.39110180532282	7350		
7351	Saccharomycotina	89.14689310042027	7351		
7352	Saccharomycotina	79.94711197639349	7352		
7353	Saccharomycotina	80.86106294124258	7353		
7354	Saccharomycotina	93.15396364719277	7354		
7355	Saccharomycotina	92.6174208125631	7355		
7356	Saccharomycotina	82.69199439046517	7356		
7357	Saccharomycotina	81.53547760286254	7357		
7358	Saccharomycotina	90.13415228558206	7358		
7359	Saccharomycotina	87.33469858479525	7359		
7360	Saccharomycotina	0.05337281530459289	7360		
7361	Saccharomycotina	1.2258434799346847	7361		
7362	Saccharomycotina	0.1561640351788692	7362		
7363	Saccharomycotina	2.7568268564775926	7363		
7364	Saccharomycotina	0.0	7364		
7365	Saccharomycotina	0.9478294459178872	7365		
7366	Saccharomycotina	0.04456725638407021	7366		
7367	Saccharomycotina	0.07666401323416143	7367		
7368	Saccharomycotina	0.00041597657376539503	7368		
7369	Saccharomycotina	0.21046433510130783	7369		
7370	Saccharomycotina	0.0021231552993118182	7370		
7371	Saccharomycotina	0.015156171108450203	7371		
7372	Saccharomycotina	0.033435514026525046	7372		
7373	Saccharomycotina	0.10103019150772498	7373		
7374	Saccharomycotina	0.1337811877660401	7374		
7375	Saccharomycotina	0.041599372646852796	7375		
7376	Saccharomycotina	0.12170139646680343	7376		
7377	Saccharomycotina	0.039463981882959916	7377		
7378	Saccharomycotina	0.08050244511993798	7378		
7379	Saccharomycotina	0.03599875079291915	7379		
7380	Saccharomycotina	0.008934455109806522	7380		
7381	Saccharomycotina	0.1566479215110116	7381		
7382	Saccharomycotina	3.9494944510988907	7382		
7383	Saccharomycotina	0.01156494871952303	7383		
7384	Saccharomycotina	0.04588829592003396	7384		
7385	Saccharomycotina	0.042212295105952286	7385		
7386	Saccharomycotina	0.05160175664938505	7386		
7387	Saccharomycotina	0.06417192281096186	7387		
7388	Saccharomycotina	0.04911755083252165	7388		
7389	Saccharomycotina	0.045246745612226955	7389		
7390	Saccharomycotina	0.06985803024605353	7390		
7391	Saccharomycotina	0.06047469332686699	7391		
7392	Saccharomycotina	0.031748158505766136	7392		
7393	Saccharomycotina	0.02054229712198211	7393		
7394	Saccharomycotina	0.0253492356694664	7394		
7395	Saccharomycotina	0.006809294457517422	7395		
7396	Saccharomycotina	0.0029064149955429774	7396		
7397	Saccharomycotina	0.055422764929276606	7397		
7398	Saccharomycotina	0.0363445462989137	7398		
7399	Saccharomycotina	0.0	7399		
7400	Saccharomycotina	0.020421701420057146	7400		
7401	Saccharomycotina	0.010098792582399603	7401		
7402	Saccharomycotina	0.01075138139654164	7402		
7403	Saccharomycotina	0.004897440519374498	7403		
7404	Saccharomycotina	0.014427900972516547	7404		
7405	Saccharomycotina	0.22425030035955928	7405		
7406	Saccharomycotina	0.172666752162349	7406		
7407	Saccharomycotina	0.005058920100068703	7407		
7408	Saccharomycotina	0.008439887959862712	7408		
7409	Saccharomycotina	0.00401107132637087	7409		
7410	Saccharomycotina	0.42565425642686905	7410		
7411	Saccharomycotina	0.0029593506738751843	7411		
7412	Saccharomycotina	0.008982320103939227	7412		
7413	Saccharomycotina	0.008541601648338412	7413		
7414	Saccharomycotina	2.430109263290555	7414		
7415	Saccharomycotina	0.0994635984124399	7415		
7416	Saccharomycotina	0.0651994248978019	7416		
7417	Saccharomycotina	0.0	7417		
7418	Saccharomycotina	0.16740769745540912	7418		
7419	Saccharomycotina	0.009215919287948973	7419		
7420	Saccharomycotina	0.0	7420		
7421	Saccharomycotina	0.0	7421		
7422	Saccharomycotina	0.08174105722191002	7422		
7423	Saccharomycotina	0.030459303666998398	7423		
7424	Saccharomycotina	0.005618056602341322	7424		
7425	Saccharomycotina	0.002141178666259469	7425		
7426	Saccharomycotina	0.022637870137651388	7426		
7427	Saccharomycotina	0.0	7427		
7428	Saccharomycotina	0.0037986541162627683	7428		
7429	Saccharomycotina	0.001213207037387762	7429		
7430	Saccharomycotina	0.0	7430		
7431	Saccharomycotina	0.0	7431		
7432	Saccharomycotina	0.0	7432		
7433	Saccharomycotina	0.017017664294030704	7433		
7434	Saccharomycotina	0.031665018483981656	7434		
7435	Saccharomycotina	0.0004083666152124731	7435		
7436	Saccharomycotina	0.00043430253263260275	7436		
7437	Saccharomycotina	0.068240618489623	7437		
7438	Saccharomycotina	0.050531521963503793	7438		
7439	Saccharomycotina	0.004742179165415712	7439		
7440	Saccharomycotina	0.012479303559112268	7440		
7441	Saccharomycotina	0.0020295746833569888	7441		
7442	Saccharomycotina	0.014006691310468033	7442		
7443	Saccharomycotina	0.0027505399174585516	7443		
7444	Saccharomycotina	0.020106454537478433	7444		
7445	Saccharomycotina	0.026205594743623186	7445		
7446	Saccharomycotina	0.04948868754305091	7446		
7447	Saccharomycotina	0.002435687615736417	7447		
7448	Saccharomycotina	0.016783599020232607	7448		
7449	Saccharomycotina	0.0	7449		
7450	Saccharomycotina	0.0006573546896916102	7450		
7451	Saccharomycotina	0.01063402759549173	7451		
7452	Saccharomycotina	0.009501328551663801	7452		
7453	Saccharomycotina	1.2447359916590777	7453		
7454	Saccharomycotina	0.0013642627597597815	7454		
7455	Saccharomycotina	0.0008338495395037362	7455		
7456	Saccharomycotina	0.3262983080717163	7456		
7457	Saccharomycotina	0.29759643243238204	7457		
7458	Saccharomycotina	0.07260290536073108	7458		
7459	Saccharomycotina	0.0	7459		
7460	Saccharomycotina	0.03571850906422692	7460		
7461	Saccharomycotina	0.6558017942181179	7461		
7462	Saccharomycotina	1.1677858250552162	7462		
7463	Saccharomycotina	0.02258983610337079	7463		
7464	Saccharomycotina	0.5450494284293529	7464		
7465	Saccharomycotina	0.08172119849802753	7465		
7466	Saccharomycotina	0.021462337327884363	7466		
7467	Saccharomycotina	0.20686473409519826	7467		
7468	Saccharomycotina	0.1814894822765133	7468		
7469	Saccharomycotina	0.0003344306821511937	7469		
7470	Saccharomycotina	0.011016490166724532	7470		
7471	Saccharomycotina	0.03216853452666682	7471		
7472	Saccharomycotina	0.0	7472		
7473	Saccharomycotina	0.03574660999851671	7473		
7474	Saccharomycotina	0.06833847482353096	7474		
7475	Saccharomycotina	0.009695869288848613	7475		
7476	Saccharomycotina	0.0	7476		
7477	Saccharomycotina	0.0070341453179923125	7477		
7478	Saccharomycotina	0.08486326945094903	7478		
7479	Saccharomycotina	0.12018905413379966	7479		
7480	Saccharomycotina	0.09699321047526674	7480		
7481	Saccharomycotina	0.011805603484287651	7481		
7482	Saccharomycotina	0.18714909544603867	7482		
7483	Saccharomycotina	0.0	7483		
7484	Saccharomycotina	0.010563418020519008	7484		
7485	Saccharomycotina	0.0019600828921034954	7485		
7486	Saccharomycotina	0.02728156464703654	7486		
7487	Saccharomycotina	0.0870367388666393	7487		
7488	Saccharomycotina	0.02711166678715469	7488		
7489	Saccharomycotina	0.3824628695145209	7489		
7490	Saccharomycotina	0.06091926942891694	7490		
7491	Saccharomycotina	0.06636344202164765	7491		
7492	Saccharomycotina	0.4983132338999427	7492		
7493	Saccharomycotina	0.0367864737000213	7493		
7494	Saccharomycotina	0.024990248107598593	7494		
7495	Saccharomycotina	0.030082217532351522	7495		
7496	Saccharomycotina	0.043216988468082224	7496		
7497	Saccharomycotina	0.14982047374267043	7497		
7498	Saccharomycotina	0.01792030385308135	7498		
7499	Saccharomycotina	0.016133573723980082	7499		
7500	Saccharomycotina	0.7820147876423005	7500		
7501	Saccharomycotina	0.9303979029930928	7501		
7502	Saccharomycotina	0.009306659701946215	7502		
7503	Saccharomycotina	0.09901426687351428	7503		
7504	Saccharomycotina	0.08565367546234899	7504		
7505	Saccharomycotina	0.04786386338327765	7505		
7506	Saccharomycotina	0.04885464019827875	7506		
7507	Saccharomycotina	0.03718808069922119	7507		
7508	Saccharomycotina	0.12444289590720851	7508		
7509	Saccharomycotina	0.017072326082293605	7509		
7510	Saccharomycotina	0.1397991085569583	7510		
7511	Saccharomycotina	0.07837936878750401	7511		
7512	Saccharomycotina	0.01767846697169558	7512		
7513	Saccharomycotina	0.0016760570016042917	7513		
7514	Saccharomycotina	0.03943487066249018	7514		
7515	Saccharomycotina	0.026061436682473037	7515		
7516	Saccharomycotina	0.016886886811108982	7516		
7517	Saccharomycotina	0.01141390263266524	7517		
7518	Saccharomycotina	0.011030210540106368	7518		
7519	Saccharomycotina	0.0022095819366035377	7519		
7520	Saccharomycotina	0.0003814397179605003	7520		
7521	Saccharomycotina	0.012750614347782211	7521		
7522	Saccharomycotina	0.00234428574314684	7522		
7523	Saccharomycotina	0.0043535923860880035	7523		
7524	Saccharomycotina	0.0	7524		
7525	Saccharomycotina	0.0035473794992906356	7525		
7526	Saccharomycotina	0.0	7526		
7527	Saccharomycotina	0.011942113319798938	7527		
7528	Saccharomycotina	0.0	7528		
7529	Saccharomycotina	0.012890233679378733	7529		
7530	Saccharomycotina	0.0055005500550055	7530		
7531	Saccharomycotina	0.014874869076805106	7531		
7532	Saccharomycotina	0.009390523646833552	7532		
7533	Saccharomycotina	0.001603054384386156	7533		
7534	Saccharomycotina	0.00265473334530913	7534		
7535	Saccharomycotina	0.018474092689309673	7535		
7536	Saccharomycotina	0.012227173195987822	7536		
7537	Saccharomycotina	0.027483767007933896	7537		
7538	Saccharomycotina	0.032741969026765724	7538		
7539	Saccharomycotina	0.18972084456720373	7539		
7540	Saccharomycotina	0.026176243251225167	7540		
7541	Saccharomycotina	0.07206414637136724	7541		
7542	Saccharomycotina	0.18279494453672052	7542		
7543	Saccharomycotina	0.024060804684333623	7543		
7544	Saccharomycotina	0.009769589490740901	7544		
7545	Saccharomycotina	0.0	7545		
7546	Saccharomycotina	0.0025398284170070036	7546		
7547	Saccharomycotina	0.0	7547		
7548	Saccharomycotina	0.034710463457939766	7548		
7549	Saccharomycotina	0.8466610957045203	7549		
7550	Saccharomycotina	0.0008351724973841969	7550		
7551	Saccharomycotina	0.024160912917030177	7551		
7552	Saccharomycotina	2.447694447605361	7552		
7553	Saccharomycotina	3.818268540696352	7553		
7554	Saccharomycotina	5.614539116917933	7554		
7555	Saccharomycotina	0.23449491494209035	7555		
7556	Saccharomycotina	4.87056982198684	7556		
7557	Saccharomycotina	1.668840884589303	7557		
7558	Saccharomycotina	0.4765219315182392	7558		
7559	Saccharomycotina	84.88095684385435	7559		
7560	Saccharomycotina	75.96577493982578	7560		
7561	Saccharomycotina	77.99097638235088	7561		
7562	Saccharomycotina	89.80723759591089	7562		
7563	Saccharomycotina	88.6467254784443	7563		
7564	Saccharomycotina	3.198657700644446	7564		
7565	Saccharomycotina	85.61856312450183	7565		
7566	Saccharomycotina	85.62665427574176	7566		
7567	Saccharomycotina	88.7889475238835	7567		
7568	Saccharomycotina	90.72878920489103	7568		
7569	Saccharomycotina	85.4044803479482	7569		
7570	Saccharomycotina	80.42413248054669	7570		
7571	Saccharomycotina	84.4062352244203	7571		
7572	Saccharomycotina	63.66211118491073	7572		
7573	Saccharomycotina	74.52130151759715	7573		
7574	Saccharomycotina	65.18063346237986	7574		
7575	Saccharomycotina	1.3977967595438423	7575		
7576	Saccharomycotina	0.06345815297695036	7576		
7577	Saccharomycotina	0.20623136568144884	7577		
7578	Saccharomycotina	0.24463319971469838	7578		
7579	Saccharomycotina	0.3444732331071768	7579		
7580	Saccharomycotina	0.1524836197745085	7580		
7581	Saccharomycotina	6.769754513218268	7581		
7582	Saccharomycotina	0.11717983562121663	7582		
7583	Saccharomycotina	0.06608194160759341	7583		
7584	Saccharomycotina	0.06400992483783052	7584		
7585	Saccharomycotina	0.0831454813529474	7585		
7586	Saccharomycotina	0.1222765007342584	7586		
7587	Saccharomycotina	0.08767109670329064	7587		
7588	Saccharomycotina	0.09514707141023081	7588		
7589	Saccharomycotina	0.10887024808138497	7589		
7590	Saccharomycotina	0.07203071986011138	7590		
7591	Saccharomycotina	0.0709137345499471	7591		
7592	Saccharomycotina	0.06026265124360198	7592		
7593	Saccharomycotina	0.07268339493211466	7593		
7594	Saccharomycotina	0.08177285270745815	7594		
7595	Saccharomycotina	0.04461347180574855	7595		
7596	Saccharomycotina	0.07674435718716162	7596		
7597	Saccharomycotina	0.05798394290811776	7597		
7598	Saccharomycotina	0.06786911197561428	7598		
7599	Saccharomycotina	0.1104180110418011	7599		
7600	Saccharomycotina	0.08786114704614058	7600		
7601	Saccharomycotina	0.08316582702071816	7601		
7602	Saccharomycotina	0.08321549321182709	7602		
7603	Saccharomycotina	0.08829087118003519	7603		
7604	Saccharomycotina	0.11789327266211916	7604		
7605	Saccharomycotina	0.11499093926815888	7605		
7606	Saccharomycotina	0.07956240676280457	7606		
7607	Saccharomycotina	0.06330309901738473	7607		
7608	Saccharomycotina	0.11505374343325331	7608		
7609	Saccharomycotina	0.07676802670739964	7609		
7610	Saccharomycotina	0.05320061781362623	7610		
7611	Saccharomycotina	0.07284443061006408	7611		
7612	Saccharomycotina	0.04774746593560746	7612		
7613	Saccharomycotina	0.09140597888057111	7613		
7614	Saccharomycotina	0.1125516898299288	7614		
7615	Saccharomycotina	0.06980281384105601	7615		
7616	Saccharomycotina	0.0793718741750676	7616		
7617	Saccharomycotina	0.1443668563195244	7617		
7618	Saccharomycotina	0.0021220831531016137	7618		
7619	Saccharomycotina	1.0313803433471767	7619		
7620	Saccharomycotina	0.05169665851915236	7620		
7621	Saccharomycotina	0.0	7621		
7622	Saccharomycotina	0.0824326987595223	7622		
7623	Saccharomycotina	0.0	7623		
7624	Saccharomycotina	0.015395448793109747	7624		
7625	Saccharomycotina	0.1420986017053849	7625		
7626	Saccharomycotina	0.0	7626		
7627	Saccharomycotina	0.03634142031034523	7627		
7628	Saccharomycotina	0.0054059500980268745	7628		
7629	Saccharomycotina	0.0	7629		
7630	Saccharomycotina	0.015954213042106327	7630		
7631	Saccharomycotina	0.0	7631		
7632	Saccharomycotina	0.01922653241904839	7632		
7633	Saccharomycotina	0.12085818207704523	7633		
7634	Saccharomycotina	0.10292960242813441	7634		
7635	Saccharomycotina	0.25113449663637094	7635		
7636	Saccharomycotina	0.10319342809296671	7636		
7637	Saccharomycotina	0.007046093706919264	7637		
7638	Saccharomycotina	1.8473949280206803	7638		
7639	Saccharomycotina	71.60523416301004	7639		
7640	Saccharomycotina	0.0	7640		
7641	Saccharomycotina	0.0	7641		
7642	Saccharomycotina	0.0	7642		
7643	Saccharomycotina	0.0	7643		
7644	Saccharomycotina	0.0	7644		
7645	Saccharomycotina	0.04467242892084175	7645		
7646	Saccharomycotina	0.0801246227173468	7646		
7647	Saccharomycotina	0.081227137747543	7647		
7648	Saccharomycotina	0.0830275271127947	7648		
7649	Saccharomycotina	0.08596124677550754	7649		
7650	Saccharomycotina	0.09287568989355124	7650		
7651	Saccharomycotina	0.09101772989252195	7651		
7652	Saccharomycotina	0.08411233457825033	7652		
7653	Saccharomycotina	0.10133555396856192	7653		
7654	Saccharomycotina	0.09024280436911136	7654		
7655	Saccharomycotina	0.07907184331304215	7655		
7656	Saccharomycotina	0.0802364622962276	7656		
7657	Saccharomycotina	0.0867889825358123	7657		
7658	Saccharomycotina	0.08873823283810447	7658		
7659	Saccharomycotina	0.18614096487859302	7659		
7660	Saccharomycotina	0.1948565299206841	7660		
7661	Saccharomycotina	0.18787635724522717	7661		
7662	Saccharomycotina	0.18481649626305108	7662		
7663	Saccharomycotina	0.19015843101612379	7663		
7664	Saccharomycotina	0.19750409523307338	7664		
7665	Saccharomycotina	0.1980737531843012	7665		
7666	Saccharomycotina	0.1895969740300646	7666		
7667	Saccharomycotina	0.192129552094893	7667		
7668	Saccharomycotina	0.18113428646449034	7668		
7669	Saccharomycotina	0.08079198212487247	7669		
7670	Saccharomycotina	0.1771912484762883	7670		
7671	Saccharomycotina	0.18516120071427275	7671		
7672	Saccharomycotina	0.16606866918095073	7672		
7673	Saccharomycotina	0.17991888050474353	7673		
7674	Saccharomycotina	0.20208617825527106	7674		
7675	Saccharomycotina	0.19482782412637378	7675		
7676	Saccharomycotina	0.20597866272314358	7676		
7677	Saccharomycotina	0.15131766516793405	7677		
7678	Saccharomycotina	0.08163068525879075	7678		
7679	Saccharomycotina	0.08834289641640354	7679		
7680	Saccharomycotina	0.08999539501079405	7680		
7681	Saccharomycotina	0.07967059849131797	7681		
7682	Saccharomycotina	29.68931711156558	7682		
7683	Saccharomycotina	4.79907158434337	7683		
7684	Saccharomycotina	5.520560778330619	7684		
7685	Saccharomycotina	4.565706114012854	7685		
7686	Saccharomycotina	27.72886025947684	7686		
7687	Saccharomycotina	4.56569817158012	7687		
7688	Saccharomycotina	0.2887773164244357	7688		
7689	Saccharomycotina	0.09065676310043727	7689		
7690	Saccharomycotina	0.061172290239299244	7690		
7691	Saccharomycotina	0.04448136923104747	7691		
7692	Saccharomycotina	1.4133948833966303	7692		
7693	Saccharomycotina	0.015344362866205876	7693		
7694	Saccharomycotina	0.04809622661615189	7694		
7695	Saccharomycotina	1.5046237101876931	7695		
7696	Saccharomycotina	0.7319267874512237	7696		
7697	Saccharomycotina	2.003318233023664	7697		
7698	Saccharomycotina	0.0	7698		
7699	Saccharomycotina	0.035076890045892484	7699		
7700	Saccharomycotina	0.05365076252827499	7700		
7701	Saccharomycotina	0.07821745038398913	7701		
7702	Saccharomycotina	0.09332907119046689	7702		
7703	Saccharomycotina	0.1305664816285089	7703		
7704	Saccharomycotina	0.1256694147422673	7704		
7705	Saccharomycotina	46.7543264505687	7705		
7706	Saccharomycotina	0.0	7706		
7707	Saccharomycotina	0.0	7707		
7708	Saccharomycotina	0.0	7708		
7709	Saccharomycotina	0.15442496712802595	7709		
7710	Saccharomycotina	9.710911593788255	7710		
7711	Saccharomycotina	3.2055442685615874	7711		
7712	Saccharomycotina	1.3025963482596041	7712		
7713	Saccharomycotina	9.534125764882468	7713		
7714	Saccharomycotina	2.2899805246943257	7714		
7715	Saccharomycotina	1.3325709707094768	7715		
7716	Saccharomycotina	0.16774398898611065	7716		
7717	Saccharomycotina	1.2014716626030724	7717		
7718	Saccharomycotina	0.7427174350475443	7718		
7719	Saccharomycotina	8.10769460414013	7719		
7720	Saccharomycotina	7.322509976216088	7720		
7721	Saccharomycotina	4.986399678902301	7721		
7722	Saccharomycotina	10.687789654413224	7722		
7723	Saccharomycotina	1.4717434259473936	7723		
7724	Taphrinomycotina	0.0	7724		
7725	Taphrinomycotina	0.0	7725		
7726	Taphrinomycotina	0.0	7726		
7727	Taphrinomycotina	0.0	7727		
7728	Taphrinomycotina	0.0	7728		
7729	Taphrinomycotina	0.0	7729		
7730	Taphrinomycotina	0.0	7730		
7731	Taphrinomycotina	0.0	7731		
7732	Taphrinomycotina	0.0	7732		
7733	Taphrinomycotina	0.0	7733		
7734	Taphrinomycotina	0.0	7734		
7735	Taphrinomycotina	0.0	7735		
7736	Taphrinomycotina	0.0	7736		
7737	Taphrinomycotina	0.0	7737		
7738	Taphrinomycotina	0.0	7738		
7739	Taphrinomycotina	0.0	7739		
7740	Taphrinomycotina	0.0	7740		
7741	Taphrinomycotina	0.0	7741		
7742	Taphrinomycotina	0.0	7742		
7743	Taphrinomycotina	0.0	7743		
7744	Taphrinomycotina	0.0	7744		
7745	Taphrinomycotina	0.0	7745		
7746	Taphrinomycotina	0.0	7746		
7747	Taphrinomycotina	0.0	7747		
7748	Taphrinomycotina	0.0	7748		
7749	Taphrinomycotina	0.0	7749		
7750	Taphrinomycotina	0.0	7750		
7751	Taphrinomycotina	0.0	7751		
7752	Taphrinomycotina	0.0	7752		
7753	Taphrinomycotina	0.0	7753		
7754	Taphrinomycotina	0.0	7754		
7755	Taphrinomycotina	0.0	7755		
7756	Taphrinomycotina	0.0	7756		
7757	Taphrinomycotina	0.0	7757		
7758	Taphrinomycotina	0.0	7758		
7759	Taphrinomycotina	0.0	7759		
7760	Taphrinomycotina	0.0	7760		
7761	Taphrinomycotina	0.0	7761		
7762	Taphrinomycotina	0.0	7762		
7763	Taphrinomycotina	0.0	7763		
7764	Taphrinomycotina	0.0	7764		
7765	Taphrinomycotina	0.0	7765		
7766	Taphrinomycotina	0.0	7766		
7767	Taphrinomycotina	0.0	7767		
7768	Taphrinomycotina	0.0	7768		
7769	Taphrinomycotina	0.0	7769		
7770	Taphrinomycotina	0.0	7770		
7771	Taphrinomycotina	0.0	7771		
7772	Taphrinomycotina	0.0	7772		
7773	Taphrinomycotina	0.0	7773		
7774	Taphrinomycotina	0.0	7774		
7775	Taphrinomycotina	0.0	7775		
7776	Taphrinomycotina	0.0	7776		
7777	Taphrinomycotina	0.0	7777		
7778	Taphrinomycotina	0.0	7778		
7779	Taphrinomycotina	0.0	7779		
7780	Taphrinomycotina	0.0	7780		
7781	Taphrinomycotina	0.0	7781		
7782	Taphrinomycotina	0.0	7782		
7783	Taphrinomycotina	0.0	7783		
7784	Taphrinomycotina	0.0	7784		
7785	Taphrinomycotina	0.0	7785		
7786	Taphrinomycotina	0.0	7786		
7787	Taphrinomycotina	0.0	7787		
7788	Taphrinomycotina	0.0	7788		
7789	Taphrinomycotina	0.0	7789		
7790	Taphrinomycotina	0.0	7790		
7791	Taphrinomycotina	0.0	7791		
7792	Taphrinomycotina	0.0	7792		
7793	Taphrinomycotina	0.0	7793		
7794	Taphrinomycotina	0.0	7794		
7795	Taphrinomycotina	0.0	7795		
7796	Taphrinomycotina	0.0	7796		
7797	Taphrinomycotina	0.0	7797		
7798	Taphrinomycotina	0.0	7798		
7799	Taphrinomycotina	0.0	7799		
7800	Taphrinomycotina	0.0	7800		
7801	Taphrinomycotina	0.0	7801		
7802	Taphrinomycotina	0.0	7802		
7803	Taphrinomycotina	0.0	7803		
7804	Taphrinomycotina	0.0	7804		
7805	Taphrinomycotina	0.0	7805		
7806	Taphrinomycotina	0.0	7806		
7807	Taphrinomycotina	0.0	7807		
7808	Taphrinomycotina	0.0	7808		
7809	Taphrinomycotina	0.0	7809		
7810	Taphrinomycotina	0.0	7810		
7811	Taphrinomycotina	0.0	7811		
7812	Taphrinomycotina	0.0	7812		
7813	Taphrinomycotina	0.0	7813		
7814	Taphrinomycotina	0.0	7814		
7815	Taphrinomycotina	0.0	7815		
7816	Taphrinomycotina	0.0	7816		
7817	Taphrinomycotina	0.0	7817		
7818	Taphrinomycotina	0.0	7818		
7819	Taphrinomycotina	0.0	7819		
7820	Taphrinomycotina	0.0	7820		
7821	Taphrinomycotina	0.0	7821		
7822	Taphrinomycotina	0.0	7822		
7823	Taphrinomycotina	0.0	7823		
7824	Taphrinomycotina	0.0	7824		
7825	Taphrinomycotina	0.0	7825		
7826	Taphrinomycotina	0.0	7826		
7827	Taphrinomycotina	0.03944035266436485	7827		
7828	Taphrinomycotina	0.007828343248460464	7828		
7829	Taphrinomycotina	0.0037727808337038884	7829		
7830	Taphrinomycotina	0.0	7830		
7831	Taphrinomycotina	0.011332876853756047	7831		
7832	Taphrinomycotina	0.0	7832		
7833	Taphrinomycotina	0.0	7833		
7834	Taphrinomycotina	0.0	7834		
7835	Taphrinomycotina	0.0	7835		
7836	Taphrinomycotina	0.0	7836		
7837	Taphrinomycotina	0.0	7837		
7838	Taphrinomycotina	0.0	7838		
7839	Taphrinomycotina	0.0	7839		
7840	Taphrinomycotina	0.0	7840		
7841	Taphrinomycotina	0.0	7841		
7842	Taphrinomycotina	0.0	7842		
7843	Taphrinomycotina	0.02658800157558528	7843		
7844	Taphrinomycotina	0.0	7844		
7845	Taphrinomycotina	0.0	7845		
7846	Taphrinomycotina	0.0	7846		
7847	Taphrinomycotina	0.0	7847		
7848	Taphrinomycotina	0.0	7848		
7849	Taphrinomycotina	0.0	7849		
7850	Taphrinomycotina	0.0	7850		
7851	Taphrinomycotina	0.0	7851		
7852	Taphrinomycotina	0.0	7852		
7853	Taphrinomycotina	0.0	7853		
7854	Taphrinomycotina	0.0	7854		
7855	Taphrinomycotina	0.0	7855		
7856	Taphrinomycotina	0.0	7856		
7857	Taphrinomycotina	0.0	7857		
7858	Taphrinomycotina	0.0	7858		
7859	Taphrinomycotina	0.0	7859		
7860	Taphrinomycotina	0.0	7860		
7861	Taphrinomycotina	0.0	7861		
7862	Taphrinomycotina	0.0	7862		
7863	Taphrinomycotina	0.0	7863		
7864	Taphrinomycotina	0.0	7864		
7865	Taphrinomycotina	0.0	7865		
7866	Taphrinomycotina	0.0	7866		
7867	Taphrinomycotina	0.0	7867		
7868	Taphrinomycotina	0.0	7868		
7869	Taphrinomycotina	0.0	7869		
7870	Taphrinomycotina	0.0	7870		
7871	Taphrinomycotina	0.0	7871		
7872	Taphrinomycotina	0.0	7872		
7873	Taphrinomycotina	0.0	7873		
7874	Taphrinomycotina	0.0	7874		
7875	Taphrinomycotina	0.0	7875		
7876	Taphrinomycotina	0.0	7876		
7877	Taphrinomycotina	0.0	7877		
7878	Taphrinomycotina	0.0	7878		
7879	Taphrinomycotina	0.0	7879		
7880	Taphrinomycotina	0.0	7880		
7881	Taphrinomycotina	0.0	7881		
7882	Taphrinomycotina	0.0	7882		
7883	Taphrinomycotina	0.0	7883		
7884	Taphrinomycotina	0.0	7884		
7885	Taphrinomycotina	0.0	7885		
7886	Taphrinomycotina	0.0	7886		
7887	Taphrinomycotina	0.0	7887		
7888	Taphrinomycotina	0.0	7888		
7889	Taphrinomycotina	0.0	7889		
7890	Taphrinomycotina	0.0	7890		
7891	Taphrinomycotina	0.0	7891		
7892	Taphrinomycotina	0.0	7892		
7893	Taphrinomycotina	0.0	7893		
7894	Taphrinomycotina	0.0	7894		
7895	Taphrinomycotina	0.0	7895		
7896	Taphrinomycotina	0.0	7896		
7897	Taphrinomycotina	0.0	7897		
7898	Taphrinomycotina	0.0	7898		
7899	Taphrinomycotina	0.0	7899		
7900	Taphrinomycotina	0.0	7900		
7901	Taphrinomycotina	0.0	7901		
7902	Taphrinomycotina	0.0	7902		
7903	Taphrinomycotina	0.0	7903		
7904	Taphrinomycotina	0.0	7904		
7905	Taphrinomycotina	0.0	7905		
7906	Taphrinomycotina	0.0	7906		
7907	Taphrinomycotina	0.0	7907		
7908	Taphrinomycotina	0.0	7908		
7909	Taphrinomycotina	0.0	7909		
7910	Taphrinomycotina	0.0	7910		
7911	Taphrinomycotina	0.0	7911		
7912	Taphrinomycotina	0.0	7912		
7913	Taphrinomycotina	0.0	7913		
7914	Taphrinomycotina	0.0	7914		
7915	Taphrinomycotina	0.0	7915		
7916	Taphrinomycotina	0.0	7916		
7917	Taphrinomycotina	0.0	7917		
7918	Taphrinomycotina	0.0	7918		
7919	Taphrinomycotina	0.0	7919		
7920	Taphrinomycotina	0.0	7920		
7921	Taphrinomycotina	0.0	7921		
7922	Taphrinomycotina	0.0	7922		
7923	Taphrinomycotina	0.015081591409525533	7923		
7924	Taphrinomycotina	0.0	7924		
7925	Taphrinomycotina	0.0	7925		
7926	Taphrinomycotina	0.0	7926		
7927	Taphrinomycotina	0.0	7927		
7928	Taphrinomycotina	0.0	7928		
7929	Taphrinomycotina	0.0	7929		
7930	Taphrinomycotina	0.0	7930		
7931	Taphrinomycotina	0.0	7931		
7932	Taphrinomycotina	0.0	7932		
7933	Taphrinomycotina	0.0	7933		
7934	Taphrinomycotina	0.0	7934		
7935	Taphrinomycotina	0.0	7935		
7936	Taphrinomycotina	0.0	7936		
7937	Taphrinomycotina	0.0	7937		
7938	Taphrinomycotina	0.0	7938		
7939	Taphrinomycotina	0.0	7939		
7940	Taphrinomycotina	0.0	7940		
7941	Taphrinomycotina	0.0	7941		
7942	Taphrinomycotina	0.0	7942		
7943	Taphrinomycotina	0.0	7943		
7944	Taphrinomycotina	0.0	7944		
7945	Taphrinomycotina	0.0	7945		
7946	Taphrinomycotina	0.0	7946		
7947	Taphrinomycotina	0.0	7947		
7948	Taphrinomycotina	0.0	7948		
7949	Taphrinomycotina	0.0	7949		
7950	Taphrinomycotina	0.0	7950		
7951	Taphrinomycotina	0.0	7951		
7952	Taphrinomycotina	0.0	7952		
7953	Taphrinomycotina	0.0	7953		
7954	Taphrinomycotina	0.0	7954		
7955	Taphrinomycotina	0.0	7955		
7956	Taphrinomycotina	0.0	7956		
7957	Taphrinomycotina	0.0	7957		
7958	Taphrinomycotina	0.0	7958		
7959	Taphrinomycotina	0.0	7959		
7960	Taphrinomycotina	0.0	7960		
7961	Taphrinomycotina	0.0	7961		
7962	Taphrinomycotina	0.0	7962		
7963	Taphrinomycotina	0.0	7963		
7964	Taphrinomycotina	0.0	7964		
7965	Taphrinomycotina	0.0	7965		
7966	Taphrinomycotina	0.0	7966		
7967	Taphrinomycotina	0.0	7967		
7968	Taphrinomycotina	0.0	7968		
7969	Taphrinomycotina	0.0	7969		
7970	Taphrinomycotina	0.0	7970		
7971	Taphrinomycotina	0.0	7971		
7972	Taphrinomycotina	0.0	7972		
7973	Taphrinomycotina	0.0	7973		
7974	Taphrinomycotina	0.0	7974		
7975	Taphrinomycotina	0.0	7975		
7976	Taphrinomycotina	0.0	7976		
7977	Taphrinomycotina	0.0	7977		
7978	Taphrinomycotina	0.0	7978		
7979	Taphrinomycotina	0.0	7979		
7980	Taphrinomycotina	0.0	7980		
7981	Taphrinomycotina	0.0	7981		
7982	Taphrinomycotina	0.0	7982		
7983	Taphrinomycotina	0.0	7983		
7984	Taphrinomycotina	0.0	7984		
7985	Taphrinomycotina	0.0	7985		
7986	Taphrinomycotina	0.0	7986		
7987	Taphrinomycotina	0.0	7987		
7988	Taphrinomycotina	0.0	7988		
7989	Taphrinomycotina	0.0	7989		
7990	Taphrinomycotina	0.0	7990		
7991	Taphrinomycotina	0.0	7991		
7992	Taphrinomycotina	0.0	7992		
7993	Taphrinomycotina	0.0	7993		
7994	Taphrinomycotina	0.0	7994		
7995	Taphrinomycotina	0.0	7995		
7996	Taphrinomycotina	0.0	7996		
7997	Taphrinomycotina	0.0	7997		
7998	Taphrinomycotina	0.0	7998		
7999	Taphrinomycotina	0.0	7999		
8000	Taphrinomycotina	0.0	8000		
8001	Taphrinomycotina	0.0	8001		
8002	Taphrinomycotina	0.0	8002		
8003	Taphrinomycotina	0.0	8003		
8004	Taphrinomycotina	0.0	8004		
8005	Taphrinomycotina	0.0	8005		
8006	Taphrinomycotina	0.0	8006		
8007	Taphrinomycotina	0.0	8007		
8008	Taphrinomycotina	0.0	8008		
8009	Taphrinomycotina	0.0	8009		
8010	Taphrinomycotina	0.0	8010		
8011	Taphrinomycotina	0.0	8011		
8012	Taphrinomycotina	0.0	8012		
8013	Taphrinomycotina	0.0	8013		
8014	Taphrinomycotina	0.0	8014		
8015	Taphrinomycotina	0.0	8015		
8016	Taphrinomycotina	0.0	8016		
8017	Taphrinomycotina	0.0	8017		
8018	Taphrinomycotina	0.0	8018		
8019	Taphrinomycotina	0.0	8019		
8020	Taphrinomycotina	0.0	8020		
8021	Taphrinomycotina	0.0	8021		
8022	Taphrinomycotina	0.0	8022		
8023	Taphrinomycotina	0.0	8023		
8024	Taphrinomycotina	0.0	8024		
8025	Taphrinomycotina	0.0	8025		
8026	Taphrinomycotina	0.0	8026		
8027	Taphrinomycotina	0.0	8027		
8028	Taphrinomycotina	0.0	8028		
8029	Taphrinomycotina	0.0	8029		
8030	Taphrinomycotina	0.0	8030		
8031	Taphrinomycotina	0.0	8031		
8032	Taphrinomycotina	0.0	8032		
8033	Taphrinomycotina	0.0	8033		
8034	Taphrinomycotina	0.0	8034		
8035	Taphrinomycotina	0.0	8035		
8036	Taphrinomycotina	0.0	8036		
8037	Taphrinomycotina	0.0	8037		
8038	Taphrinomycotina	0.0	8038		
8039	Taphrinomycotina	0.0	8039		
8040	Taphrinomycotina	0.0	8040		
8041	Taphrinomycotina	0.0	8041		
8042	Taphrinomycotina	0.0	8042		
8043	Taphrinomycotina	0.0	8043		
8044	Taphrinomycotina	0.0	8044		
8045	Taphrinomycotina	0.0	8045		
8046	Taphrinomycotina	0.0	8046		
8047	Taphrinomycotina	0.0	8047		
8048	Taphrinomycotina	0.0	8048		
8049	Taphrinomycotina	0.0	8049		
8050	Taphrinomycotina	0.0	8050		
8051	Taphrinomycotina	0.0	8051		
8052	Taphrinomycotina	0.0	8052		
8053	Taphrinomycotina	0.0	8053		
8054	Taphrinomycotina	0.0	8054		
8055	Taphrinomycotina	0.0	8055		
8056	Taphrinomycotina	0.0	8056		
8057	Taphrinomycotina	0.0	8057		
8058	Taphrinomycotina	0.0	8058		
8059	Taphrinomycotina	0.0	8059		
8060	Taphrinomycotina	0.0	8060		
8061	Taphrinomycotina	0.0	8061		
8062	Taphrinomycotina	0.0	8062		
8063	Taphrinomycotina	0.0	8063		
8064	Taphrinomycotina	0.0	8064		
8065	Taphrinomycotina	0.0	8065		
8066	Taphrinomycotina	0.0	8066		
8067	Taphrinomycotina	0.0	8067		
8068	Taphrinomycotina	0.0	8068		
8069	Taphrinomycotina	0.0	8069		
8070	Taphrinomycotina	0.0	8070		
8071	Taphrinomycotina	0.0	8071		
8072	Taphrinomycotina	0.0	8072		
8073	Taphrinomycotina	0.0	8073		
8074	Taphrinomycotina	0.0	8074		
8075	Taphrinomycotina	0.0	8075		
8076	Taphrinomycotina	0.0	8076		
8077	Taphrinomycotina	0.0	8077		
8078	Taphrinomycotina	0.0	8078		
8079	Taphrinomycotina	0.0	8079		
8080	Taphrinomycotina	0.0	8080		
8081	Taphrinomycotina	0.0	8081		
8082	Taphrinomycotina	0.0	8082		
8083	Taphrinomycotina	0.0	8083		
8084	Taphrinomycotina	0.0	8084		
8085	Taphrinomycotina	0.0	8085		
8086	Taphrinomycotina	0.0	8086		
8087	Taphrinomycotina	0.0	8087		
8088	Taphrinomycotina	0.0	8088		
8089	Taphrinomycotina	0.0	8089		
8090	Taphrinomycotina	0.0	8090		
8091	Taphrinomycotina	0.0	8091		
8092	Taphrinomycotina	0.0	8092		
8093	Taphrinomycotina	0.0	8093		
8094	Taphrinomycotina	0.0	8094		
8095	Taphrinomycotina	0.0	8095		
8096	Taphrinomycotina	0.0	8096		
8097	Taphrinomycotina	0.0	8097		
8098	Taphrinomycotina	0.0	8098		
8099	Taphrinomycotina	0.0	8099		
8100	Taphrinomycotina	0.0	8100		
8101	Taphrinomycotina	0.0	8101		
8102	Taphrinomycotina	0.0	8102		
8103	Taphrinomycotina	0.0	8103		
8104	Taphrinomycotina	0.0	8104		
8105	Taphrinomycotina	0.0	8105		
8106	Taphrinomycotina	0.0	8106		
8107	Taphrinomycotina	0.0	8107		
8108	Taphrinomycotina	0.0	8108		
8109	Taphrinomycotina	0.0	8109		
8110	Taphrinomycotina	0.0	8110		
8111	Taphrinomycotina	0.0	8111		
8112	Taphrinomycotina	0.0	8112		
8113	Taphrinomycotina	0.0	8113		
8114	Taphrinomycotina	0.0	8114		
8115	Taphrinomycotina	0.0	8115		
8116	Taphrinomycotina	0.060889336190091556	8116		
8117	Taphrinomycotina	0.005560904259203296	8117		
8118	Taphrinomycotina	0.0	8118		
8119	Taphrinomycotina	0.04177807486631016	8119		
8120	Taphrinomycotina	0.015006568092121478	8120		
8121	Taphrinomycotina	0.015762048695458677	8121		
8122	Taphrinomycotina	0.0	8122		
8123	Taphrinomycotina	0.0	8123		
8124	Taphrinomycotina	0.002688413220365793	8124		
8125	Taphrinomycotina	0.0	8125		
8126	Taphrinomycotina	0.0	8126		
8127	Taphrinomycotina	0.0	8127		
8128	Taphrinomycotina	0.0	8128		
8129	Taphrinomycotina	0.0	8129		
8130	Taphrinomycotina	0.0	8130		
8131	Taphrinomycotina	0.0012345878732819007	8131		
8132	Taphrinomycotina	0.0	8132		
8133	Taphrinomycotina	0.0	8133		
8134	Taphrinomycotina	0.0	8134		
8135	Taphrinomycotina	0.0	8135		
8136	Taphrinomycotina	0.0	8136		
8137	Taphrinomycotina	0.0	8137		
8138	Taphrinomycotina	0.0	8138		
8139	Taphrinomycotina	0.0	8139		
8140	Taphrinomycotina	0.0	8140		
8141	Taphrinomycotina	0.0	8141		
8142	Taphrinomycotina	0.0	8142		
8143	Taphrinomycotina	0.0	8143		
8144	Taphrinomycotina	0.0	8144		
8145	Taphrinomycotina	0.0	8145		
8146	Taphrinomycotina	0.0	8146		
8147	Taphrinomycotina	0.0	8147		
8148	Taphrinomycotina	0.0	8148		
8149	Taphrinomycotina	0.0	8149		
8150	Taphrinomycotina	0.0	8150		
8151	Taphrinomycotina	0.0	8151		
8152	Taphrinomycotina	0.0	8152		
8153	Taphrinomycotina	0.0	8153		
8154	Taphrinomycotina	0.0	8154		
8155	Taphrinomycotina	0.0	8155		
8156	Taphrinomycotina	0.0	8156		
8157	Taphrinomycotina	0.00591432566022296	8157		
8158	Taphrinomycotina	0.0	8158		
8159	Taphrinomycotina	0.0	8159		
8160	Taphrinomycotina	0.0	8160		
8161	Taphrinomycotina	0.0	8161		
8162	Taphrinomycotina	0.0	8162		
8163	Taphrinomycotina	0.0	8163		
8164	Taphrinomycotina	0.0	8164		
8165	Taphrinomycotina	0.0	8165		
8166	Taphrinomycotina	0.0013172863269367665	8166		
8167	Taphrinomycotina	0.0	8167		
8168	Taphrinomycotina	0.0	8168		
8169	Taphrinomycotina	0.0	8169		
8170	Taphrinomycotina	0.0	8170		
8171	Taphrinomycotina	0.0	8171		
8172	Taphrinomycotina	0.0	8172		
8173	Taphrinomycotina	0.0	8173		
8174	Taphrinomycotina	0.0	8174		
8175	Taphrinomycotina	0.0	8175		
8176	Taphrinomycotina	0.0	8176		
8177	Taphrinomycotina	0.0	8177		
8178	Taphrinomycotina	0.0	8178		
8179	Taphrinomycotina	0.0	8179		
8180	Taphrinomycotina	0.0	8180		
8181	Taphrinomycotina	0.0	8181		
8182	Taphrinomycotina	0.0	8182		
8183	Taphrinomycotina	0.0	8183		
8184	Taphrinomycotina	0.0	8184		
8185	Taphrinomycotina	0.0	8185		
8186	Taphrinomycotina	0.0	8186		
8187	Taphrinomycotina	0.0	8187		
8188	Taphrinomycotina	0.0	8188		
8189	Taphrinomycotina	0.0	8189		
8190	Taphrinomycotina	0.0	8190		
8191	Taphrinomycotina	0.0	8191		
8192	Taphrinomycotina	0.0	8192		
8193	Taphrinomycotina	0.0	8193		
8194	Taphrinomycotina	0.0	8194		
8195	Taphrinomycotina	0.0	8195		
8196	Taphrinomycotina	0.0	8196		
8197	Taphrinomycotina	0.0	8197		
8198	Taphrinomycotina	0.0	8198		
8199	Taphrinomycotina	0.0	8199		
8200	Taphrinomycotina	0.0	8200		
8201	Taphrinomycotina	0.0	8201		
8202	Taphrinomycotina	0.0	8202		
8203	Taphrinomycotina	0.0	8203		
8204	Taphrinomycotina	0.0	8204		
8205	Taphrinomycotina	0.0	8205		
8206	Taphrinomycotina	0.0	8206		
8207	Taphrinomycotina	0.0	8207		
8208	Taphrinomycotina	0.0	8208		
8209	Taphrinomycotina	0.0	8209		
8210	Taphrinomycotina	0.0	8210		
8211	Taphrinomycotina	0.0	8211		
8212	Taphrinomycotina	0.0	8212		
8213	Taphrinomycotina	0.0	8213		
8214	Taphrinomycotina	0.0	8214		
8215	Taphrinomycotina	0.0	8215		
8216	Taphrinomycotina	0.0	8216		
8217	Taphrinomycotina	0.0	8217		
8218	Taphrinomycotina	0.0	8218		
8219	Taphrinomycotina	0.0	8219		
8220	Taphrinomycotina	0.0	8220		
8221	Taphrinomycotina	0.0	8221		
8222	Taphrinomycotina	0.0	8222		
8223	Taphrinomycotina	0.0	8223		
8224	Taphrinomycotina	0.0	8224		
8225	Taphrinomycotina	0.0	8225		
8226	Taphrinomycotina	0.0	8226		
8227	Taphrinomycotina	0.0	8227		
8228	Taphrinomycotina	0.0	8228		
8229	Taphrinomycotina	0.0	8229		
8230	Taphrinomycotina	0.0	8230		
8231	Taphrinomycotina	0.0	8231		
8232	Taphrinomycotina	0.0	8232		
8233	Taphrinomycotina	0.0	8233		
8234	Taphrinomycotina	0.0	8234		
8235	Taphrinomycotina	0.0	8235		
8236	Taphrinomycotina	0.0	8236		
8237	Taphrinomycotina	0.0	8237		
8238	Taphrinomycotina	0.0	8238		
8239	Taphrinomycotina	0.0	8239		
8240	Taphrinomycotina	0.0	8240		
8241	Taphrinomycotina	0.0	8241		
8242	Taphrinomycotina	0.0	8242		
8243	Taphrinomycotina	0.0	8243		
8244	Taphrinomycotina	0.0	8244		
8245	Taphrinomycotina	0.0005334438576872333	8245		
8246	Taphrinomycotina	0.0015627196577886332	8246		
8247	Taphrinomycotina	0.0003533570373548274	8247		
8248	Taphrinomycotina	0.002049327886881883	8248		
8249	Taphrinomycotina	0.0	8249		
8250	Taphrinomycotina	0.0007250144102386443	8250		
8251	Taphrinomycotina	0.0	8251		
8252	Taphrinomycotina	0.0	8252		
8253	Taphrinomycotina	0.005088188187226559	8253		
8254	Taphrinomycotina	0.0034937796506526535	8254		
8255	Taphrinomycotina	0.0011374576865740595	8255		
8256	Taphrinomycotina	0.003105654247567586	8256		
8257	Taphrinomycotina	0.0	8257		
8258	Taphrinomycotina	0.0016849522231495164	8258		
8259	Taphrinomycotina	0.0	8259		
8260	Taphrinomycotina	0.0004539263995224694	8260		
8261	Taphrinomycotina	0.00044630713261131316	8261		
8262	Taphrinomycotina	0.0	8262		
8263	Taphrinomycotina	0.0	8263		
8264	Taphrinomycotina	0.0	8264		
8265	Taphrinomycotina	0.0	8265		
8266	Taphrinomycotina	0.0	8266		
8267	Taphrinomycotina	0.0	8267		
8268	Taphrinomycotina	0.0	8268		
8269	Taphrinomycotina	0.0	8269		
8270	Taphrinomycotina	0.0	8270		
8271	Taphrinomycotina	0.0	8271		
8272	Taphrinomycotina	0.0	8272		
8273	Taphrinomycotina	0.0	8273		
8274	Taphrinomycotina	0.0	8274		
8275	Taphrinomycotina	0.0	8275		
8276	Taphrinomycotina	0.0	8276		
8277	Taphrinomycotina	0.0	8277		
8278	Taphrinomycotina	0.0	8278		
8279	Taphrinomycotina	0.0	8279		
8280	Taphrinomycotina	0.0	8280		
8281	Taphrinomycotina	0.0	8281		
8282	Taphrinomycotina	0.0	8282		
8283	Taphrinomycotina	0.0	8283		
8284	Taphrinomycotina	0.0	8284		
8285	Taphrinomycotina	0.0	8285		
8286	Taphrinomycotina	0.0	8286		
8287	Taphrinomycotina	0.0	8287		
8288	Taphrinomycotina	0.0	8288		
8289	Taphrinomycotina	0.0	8289		
8290	Taphrinomycotina	0.0	8290		
8291	Taphrinomycotina	0.0	8291		
8292	Taphrinomycotina	0.0	8292		
8293	Taphrinomycotina	0.0	8293		
8294	Taphrinomycotina	0.0	8294		
8295	Taphrinomycotina	0.0	8295		
8296	Taphrinomycotina	0.0	8296		
8297	Taphrinomycotina	0.0	8297		
8298	Taphrinomycotina	0.0	8298		
8299	Taphrinomycotina	0.0	8299		
8300	Taphrinomycotina	0.0	8300		
8301	Taphrinomycotina	0.0	8301		
8302	Taphrinomycotina	0.0	8302		
8303	Taphrinomycotina	0.0	8303		
8304	Taphrinomycotina	0.0	8304		
8305	Taphrinomycotina	0.0	8305		
8306	Taphrinomycotina	0.0	8306		
8307	Taphrinomycotina	0.0	8307		
8308	Taphrinomycotina	0.0	8308		
8309	Taphrinomycotina	0.0	8309		
8310	Taphrinomycotina	0.0	8310		
8311	Taphrinomycotina	0.0	8311		
8312	Taphrinomycotina	0.0	8312		
8313	Taphrinomycotina	0.0002387464058583722	8313		
8314	Taphrinomycotina	0.0	8314		
8315	Taphrinomycotina	0.0003296961126958395	8315		
8316	Taphrinomycotina	0.0	8316		
8317	Taphrinomycotina	0.0	8317		
8318	Taphrinomycotina	2.898268122493795e-05	8318		
8319	Taphrinomycotina	0.0	8319		
8320	Taphrinomycotina	0.0	8320		
8321	Taphrinomycotina	3.232730926496912e-05	8321		
8322	Taphrinomycotina	0.0	8322		
8323	Taphrinomycotina	0.0005077681280540216	8323		
8324	Taphrinomycotina	0.0	8324		
8325	Taphrinomycotina	0.0	8325		
8326	Taphrinomycotina	0.0	8326		
8327	Taphrinomycotina	0.0	8327		
8328	Taphrinomycotina	0.0	8328		
8329	Taphrinomycotina	0.0	8329		
8330	Taphrinomycotina	0.0	8330		
8331	Taphrinomycotina	0.00011039377644045938	8331		
8332	Taphrinomycotina	0.0	8332		
8333	Taphrinomycotina	0.0	8333		
8334	Taphrinomycotina	0.0	8334		
8335	Taphrinomycotina	0.0	8335		
8336	Taphrinomycotina	0.0	8336		
8337	Taphrinomycotina	0.0	8337		
8338	Taphrinomycotina	0.0	8338		
8339	Taphrinomycotina	0.0	8339		
8340	Taphrinomycotina	0.0	8340		
8341	Taphrinomycotina	0.0	8341		
8342	Taphrinomycotina	0.0	8342		
8343	Taphrinomycotina	0.0002338009535778187	8343		
8344	Taphrinomycotina	0.00017083481718703391	8344		
8345	Taphrinomycotina	0.0002444492837909937	8345		
8346	Taphrinomycotina	0.001415330378891139	8346		
8347	Taphrinomycotina	0.001651030371783895	8347		
8348	Taphrinomycotina	0.0019143465695187721	8348		
8349	Taphrinomycotina	0.0012996030888712635	8349		
8350	Taphrinomycotina	0.001198366546288322	8350		
8351	Taphrinomycotina	0.001313930817346143	8351		
8352	Taphrinomycotina	0.0	8352		
8353	Taphrinomycotina	0.0	8353		
8354	Taphrinomycotina	0.0	8354		
8355	Taphrinomycotina	0.0	8355		
8356	Taphrinomycotina	0.0	8356		
8357	Taphrinomycotina	0.0	8357		
8358	Taphrinomycotina	0.0	8358		
8359	Taphrinomycotina	0.0	8359		
8360	Taphrinomycotina	0.0	8360		
8361	Taphrinomycotina	0.0	8361		
8362	Taphrinomycotina	0.0	8362		
8363	Taphrinomycotina	0.0	8363		
8364	Taphrinomycotina	0.0	8364		
8365	Taphrinomycotina	0.0	8365		
8366	Taphrinomycotina	0.0	8366		
8367	Taphrinomycotina	0.0	8367		
8368	Taphrinomycotina	0.0	8368		
8369	Taphrinomycotina	0.0	8369		
8370	Taphrinomycotina	0.0	8370		
8371	Taphrinomycotina	0.0	8371		
8372	Taphrinomycotina	0.0	8372		
8373	Taphrinomycotina	0.0	8373		
8374	Taphrinomycotina	0.0	8374		
8375	Taphrinomycotina	0.0	8375		
8376	Taphrinomycotina	0.0	8376		
8377	Taphrinomycotina	0.0	8377		
8378	Taphrinomycotina	0.0	8378		
8379	Taphrinomycotina	0.0	8379		
8380	Taphrinomycotina	0.0	8380		
8381	Taphrinomycotina	0.0	8381		
8382	Taphrinomycotina	0.0	8382		
8383	Taphrinomycotina	0.0	8383		
8384	Taphrinomycotina	0.0	8384		
8385	Taphrinomycotina	0.0	8385		
8386	Taphrinomycotina	0.0	8386		
8387	Taphrinomycotina	0.0	8387		
8388	Taphrinomycotina	0.0	8388		
8389	Taphrinomycotina	0.0	8389		
8390	Taphrinomycotina	0.0	8390		
8391	Taphrinomycotina	0.0	8391		
8392	Taphrinomycotina	0.0	8392		
8393	Taphrinomycotina	0.0	8393		
8394	Taphrinomycotina	0.0	8394		
8395	Taphrinomycotina	0.0	8395		
8396	Taphrinomycotina	0.0	8396		
8397	Taphrinomycotina	0.0	8397		
8398	Taphrinomycotina	0.0	8398		
8399	Taphrinomycotina	0.0	8399		
8400	Taphrinomycotina	0.0	8400		
8401	Taphrinomycotina	0.0	8401		
8402	Taphrinomycotina	0.0	8402		
8403	Taphrinomycotina	0.0	8403		
8404	Taphrinomycotina	0.0	8404		
8405	Taphrinomycotina	0.0	8405		
8406	Taphrinomycotina	0.0	8406		
8407	Taphrinomycotina	0.0	8407		
8408	Taphrinomycotina	0.0	8408		
8409	Taphrinomycotina	0.0	8409		
8410	Taphrinomycotina	0.0	8410		
8411	Taphrinomycotina	0.0	8411		
8412	Taphrinomycotina	0.0	8412		
8413	Taphrinomycotina	0.0	8413		
8414	Taphrinomycotina	0.0	8414		
8415	Taphrinomycotina	0.0	8415		
8416	Taphrinomycotina	0.0	8416		
8417	Taphrinomycotina	0.0	8417		
8418	Taphrinomycotina	0.0	8418		
8419	Taphrinomycotina	0.0	8419		
8420	Taphrinomycotina	0.0	8420		
8421	Taphrinomycotina	0.0	8421		
8422	Taphrinomycotina	0.0	8422		
8423	Taphrinomycotina	0.0	8423		
8424	Taphrinomycotina	0.0	8424		
8425	Taphrinomycotina	0.0	8425		
8426	Taphrinomycotina	0.0	8426		
8427	Taphrinomycotina	0.0	8427		
8428	Taphrinomycotina	0.0	8428		
8429	Taphrinomycotina	0.0	8429		
8430	Taphrinomycotina	0.0	8430		
8431	Taphrinomycotina	0.0	8431		
8432	Taphrinomycotina	0.0	8432		
8433	Taphrinomycotina	0.0	8433		
8434	Taphrinomycotina	0.0	8434		
8435	Taphrinomycotina	0.0	8435		
8436	Taphrinomycotina	0.0	8436		
8437	Taphrinomycotina	0.0	8437		
8438	Taphrinomycotina	0.0	8438		
8439	Taphrinomycotina	0.0	8439		
8440	Taphrinomycotina	0.0	8440		
8441	Taphrinomycotina	0.0	8441		
8442	Taphrinomycotina	0.0	8442		
8443	Taphrinomycotina	0.0	8443		
8444	Taphrinomycotina	0.0	8444		
8445	Taphrinomycotina	0.0	8445		
8446	Taphrinomycotina	0.0	8446		
8447	Taphrinomycotina	0.0	8447		
8448	Taphrinomycotina	0.0	8448		
8449	Taphrinomycotina	0.0	8449		
8450	Taphrinomycotina	0.0	8450		
8451	Taphrinomycotina	0.0	8451		
8452	Taphrinomycotina	0.0	8452		
8453	Taphrinomycotina	0.0032680460582761653	8453		
8454	Taphrinomycotina	0.0	8454		
8455	Taphrinomycotina	0.0	8455		
8456	Taphrinomycotina	0.0	8456		
8457	Taphrinomycotina	0.0	8457		
8458	Taphrinomycotina	0.0	8458		
8459	Taphrinomycotina	0.0	8459		
8460	Taphrinomycotina	0.0	8460		
8461	Taphrinomycotina	0.0	8461		
8462	Taphrinomycotina	0.0	8462		
8463	Taphrinomycotina	0.0	8463		
8464	Taphrinomycotina	0.0	8464		
8465	Taphrinomycotina	0.0	8465		
8466	Taphrinomycotina	0.0	8466		
8467	Taphrinomycotina	0.0	8467		
8468	Taphrinomycotina	0.0	8468		
8469	Taphrinomycotina	0.0	8469		
8470	Taphrinomycotina	0.0	8470		
8471	Taphrinomycotina	0.0	8471		
8472	Taphrinomycotina	0.0	8472		
8473	Taphrinomycotina	0.0	8473		
8474	Taphrinomycotina	0.0	8474		
8475	Taphrinomycotina	0.0	8475		
8476	Taphrinomycotina	0.0	8476		
8477	Taphrinomycotina	0.0	8477		
8478	Taphrinomycotina	0.0	8478		
8479	Taphrinomycotina	0.0	8479		
8480	Taphrinomycotina	0.0	8480		
8481	Taphrinomycotina	0.0	8481		
8482	Taphrinomycotina	0.0	8482		
8483	Taphrinomycotina	0.0	8483		
8484	Taphrinomycotina	0.0	8484		
8485	Taphrinomycotina	0.0	8485		
8486	Taphrinomycotina	0.0	8486		
8487	Taphrinomycotina	0.0	8487		
8488	Taphrinomycotina	0.0	8488		
8489	Taphrinomycotina	0.0	8489		
8490	Taphrinomycotina	0.0	8490		
8491	Taphrinomycotina	0.0	8491		
8492	Taphrinomycotina	0.0	8492		
8493	Taphrinomycotina	0.0	8493		
8494	Taphrinomycotina	0.0	8494		
8495	Taphrinomycotina	0.0	8495		
8496	Taphrinomycotina	0.0	8496		
8497	Taphrinomycotina	0.01795463341227383	8497		
8498	Taphrinomycotina	0.0	8498		
8499	Taphrinomycotina	0.0	8499		
8500	Taphrinomycotina	0.0	8500		
8501	Taphrinomycotina	0.0	8501		
8502	Taphrinomycotina	0.0	8502		
8503	Taphrinomycotina	0.0	8503		
8504	Taphrinomycotina	0.0	8504		
8505	Taphrinomycotina	0.0	8505		
8506	Taphrinomycotina	0.0	8506		
8507	Taphrinomycotina	0.0	8507		
8508	Taphrinomycotina	0.0	8508		
8509	Taphrinomycotina	0.0	8509		
8510	Taphrinomycotina	0.0	8510		
8511	Taphrinomycotina	0.0	8511		
8512	Taphrinomycotina	0.0	8512		
8513	Taphrinomycotina	0.0	8513		
8514	Taphrinomycotina	0.0	8514		
8515	Taphrinomycotina	0.0	8515		
8516	Taphrinomycotina	0.0	8516		
8517	Taphrinomycotina	0.0	8517		
8518	Taphrinomycotina	0.00036624733480466906	8518		
8519	Taphrinomycotina	0.0	8519		
8520	Taphrinomycotina	0.0	8520		
8521	Taphrinomycotina	0.0	8521		
8522	Taphrinomycotina	0.0	8522		
8523	Taphrinomycotina	0.0	8523		
8524	Taphrinomycotina	0.0	8524		
8525	Taphrinomycotina	0.0	8525		
8526	Taphrinomycotina	0.0	8526		
8527	Taphrinomycotina	0.0	8527		
8528	Taphrinomycotina	0.0	8528		
8529	Taphrinomycotina	0.0	8529		
8530	Taphrinomycotina	0.0	8530		
8531	Taphrinomycotina	0.0	8531		
8532	Taphrinomycotina	0.0	8532		
8533	Taphrinomycotina	0.0	8533		
8534	Taphrinomycotina	0.0	8534		
8535	Taphrinomycotina	0.0	8535		
8536	Taphrinomycotina	0.0	8536		
8537	Taphrinomycotina	0.0	8537		
8538	Taphrinomycotina	0.0	8538		
8539	Taphrinomycotina	0.0	8539		
8540	Taphrinomycotina	0.0	8540		
8541	Taphrinomycotina	0.0	8541		
8542	Taphrinomycotina	0.0	8542		
8543	Taphrinomycotina	0.0	8543		
8544	Taphrinomycotina	0.0	8544		
8545	Taphrinomycotina	0.0	8545		
8546	Taphrinomycotina	0.0	8546		
8547	Taphrinomycotina	0.0	8547		
8548	Taphrinomycotina	0.0	8548		
8549	Taphrinomycotina	0.0	8549		
8550	Taphrinomycotina	0.0	8550		
8551	Taphrinomycotina	0.0	8551		
8552	Taphrinomycotina	0.0	8552		
8553	Taphrinomycotina	0.0	8553		
8554	Taphrinomycotina	0.0	8554		
8555	Taphrinomycotina	0.0	8555		
8556	Taphrinomycotina	0.0	8556		
8557	Taphrinomycotina	0.0	8557		
8558	Taphrinomycotina	0.0	8558		
8559	Taphrinomycotina	0.0	8559		
8560	Taphrinomycotina	0.0	8560		
8561	Taphrinomycotina	0.0	8561		
8562	Taphrinomycotina	0.0	8562		
8563	Taphrinomycotina	0.0	8563		
8564	Taphrinomycotina	0.0	8564		
8565	Taphrinomycotina	0.0	8565		
8566	Taphrinomycotina	0.0	8566		
8567	Taphrinomycotina	0.0	8567		
8568	Taphrinomycotina	0.0	8568		
8569	Taphrinomycotina	0.0	8569		
8570	Taphrinomycotina	0.0	8570		
8571	Taphrinomycotina	0.0	8571		
8572	Taphrinomycotina	0.0	8572		
8573	Taphrinomycotina	0.0	8573		
8574	Taphrinomycotina	0.0	8574		
8575	Taphrinomycotina	0.0	8575		
8576	Taphrinomycotina	0.0	8576		
8577	Taphrinomycotina	0.0	8577		
8578	Taphrinomycotina	0.0	8578		
8579	Taphrinomycotina	0.0	8579		
8580	Taphrinomycotina	0.0	8580		
8581	Taphrinomycotina	0.0	8581		
8582	Taphrinomycotina	0.012384179007183504	8582		
8583	Taphrinomycotina	0.0	8583		
8584	Taphrinomycotina	0.0	8584		
8585	Taphrinomycotina	0.0	8585		
8586	Taphrinomycotina	0.0	8586		
8587	Taphrinomycotina	0.0	8587		
8588	Taphrinomycotina	0.0	8588		
8589	Taphrinomycotina	0.0	8589		
8590	Taphrinomycotina	0.0	8590		
8591	Taphrinomycotina	0.0	8591		
8592	Taphrinomycotina	0.0	8592		
8593	Taphrinomycotina	0.0	8593		
8594	Taphrinomycotina	0.0	8594		
8595	Taphrinomycotina	0.0	8595		
8596	Taphrinomycotina	0.0	8596		
8597	Taphrinomycotina	0.0	8597		
8598	Taphrinomycotina	0.0	8598		
8599	Taphrinomycotina	0.0	8599		
8600	Taphrinomycotina	0.0005678432649518022	8600		
8601	Taphrinomycotina	0.0007317797601197249	8601		
8602	Taphrinomycotina	0.0008540750152107627	8602		
8603	Taphrinomycotina	0.0	8603		
8604	Taphrinomycotina	0.0	8604		
8605	Taphrinomycotina	0.0003392879659798104	8605		
8606	Taphrinomycotina	0.00029647649503248446	8606		
8607	Taphrinomycotina	0.00666705078808031	8607		
8608	Taphrinomycotina	0.005835449604320812	8608		
8609	Taphrinomycotina	0.0007931475122101585	8609		
8610	Taphrinomycotina	0.00044213009117901496	8610		
8611	Taphrinomycotina	0.0007033712705853325	8611		
8612	Taphrinomycotina	0.0	8612		
8613	Taphrinomycotina	0.0	8613		
8614	Taphrinomycotina	0.00037356560325943364	8614		
8615	Taphrinomycotina	0.00028485729390204475	8615		
8616	Taphrinomycotina	0.0	8616		
8617	Taphrinomycotina	0.0	8617		
8618	Taphrinomycotina	0.005891475671698678	8618		
8619	Taphrinomycotina	0.024089127578797765	8619		
8620	Taphrinomycotina	0.014106796860256763	8620		
8621	Taphrinomycotina	0.008239742140206818	8621		
8622	Taphrinomycotina	0.0	8622		
8623	Taphrinomycotina	0.0	8623		
8624	Taphrinomycotina	0.0	8624		
8625	Taphrinomycotina	0.0	8625		
8626	Taphrinomycotina	0.0	8626		
8627	Taphrinomycotina	0.0	8627		
8628	Taphrinomycotina	0.0	8628		
8629	Taphrinomycotina	0.0	8629		
8630	Taphrinomycotina	0.0	8630		
8631	Taphrinomycotina	0.0	8631		
8632	Taphrinomycotina	0.0	8632		
8633	Taphrinomycotina	0.0	8633		
8634	Taphrinomycotina	0.0	8634		
8635	Taphrinomycotina	0.0	8635		
8636	Taphrinomycotina	0.0	8636		
8637	Taphrinomycotina	0.0	8637		
8638	Taphrinomycotina	0.0	8638		
8639	Taphrinomycotina	0.0	8639		
8640	Taphrinomycotina	0.0	8640		
8641	Taphrinomycotina	0.0	8641		
8642	Taphrinomycotina	0.0	8642		
8643	Taphrinomycotina	0.0	8643		
8644	Taphrinomycotina	0.0	8644		
8645	Taphrinomycotina	0.0	8645		
8646	Taphrinomycotina	0.0	8646		
8647	Taphrinomycotina	0.0	8647		
8648	Taphrinomycotina	0.0	8648		
8649	Taphrinomycotina	0.0	8649		
8650	Taphrinomycotina	0.0	8650		
8651	Taphrinomycotina	0.0	8651		
8652	Taphrinomycotina	0.0	8652		
8653	Taphrinomycotina	0.0	8653		
8654	Taphrinomycotina	0.0	8654		
8655	Taphrinomycotina	0.0	8655		
8656	Taphrinomycotina	0.0	8656		
8657	Taphrinomycotina	0.0	8657		
8658	Taphrinomycotina	0.0	8658		
8659	Taphrinomycotina	0.0	8659		
8660	Taphrinomycotina	0.0	8660		
8661	Taphrinomycotina	0.0	8661		
8662	Taphrinomycotina	0.0	8662		
8663	Taphrinomycotina	0.0	8663		
8664	Taphrinomycotina	0.0	8664		
8665	Taphrinomycotina	0.0	8665		
8666	Taphrinomycotina	0.0	8666		
8667	Taphrinomycotina	0.0	8667		
8668	Taphrinomycotina	0.0	8668		
8669	Taphrinomycotina	0.0	8669		
8670	Taphrinomycotina	0.0	8670		
8671	Taphrinomycotina	0.0	8671		
8672	Taphrinomycotina	0.0	8672		
8673	Taphrinomycotina	0.0	8673		
8674	Taphrinomycotina	0.0	8674		
8675	Taphrinomycotina	0.0	8675		
8676	Taphrinomycotina	0.0	8676		
8677	Taphrinomycotina	0.0	8677		
8678	Taphrinomycotina	0.005364055394529788	8678		
8679	Taphrinomycotina	0.004388609375392824	8679		
8680	Taphrinomycotina	0.002003345356475733	8680		
8681	Taphrinomycotina	0.00654322230852868	8681		
8682	Taphrinomycotina	0.006866626880622681	8682		
8683	Taphrinomycotina	0.0	8683		
8684	Taphrinomycotina	0.0	8684		
8685	Taphrinomycotina	0.0	8685		
8686	Taphrinomycotina	0.0	8686		
8687	Taphrinomycotina	0.0	8687		
8688	Taphrinomycotina	0.0	8688		
8689	Taphrinomycotina	0.0	8689		
8690	Taphrinomycotina	0.0	8690		
8691	Taphrinomycotina	0.0	8691		
8692	Taphrinomycotina	0.0	8692		
8693	Taphrinomycotina	0.0	8693		
8694	Taphrinomycotina	0.0	8694		
8695	Taphrinomycotina	0.0	8695		
8696	Taphrinomycotina	0.0	8696		
8697	Taphrinomycotina	0.0	8697		
8698	Taphrinomycotina	0.0	8698		
8699	Taphrinomycotina	0.0	8699		
8700	Taphrinomycotina	0.0	8700		
8701	Taphrinomycotina	0.0	8701		
8702	Taphrinomycotina	0.0	8702		
8703	Taphrinomycotina	0.0	8703		
8704	Taphrinomycotina	0.0	8704		
8705	Taphrinomycotina	0.0	8705		
8706	Taphrinomycotina	0.0	8706		
8707	Taphrinomycotina	0.0	8707		
8708	Taphrinomycotina	0.0	8708		
8709	Taphrinomycotina	0.0	8709		
8710	Taphrinomycotina	0.0	8710		
8711	Taphrinomycotina	0.005321198886488186	8711		
8712	Taphrinomycotina	0.003200897350953062	8712		
8713	Taphrinomycotina	0.01938504070636243	8713		
8714	Taphrinomycotina	0.001621874512657899	8714		
8715	Taphrinomycotina	0.0014037225974632675	8715		
8716	Taphrinomycotina	0.0	8716		
8717	Taphrinomycotina	0.0	8717		
8718	Taphrinomycotina	0.0	8718		
8719	Taphrinomycotina	0.0	8719		
8720	Taphrinomycotina	0.0	8720		
8721	Taphrinomycotina	0.0	8721		
8722	Taphrinomycotina	0.0	8722		
8723	Taphrinomycotina	0.0	8723		
8724	Taphrinomycotina	0.0	8724		
8725	Taphrinomycotina	0.0	8725		
8726	Taphrinomycotina	0.0	8726		
8727	Taphrinomycotina	0.0	8727		
8728	Taphrinomycotina	0.0	8728		
8729	Taphrinomycotina	0.0	8729		
8730	Taphrinomycotina	0.0	8730		
8731	Taphrinomycotina	0.0	8731		
8732	Taphrinomycotina	0.0	8732		
8733	Taphrinomycotina	0.0	8733		
8734	Taphrinomycotina	0.0	8734		
8735	Taphrinomycotina	0.0	8735		
8736	Taphrinomycotina	0.0	8736		
8737	Taphrinomycotina	0.0	8737		
8738	Taphrinomycotina	0.0	8738		
8739	Taphrinomycotina	0.0	8739		
8740	Taphrinomycotina	0.0	8740		
8741	Taphrinomycotina	0.0	8741		
8742	Taphrinomycotina	0.0	8742		
8743	Taphrinomycotina	0.0	8743		
8744	Taphrinomycotina	0.0	8744		
8745	Taphrinomycotina	0.0	8745		
8746	Taphrinomycotina	0.0	8746		
8747	Taphrinomycotina	0.0	8747		
8748	Taphrinomycotina	0.0	8748		
8749	Taphrinomycotina	0.0	8749		
8750	Taphrinomycotina	0.0	8750		
8751	Taphrinomycotina	0.0	8751		
8752	Taphrinomycotina	0.0	8752		
8753	Taphrinomycotina	0.0	8753		
8754	Taphrinomycotina	0.0	8754		
8755	Taphrinomycotina	1.0425683668582952	8755		
8756	Taphrinomycotina	8.00587800295588	8756		
8757	Taphrinomycotina	1.9604913982752863	8757		
8758	Taphrinomycotina	0.9205640826429856	8758		
8759	Taphrinomycotina	0.0	8759		
8760	Taphrinomycotina	0.0	8760		
8761	Taphrinomycotina	0.0	8761		
8762	Taphrinomycotina	0.0	8762		
8763	Taphrinomycotina	0.0	8763		
8764	Taphrinomycotina	0.0	8764		
8765	Taphrinomycotina	0.0	8765		
8766	Taphrinomycotina	0.0	8766		
8767	Taphrinomycotina	0.0	8767		
8768	Taphrinomycotina	0.0	8768		
8769	Taphrinomycotina	0.0	8769		
8770	Taphrinomycotina	0.0	8770		
8771	Taphrinomycotina	0.0	8771		
8772	Taphrinomycotina	0.0	8772		
8773	Taphrinomycotina	0.0	8773		
8774	Taphrinomycotina	0.0	8774		
8775	Taphrinomycotina	0.0	8775		
8776	Taphrinomycotina	0.0	8776		
8777	Taphrinomycotina	0.0	8777		
8778	Taphrinomycotina	0.0	8778		
8779	Taphrinomycotina	0.0	8779		
8780	Taphrinomycotina	0.0	8780		
8781	Taphrinomycotina	0.0	8781		
8782	Taphrinomycotina	0.0	8782		
8783	Taphrinomycotina	0.0	8783		
8784	Taphrinomycotina	0.0	8784		
8785	Taphrinomycotina	0.0	8785		
8786	Taphrinomycotina	0.0	8786		
8787	Taphrinomycotina	0.0	8787		
8788	Taphrinomycotina	0.0	8788		
8789	Taphrinomycotina	0.0	8789		
8790	Taphrinomycotina	0.0	8790		
8791	Taphrinomycotina	0.0	8791		
8792	Taphrinomycotina	0.0	8792		
8793	Taphrinomycotina	0.0	8793		
8794	Taphrinomycotina	0.0	8794		
8795	Taphrinomycotina	0.0	8795		
8796	Taphrinomycotina	0.0	8796		
8797	Taphrinomycotina	0.0	8797		
8798	Taphrinomycotina	0.0	8798		
8799	Taphrinomycotina	0.0	8799		
8800	Taphrinomycotina	0.0	8800		
8801	Taphrinomycotina	0.0	8801		
8802	Taphrinomycotina	0.0	8802		
8803	Taphrinomycotina	0.0	8803		
8804	Taphrinomycotina	0.0	8804		
8805	Taphrinomycotina	0.0	8805		
8806	Taphrinomycotina	0.0	8806		
8807	Taphrinomycotina	0.0	8807		
8808	Taphrinomycotina	0.0	8808		
8809	Taphrinomycotina	0.0	8809		
8810	Taphrinomycotina	0.0	8810		
8811	Taphrinomycotina	0.0	8811		
8812	Taphrinomycotina	0.0	8812		
8813	Taphrinomycotina	0.0	8813		
8814	Taphrinomycotina	0.0	8814		
8815	Taphrinomycotina	0.0	8815		
8816	Taphrinomycotina	0.0	8816		
8817	Taphrinomycotina	0.0	8817		
8818	Taphrinomycotina	0.0	8818		
8819	Taphrinomycotina	0.0	8819		
8820	Taphrinomycotina	0.0	8820		
8821	Taphrinomycotina	0.0	8821		
8822	Taphrinomycotina	0.0	8822		
8823	Taphrinomycotina	0.0	8823		
8824	Taphrinomycotina	0.0	8824		
8825	Taphrinomycotina	0.0	8825		
8826	Taphrinomycotina	0.0	8826		
8827	Taphrinomycotina	0.0	8827		
8828	Taphrinomycotina	0.0	8828		
8829	Taphrinomycotina	0.0	8829		
8830	Taphrinomycotina	0.0	8830		
8831	Taphrinomycotina	0.0	8831		
8832	Taphrinomycotina	0.0	8832		
8833	Taphrinomycotina	0.0	8833		
8834	Taphrinomycotina	0.0	8834		
8835	Taphrinomycotina	0.0	8835		
8836	Taphrinomycotina	0.0	8836		
8837	Taphrinomycotina	0.0	8837		
8838	Taphrinomycotina	0.0	8838		
8839	Taphrinomycotina	0.0	8839		
8840	Taphrinomycotina	0.0	8840		
8841	Taphrinomycotina	0.0	8841		
8842	Taphrinomycotina	0.0	8842		
8843	Taphrinomycotina	0.0	8843		
8844	Taphrinomycotina	0.0	8844		
8845	Taphrinomycotina	0.0	8845		
8846	Taphrinomycotina	0.0	8846		
8847	Taphrinomycotina	0.0	8847		
8848	Taphrinomycotina	0.0	8848		
8849	Taphrinomycotina	0.0	8849		
8850	Taphrinomycotina	0.0	8850		
8851	Taphrinomycotina	0.0	8851		
8852	Taphrinomycotina	0.0	8852		
8853	Taphrinomycotina	0.0	8853		
8854	Taphrinomycotina	0.0	8854		
8855	Taphrinomycotina	0.0	8855		
8856	Taphrinomycotina	0.0	8856		
8857	Taphrinomycotina	0.0	8857		
8858	Taphrinomycotina	0.0	8858		
8859	Taphrinomycotina	0.0	8859		
8860	Taphrinomycotina	0.0	8860		
8861	Taphrinomycotina	0.0	8861		
8862	Taphrinomycotina	1.8501154548492482	8862		
8863	Taphrinomycotina	0.0	8863		
8864	Taphrinomycotina	0.0	8864		
8865	Taphrinomycotina	0.0	8865		
8866	Taphrinomycotina	0.0	8866		
8867	Taphrinomycotina	0.0	8867		
8868	Taphrinomycotina	0.0	8868		
8869	Taphrinomycotina	0.0	8869		
8870	Taphrinomycotina	0.0	8870		
8871	Taphrinomycotina	0.0	8871		
8872	Taphrinomycotina	0.0	8872		
8873	Taphrinomycotina	0.0	8873		
8874	Taphrinomycotina	0.0	8874		
8875	Taphrinomycotina	0.0	8875		
8876	Taphrinomycotina	0.0	8876		
8877	Taphrinomycotina	0.0	8877		
8878	Taphrinomycotina	0.0	8878		
8879	Taphrinomycotina	0.0	8879		
8880	Taphrinomycotina	0.0	8880		
8881	Taphrinomycotina	0.0	8881		
8882	Taphrinomycotina	0.0	8882		
8883	Taphrinomycotina	0.0	8883		
8884	Taphrinomycotina	0.0	8884		
8885	Taphrinomycotina	0.0	8885		
8886	Taphrinomycotina	0.0	8886		
8887	Taphrinomycotina	0.0	8887		
8888	Taphrinomycotina	0.0	8888		
8889	Taphrinomycotina	0.0	8889		
8890	Taphrinomycotina	0.0	8890		
8891	Taphrinomycotina	0.0	8891		
8892	Taphrinomycotina	0.0	8892		
8893	Taphrinomycotina	0.0	8893		
8894	Taphrinomycotina	0.0	8894		
8895	Taphrinomycotina	0.0	8895		
8896	Taphrinomycotina	0.0	8896		
8897	Taphrinomycotina	0.0	8897		
8898	Taphrinomycotina	0.0	8898		
8899	Taphrinomycotina	0.0	8899		
8900	Taphrinomycotina	0.0	8900		
8901	Taphrinomycotina	0.0	8901		
8902	Taphrinomycotina	0.0	8902		
8903	Taphrinomycotina	0.0	8903		
8904	Taphrinomycotina	0.0	8904		
8905	Taphrinomycotina	0.0	8905		
8906	Taphrinomycotina	0.0	8906		
8907	Taphrinomycotina	0.0	8907		
8908	Taphrinomycotina	0.0	8908		
8909	Taphrinomycotina	0.0	8909		
8910	Taphrinomycotina	0.0	8910		
8911	Taphrinomycotina	0.0	8911		
8912	Taphrinomycotina	0.0	8912		
8913	Taphrinomycotina	0.0	8913		
8914	Taphrinomycotina	0.0	8914		
8915	Taphrinomycotina	0.0	8915		
8916	Taphrinomycotina	0.0	8916		
8917	Taphrinomycotina	0.0	8917		
8918	Taphrinomycotina	0.0	8918		
8919	Taphrinomycotina	0.0	8919		
8920	Taphrinomycotina	0.0	8920		
8921	Taphrinomycotina	0.0	8921		
8922	Taphrinomycotina	0.0	8922		
8923	Taphrinomycotina	0.0	8923		
8924	Taphrinomycotina	0.0	8924		
8925	Taphrinomycotina	0.0	8925		
8926	Taphrinomycotina	0.0	8926		
8927	Taphrinomycotina	0.0	8927		
8928	Taphrinomycotina	0.0	8928		
8929	Taphrinomycotina	0.0	8929		
8930	Taphrinomycotina	0.0	8930		
8931	Taphrinomycotina	0.0	8931		
8932	Taphrinomycotina	0.0	8932		
8933	Taphrinomycotina	0.0	8933		
8934	Taphrinomycotina	0.0	8934		
8935	Taphrinomycotina	0.0	8935		
8936	Taphrinomycotina	0.0	8936		
8937	Taphrinomycotina	0.0	8937		
8938	Taphrinomycotina	0.0	8938		
8939	Taphrinomycotina	0.0	8939		
8940	Taphrinomycotina	0.0	8940		
8941	Taphrinomycotina	0.0	8941		
8942	Taphrinomycotina	0.0	8942		
8943	Taphrinomycotina	0.0	8943		
8944	Taphrinomycotina	0.0	8944		
8945	Taphrinomycotina	0.0	8945		
8946	Taphrinomycotina	0.0	8946		
8947	Taphrinomycotina	0.0	8947		
8948	Taphrinomycotina	0.0	8948		
8949	Taphrinomycotina	0.0	8949		
8950	Taphrinomycotina	0.0	8950		
8951	Taphrinomycotina	0.0	8951		
8952	Taphrinomycotina	0.0	8952		
8953	Taphrinomycotina	0.0	8953		
8954	Taphrinomycotina	0.0	8954		
8955	Taphrinomycotina	0.0	8955		
8956	Taphrinomycotina	0.0	8956		
8957	Taphrinomycotina	0.0	8957		
8958	Taphrinomycotina	0.0	8958		
8959	Taphrinomycotina	0.0	8959		
8960	Taphrinomycotina	0.0	8960		
8961	Taphrinomycotina	0.0	8961		
8962	Taphrinomycotina	0.0	8962		
8963	Taphrinomycotina	0.0	8963		
8964	Taphrinomycotina	0.0	8964		
8965	Taphrinomycotina	0.0	8965		
8966	Taphrinomycotina	0.0	8966		
8967	Taphrinomycotina	0.0	8967		
8968	Taphrinomycotina	0.0	8968		
8969	Taphrinomycotina	0.0	8969		
8970	Taphrinomycotina	0.0	8970		
8971	Taphrinomycotina	0.0	8971		
8972	Taphrinomycotina	0.0	8972		
8973	Taphrinomycotina	0.0	8973		
8974	Taphrinomycotina	0.0	8974		
8975	Taphrinomycotina	0.007331975495871886	8975		
8976	Taphrinomycotina	0.0	8976		
8977	Taphrinomycotina	0.01538326208194789	8977		
8978	Taphrinomycotina	0.006028130696628284	8978		
8979	Taphrinomycotina	0.0	8979		
8980	Taphrinomycotina	0.0	8980		
8981	Taphrinomycotina	0.0038064690531805266	8981		
8982	Taphrinomycotina	0.0	8982		
8983	Taphrinomycotina	0.022064521624069508	8983		
8984	Taphrinomycotina	0.0	8984		
8985	Taphrinomycotina	0.0	8985		
8986	Taphrinomycotina	0.0	8986		
8987	Taphrinomycotina	0.0	8987		
8988	Taphrinomycotina	0.0	8988		
8989	Taphrinomycotina	0.0	8989		
8990	Taphrinomycotina	0.0	8990		
8991	Taphrinomycotina	0.0	8991		
8992	Taphrinomycotina	0.0	8992		
8993	Taphrinomycotina	0.0	8993		
8994	Taphrinomycotina	0.00044964082690746634	8994		
8995	Taphrinomycotina	0.0	8995		
8996	Taphrinomycotina	0.0	8996		
8997	Taphrinomycotina	0.0	8997		
8998	Taphrinomycotina	0.0	8998		
8999	Taphrinomycotina	0.0021677696981068388	8999		
9000	Taphrinomycotina	0.0	9000		
9001	Taphrinomycotina	0.0	9001		
9002	Taphrinomycotina	0.0	9002		
9003	Taphrinomycotina	0.0	9003		
9004	Taphrinomycotina	0.0	9004		
9005	Taphrinomycotina	0.0040394134218431415	9005		
9006	Taphrinomycotina	0.0	9006		
9007	Taphrinomycotina	0.008566462368932297	9007		
9008	Taphrinomycotina	0.0	9008		
9009	Taphrinomycotina	0.0	9009		
9010	Taphrinomycotina	0.0	9010		
9011	Taphrinomycotina	0.0	9011		
9012	Taphrinomycotina	0.0055805267980266636	9012		
9013	Taphrinomycotina	0.0	9013		
9014	Taphrinomycotina	0.0	9014		
9015	Taphrinomycotina	0.0	9015		
9016	Taphrinomycotina	0.0	9016		
9017	Taphrinomycotina	0.0	9017		
9018	Taphrinomycotina	0.0	9018		
9019	Taphrinomycotina	0.0019801851116400078	9019		
9020	Taphrinomycotina	0.00114377898098186	9020		
9021	Taphrinomycotina	0.0006030747177600202	9021		
9022	Taphrinomycotina	0.0011994082333858494	9022		
9023	Taphrinomycotina	0.0	9023		
9024	Taphrinomycotina	0.0	9024		
9025	Taphrinomycotina	0.0	9025		
9026	Taphrinomycotina	0.0	9026		
9027	Taphrinomycotina	0.0	9027		
9028	Taphrinomycotina	0.0	9028		
9029	Taphrinomycotina	0.0	9029		
9030	Taphrinomycotina	0.0	9030		
9031	Taphrinomycotina	0.0	9031		
9032	Taphrinomycotina	0.0	9032		
9033	Taphrinomycotina	0.0	9033		
9034	Taphrinomycotina	0.0	9034		
9035	Taphrinomycotina	0.0	9035		
9036	Taphrinomycotina	0.0	9036		
9037	Taphrinomycotina	0.0	9037		
9038	Taphrinomycotina	0.0	9038		
9039	Taphrinomycotina	0.0	9039		
9040	Taphrinomycotina	0.0	9040		
9041	Taphrinomycotina	0.0	9041		
9042	Taphrinomycotina	0.0	9042		
9043	Taphrinomycotina	0.0	9043		
9044	Taphrinomycotina	0.0	9044		
9045	Taphrinomycotina	0.0	9045		
9046	Taphrinomycotina	0.004140358412222338	9046		
9047	Taphrinomycotina	0.0007177563766751466	9047		
9048	Taphrinomycotina	0.0	9048		
9049	Taphrinomycotina	0.0	9049		
9050	Taphrinomycotina	0.0	9050		
9051	Taphrinomycotina	0.0	9051		
9052	Taphrinomycotina	0.0	9052		
9053	Taphrinomycotina	0.001004091821439165	9053		
9054	Taphrinomycotina	0.0005249874205855108	9054		
9055	Taphrinomycotina	0.0009332063090774658	9055		
9056	Taphrinomycotina	0.0010902240379085984	9056		
9057	Taphrinomycotina	0.0	9057		
9058	Taphrinomycotina	0.0	9058		
9059	Taphrinomycotina	0.0010661029466087087	9059		
9060	Taphrinomycotina	0.0015755744325663863	9060		
9061	Taphrinomycotina	0.003911572589063695	9061		
9062	Taphrinomycotina	0.0012900882492187507	9062		
9063	Taphrinomycotina	0.0	9063		
9064	Taphrinomycotina	0.0	9064		
9065	Taphrinomycotina	0.0	9065		
9066	Taphrinomycotina	0.0	9066		
9067	Taphrinomycotina	0.0	9067		
9068	Taphrinomycotina	0.0	9068		
9069	Taphrinomycotina	0.0	9069		
9070	Taphrinomycotina	0.0001398873660501532	9070		
9071	Taphrinomycotina	0.0	9071		
9072	Taphrinomycotina	0.0	9072		
9073	Taphrinomycotina	0.0019385396199056082	9073		
9074	Taphrinomycotina	0.0	9074		
9075	Taphrinomycotina	0.0087799776000311	9075		
9076	Taphrinomycotina	0.01297195088830175	9076		
9077	Taphrinomycotina	0.0	9077		
9078	Taphrinomycotina	0.0	9078		
9079	Taphrinomycotina	0.0	9079		
9080	Taphrinomycotina	0.0	9080		
9081	Taphrinomycotina	0.00627704582678466	9081		
9082	Taphrinomycotina	0.0	9082		
9083	Taphrinomycotina	0.0	9083		
9084	Taphrinomycotina	0.0	9084		
9085	Taphrinomycotina	0.0	9085		
9086	Taphrinomycotina	0.0056100777881306005	9086		
9087	Taphrinomycotina	0.0006317506794575278	9087		
9088	Taphrinomycotina	0.0038192834670830096	9088		
9089	Taphrinomycotina	0.0008093082680371434	9089		
9090	Taphrinomycotina	5.8300621182582444e-05	9090		
9091	Taphrinomycotina	0.000388656790367743	9091		
9092	Taphrinomycotina	0.0	9092		
9093	Taphrinomycotina	0.008445246521511551	9093		
9094	Taphrinomycotina	0.0	9094		
9095	Taphrinomycotina	0.003156146960855738	9095		
9096	Taphrinomycotina	0.0	9096		
9097	Taphrinomycotina	0.0004346753310339411	9097		
9098	Taphrinomycotina	0.0002983314070221541	9098		
9099	Taphrinomycotina	0.0	9099		
9100	Taphrinomycotina	0.0	9100		
9101	Taphrinomycotina	0.0	9101		
9102	Taphrinomycotina	0.0	9102		
9103	Taphrinomycotina	0.0	9103		
9104	Taphrinomycotina	0.0	9104		
9105	Taphrinomycotina	0.0	9105		
9106	Taphrinomycotina	0.0	9106		
9107	Taphrinomycotina	0.0	9107		
9108	Taphrinomycotina	0.0	9108		
9109	Taphrinomycotina	0.0	9109		
9110	Taphrinomycotina	0.0	9110		
9111	Taphrinomycotina	0.0	9111		
9112	Taphrinomycotina	0.0	9112		
9113	Taphrinomycotina	0.0	9113		
9114	Taphrinomycotina	0.0	9114		
9115	Taphrinomycotina	0.0	9115		
9116	Taphrinomycotina	0.0	9116		
9117	Taphrinomycotina	0.000587921297532079	9117		
9118	Taphrinomycotina	0.0	9118		
9119	Taphrinomycotina	0.0007083620298227459	9119		
9120	Taphrinomycotina	0.0	9120		
9121	Taphrinomycotina	0.0	9121		
9122	Taphrinomycotina	0.010036845089840594	9122		
9123	Taphrinomycotina	0.0	9123		
9124	Taphrinomycotina	0.0	9124		
9125	Taphrinomycotina	0.0	9125		
9126	Taphrinomycotina	0.0	9126		
9127	Taphrinomycotina	0.0	9127		
9128	Taphrinomycotina	0.26546875580590246	9128		
9129	Taphrinomycotina	0.0	9129		
9130	Taphrinomycotina	0.002005322699393533	9130		
9131	Taphrinomycotina	0.0	9131		
9132	Taphrinomycotina	0.15181705228054587	9132		
9133	Taphrinomycotina	0.0	9133		
9134	Taphrinomycotina	0.0	9134		
9135	Taphrinomycotina	0.011290649018330365	9135		
9136	Taphrinomycotina	0.0	9136		
9137	Taphrinomycotina	0.0	9137		
9138	Taphrinomycotina	0.0	9138		
9139	Taphrinomycotina	0.0	9139		
9140	Taphrinomycotina	0.0	9140		
9141	Taphrinomycotina	0.0	9141		
9142	Taphrinomycotina	0.0	9142		
9143	Taphrinomycotina	0.0	9143		
9144	Taphrinomycotina	0.0	9144		
9145	Taphrinomycotina	0.0	9145		
9146	Taphrinomycotina	0.0	9146		
9147	Taphrinomycotina	0.0	9147		
9148	Taphrinomycotina	0.0	9148		
9149	Taphrinomycotina	0.0	9149		
9150	Taphrinomycotina	0.0	9150		
9151	Taphrinomycotina	0.05801225771251644	9151		
9152	Taphrinomycotina	0.0	9152		
9153	Taphrinomycotina	0.0	9153		
9154	Taphrinomycotina	0.0	9154		
9155	Taphrinomycotina	0.0	9155		
9156	Taphrinomycotina	0.0	9156		
9157	Taphrinomycotina	0.0	9157		
9158	Taphrinomycotina	0.0	9158		
9159	Taphrinomycotina	0.0	9159		
9160	Taphrinomycotina	0.24224474483482958	9160		
9161	Taphrinomycotina	0.002426176095677481	9161		
9162	Taphrinomycotina	0.02749104259322676	9162		
9163	Taphrinomycotina	0.0	9163		
9164	Taphrinomycotina	0.0	9164		
9165	Taphrinomycotina	0.0	9165		
9166	Taphrinomycotina	0.16035862890978872	9166		
9167	Taphrinomycotina	0.14871672891768936	9167		
9168	Taphrinomycotina	0.0	9168		
9169	Taphrinomycotina	0.0	9169		
9170	Taphrinomycotina	0.0	9170		
9171	Taphrinomycotina	0.08534043998049094	9171		
9172	Taphrinomycotina	0.1535408709342464	9172		
9173	Taphrinomycotina	0.0	9173		
9174	Taphrinomycotina	0.0042555710260607305	9174		
9175	Taphrinomycotina	0.0	9175		
9176	Taphrinomycotina	0.0168270441442472	9176		
9177	Taphrinomycotina	0.0	9177		
9178	Taphrinomycotina	0.0	9178		
9179	Taphrinomycotina	0.012526526451249844	9179		
9180	Taphrinomycotina	0.0	9180		
9181	Taphrinomycotina	0.03242806545970532	9181		
9182	Taphrinomycotina	0.0	9182		
9183	Taphrinomycotina	0.0	9183		
9184	Taphrinomycotina	0.0	9184		
9185	Taphrinomycotina	0.0	9185		
9186	Taphrinomycotina	0.0	9186		
9187	Taphrinomycotina	0.0	9187		
9188	Taphrinomycotina	0.021102700169147094	9188		
9189	Taphrinomycotina	0.0	9189		
9190	Taphrinomycotina	0.7357436116712393	9190		
9191	Taphrinomycotina	0.0	9191		
9192	Taphrinomycotina	0.0	9192		
9193	Taphrinomycotina	0.0	9193		
9194	Taphrinomycotina	0.0	9194		
9195	Taphrinomycotina	0.0	9195		
9196	Taphrinomycotina	0.038387711543832845	9196		
9197	Taphrinomycotina	0.12688406321842283	9197		
9198	Taphrinomycotina	0.009097000936606715	9198		
9199	Taphrinomycotina	0.0	9199		
9200	Taphrinomycotina	0.0	9200		
9201	Taphrinomycotina	0.0	9201		
9202	Taphrinomycotina	0.0	9202		
9203	Taphrinomycotina	0.0007633738765825695	9203		
9204	Taphrinomycotina	0.0	9204		
9205	Taphrinomycotina	0.0	9205		
9206	Taphrinomycotina	0.0	9206		
9207	Taphrinomycotina	0.0024715492787062473	9207		
9208	Taphrinomycotina	0.0	9208		
9209	Taphrinomycotina	0.0	9209		
9210	Taphrinomycotina	0.0	9210		
9211	Taphrinomycotina	0.0	9211		
9212	Taphrinomycotina	0.0	9212		
9213	Taphrinomycotina	0.0008271447323467534	9213		
9214	Taphrinomycotina	0.0	9214		
9215	Taphrinomycotina	0.0	9215		
9216	Taphrinomycotina	0.0	9216		
9217	Taphrinomycotina	0.0	9217		
9218	Taphrinomycotina	0.0	9218		
9219	Taphrinomycotina	0.009918360451007907	9219		
9220	Taphrinomycotina	0.0014408998207684517	9220		
9221	Taphrinomycotina	0.003831846516062141	9221		
9222	Taphrinomycotina	0.0	9222		
9223	Taphrinomycotina	0.0533403696269015	9223		
9224	Taphrinomycotina	0.0	9224		
9225	Taphrinomycotina	0.0	9225		
9226	Taphrinomycotina	0.0	9226		
9227	Taphrinomycotina	0.0	9227		
9228	Taphrinomycotina	0.0011840172844840328	9228		
9229	Taphrinomycotina	0.0	9229		
9230	Taphrinomycotina	0.0	9230		
9231	Taphrinomycotina	0.0	9231		
9232	Taphrinomycotina	0.0	9232		
9233	Taphrinomycotina	0.004901684447912149	9233		
9234	Taphrinomycotina	0.0	9234		
9235	Taphrinomycotina	0.0	9235		
9236	Taphrinomycotina	0.0	9236		
9237	Taphrinomycotina	0.0	9237		
9238	Taphrinomycotina	0.0	9238		
9239	Taphrinomycotina	0.0044454465119454795	9239		
9240	Taphrinomycotina	0.0	9240		
9241	Taphrinomycotina	0.0	9241		
9242	Taphrinomycotina	0.0	9242		
9243	Taphrinomycotina	0.008016715836427513	9243		
9244	Taphrinomycotina	0.0023297751227180637	9244		
9245	Taphrinomycotina	0.0	9245		
9246	Taphrinomycotina	0.005583680762358547	9246		
9247	Taphrinomycotina	0.0	9247		
9248	Taphrinomycotina	0.0	9248		
9249	Taphrinomycotina	0.0	9249		
9250	Taphrinomycotina	0.0	9250		
9251	Taphrinomycotina	0.001782668300405289	9251		
9252	Taphrinomycotina	0.0	9252		
9253	Taphrinomycotina	0.0	9253		
9254	Taphrinomycotina	0.0	9254		
9255	Taphrinomycotina	0.0	9255		
9256	Taphrinomycotina	0.0	9256		
9257	Taphrinomycotina	0.0	9257		
9258	Taphrinomycotina	0.0041651868372827834	9258		
9259	Taphrinomycotina	0.0	9259		
9260	Taphrinomycotina	0.0	9260		
9261	Taphrinomycotina	0.0	9261		
9262	Taphrinomycotina	0.0	9262		
9263	Taphrinomycotina	0.0	9263		
9264	Taphrinomycotina	0.0	9264		
9265	Taphrinomycotina	0.0	9265		
9266	Taphrinomycotina	0.0	9266		
9267	Taphrinomycotina	0.0	9267		
9268	Taphrinomycotina	0.0	9268		
9269	Taphrinomycotina	0.0	9269		
9270	Taphrinomycotina	0.0	9270		
9271	Taphrinomycotina	0.0	9271		
9272	Taphrinomycotina	0.0	9272		
9273	Taphrinomycotina	0.0	9273		
9274	Taphrinomycotina	0.0	9274		
9275	Taphrinomycotina	0.0	9275		
9276	Taphrinomycotina	0.0	9276		
9277	Taphrinomycotina	0.0	9277		
9278	Taphrinomycotina	0.0	9278		
9279	Taphrinomycotina	0.0	9279		
9280	Taphrinomycotina	0.0	9280		
9281	Taphrinomycotina	0.0	9281		
9282	Taphrinomycotina	0.0	9282		
9283	Taphrinomycotina	0.0	9283		
9284	Taphrinomycotina	0.0	9284		
9285	Taphrinomycotina	0.0	9285		
9286	Taphrinomycotina	0.0	9286		
9287	Taphrinomycotina	0.0	9287		
9288	Taphrinomycotina	0.0	9288		
9289	Taphrinomycotina	0.0	9289		
9290	Taphrinomycotina	0.0	9290		
9291	Taphrinomycotina	0.0	9291		
9292	Taphrinomycotina	0.0	9292		
9293	Taphrinomycotina	0.0	9293		
9294	Taphrinomycotina	0.0	9294		
9295	Taphrinomycotina	0.0	9295		
9296	Taphrinomycotina	0.0	9296		
9297	Taphrinomycotina	0.0	9297		
9298	Taphrinomycotina	0.0	9298		
9299	Taphrinomycotina	0.0	9299		
9300	Taphrinomycotina	0.0	9300		
9301	Taphrinomycotina	0.0	9301		
9302	Taphrinomycotina	0.0	9302		
9303	Taphrinomycotina	0.0022505932186946565	9303		
9304	Taphrinomycotina	0.0	9304		
9305	Taphrinomycotina	0.0	9305		
9306	Taphrinomycotina	0.0	9306		
9307	Taphrinomycotina	0.0	9307		
9308	Taphrinomycotina	0.0	9308		
9309	Taphrinomycotina	0.0	9309		
9310	Taphrinomycotina	0.0002359220171568389	9310		
9311	Taphrinomycotina	0.004098332630933405	9311		
9312	Taphrinomycotina	0.0	9312		
9313	Taphrinomycotina	0.0	9313		
9314	Taphrinomycotina	0.054971406530579275	9314		
9315	Taphrinomycotina	0.0	9315		
9316	Taphrinomycotina	0.0	9316		
9317	Taphrinomycotina	0.0	9317		
9318	Taphrinomycotina	0.0012356264861795984	9318		
9319	Taphrinomycotina	0.0	9319		
9320	Taphrinomycotina	0.0	9320		
9321	Taphrinomycotina	0.0	9321		
9322	Taphrinomycotina	0.0	9322		
9323	Taphrinomycotina	0.0	9323		
9324	Taphrinomycotina	0.0	9324		
9325	Taphrinomycotina	0.000542423017178311	9325		
9326	Taphrinomycotina	0.0	9326		
9327	Taphrinomycotina	0.0	9327		
9328	Taphrinomycotina	0.0	9328		
9329	Taphrinomycotina	0.0	9329		
9330	Taphrinomycotina	0.0	9330		
9331	Taphrinomycotina	0.0	9331		
9332	Taphrinomycotina	0.0	9332		
9333	Taphrinomycotina	0.0	9333		
9334	Taphrinomycotina	0.0	9334		
9335	Taphrinomycotina	0.0	9335		
9336	Taphrinomycotina	0.0	9336		
9337	Taphrinomycotina	0.0	9337		
9338	Taphrinomycotina	0.0	9338		
9339	Taphrinomycotina	0.0	9339		
9340	Taphrinomycotina	0.0	9340		
9341	Taphrinomycotina	0.0	9341		
9342	Taphrinomycotina	0.0	9342		
9343	Taphrinomycotina	0.0	9343		
9344	Taphrinomycotina	0.0	9344		
9345	Taphrinomycotina	0.0	9345		
9346	Taphrinomycotina	0.0	9346		
9347	Taphrinomycotina	0.0	9347		
9348	Taphrinomycotina	0.0	9348		
9349	Taphrinomycotina	0.0	9349		
9350	Taphrinomycotina	0.0	9350		
9351	Taphrinomycotina	0.0	9351		
9352	Taphrinomycotina	0.0	9352		
9353	Taphrinomycotina	0.0	9353		
9354	Taphrinomycotina	0.0043496451443972165	9354		
9355	Taphrinomycotina	0.0	9355		
9356	Taphrinomycotina	0.0	9356		
9357	Taphrinomycotina	0.0	9357		
9358	Taphrinomycotina	0.0	9358		
9359	Taphrinomycotina	0.0	9359		
9360	Taphrinomycotina	0.0	9360		
9361	Taphrinomycotina	0.0	9361		
9362	Taphrinomycotina	0.0	9362		
9363	Taphrinomycotina	0.0	9363		
9364	Taphrinomycotina	0.0	9364		
9365	Taphrinomycotina	0.0	9365		
9366	Taphrinomycotina	0.0	9366		
9367	Taphrinomycotina	0.0	9367		
9368	Taphrinomycotina	0.0	9368		
9369	Taphrinomycotina	0.0	9369		
9370	Taphrinomycotina	0.0	9370		
9371	Taphrinomycotina	0.0	9371		
9372	Taphrinomycotina	0.0	9372		
9373	Taphrinomycotina	0.0	9373		
9374	Taphrinomycotina	0.0	9374		
9375	Taphrinomycotina	0.0	9375		
9376	Taphrinomycotina	0.0008431693210067904	9376		
9377	Taphrinomycotina	0.0	9377		
9378	Taphrinomycotina	0.0	9378		
9379	Taphrinomycotina	0.0	9379		
9380	Taphrinomycotina	0.0	9380		
9381	Taphrinomycotina	0.0	9381		
9382	Taphrinomycotina	0.0	9382		
9383	Taphrinomycotina	0.0	9383		
9384	Taphrinomycotina	0.0	9384		
9385	Taphrinomycotina	0.0	9385		
9386	Taphrinomycotina	0.0	9386		
9387	Taphrinomycotina	0.0	9387		
9388	Taphrinomycotina	0.0	9388		
9389	Taphrinomycotina	0.0	9389		
9390	Taphrinomycotina	0.0	9390		
9391	Taphrinomycotina	0.0	9391		
9392	Taphrinomycotina	0.0	9392		
9393	Taphrinomycotina	0.0	9393		
9394	Taphrinomycotina	0.0	9394		
9395	Taphrinomycotina	0.0	9395		
9396	Taphrinomycotina	0.0	9396		
9397	Taphrinomycotina	0.0	9397		
9398	Taphrinomycotina	0.0	9398		
9399	Taphrinomycotina	0.0	9399		
9400	Taphrinomycotina	0.0	9400		
9401	Taphrinomycotina	0.0	9401		
9402	Taphrinomycotina	0.008756989954481523	9402		
9403	Taphrinomycotina	0.0011386243833276346	9403		
9404	Taphrinomycotina	0.0	9404		
9405	Taphrinomycotina	0.0	9405		
9406	Taphrinomycotina	0.0	9406		
9407	Taphrinomycotina	0.0	9407		
9408	Taphrinomycotina	0.0	9408		
9409	Taphrinomycotina	0.0	9409		
9410	Taphrinomycotina	0.0	9410		
9411	Taphrinomycotina	0.0	9411		
9412	Taphrinomycotina	0.0	9412		
9413	Taphrinomycotina	0.0	9413		
9414	Taphrinomycotina	0.0	9414		
9415	Taphrinomycotina	0.0	9415		
9416	Taphrinomycotina	0.0	9416		
9417	Taphrinomycotina	0.0	9417		
9418	Taphrinomycotina	0.0	9418		
9419	Taphrinomycotina	0.00501805943005417	9419		
9420	Taphrinomycotina	0.0	9420		
9421	Taphrinomycotina	0.0	9421		
9422	Taphrinomycotina	0.0	9422		
9423	Taphrinomycotina	0.0	9423		
9424	Taphrinomycotina	0.0	9424		
9425	Taphrinomycotina	0.004680001082675533	9425		
9426	Taphrinomycotina	0.0	9426		
9427	Taphrinomycotina	0.0	9427		
9428	Taphrinomycotina	0.0	9428		
9429	Taphrinomycotina	0.008127263440467917	9429		
9430	Taphrinomycotina	0.002393551668257721	9430		
9431	Taphrinomycotina	0.0	9431		
9432	Taphrinomycotina	0.0	9432		
9433	Taphrinomycotina	0.0054736864155415475	9433		
9434	Taphrinomycotina	0.0	9434		
9435	Taphrinomycotina	0.0	9435		
9436	Taphrinomycotina	0.0	9436		
9437	Taphrinomycotina	0.0018907189603883546	9437		
9438	Taphrinomycotina	0.0	9438		
9439	Taphrinomycotina	0.0	9439		
9440	Taphrinomycotina	0.0	9440		
9441	Taphrinomycotina	0.0	9441		
9442	Taphrinomycotina	0.00268425633273785	9442		
9443	Taphrinomycotina	0.0	9443		
9444	Taphrinomycotina	0.0	9444		
9445	Taphrinomycotina	0.0029466259865888658	9445		
9446	Taphrinomycotina	0.0	9446		
9447	Taphrinomycotina	0.0	9447		
9448	Taphrinomycotina	0.0	9448		
9449	Taphrinomycotina	0.0	9449		
9450	Taphrinomycotina	0.0	9450		
9451	Taphrinomycotina	0.0	9451		
9452	Taphrinomycotina	0.0	9452		
9453	Taphrinomycotina	0.0	9453		
9454	Taphrinomycotina	0.0	9454		
9455	Taphrinomycotina	0.0	9455		
9456	Taphrinomycotina	0.0	9456		
9457	Taphrinomycotina	0.0	9457		
9458	Taphrinomycotina	0.0	9458		
9459	Taphrinomycotina	0.0	9459		
9460	Taphrinomycotina	0.0	9460		
9461	Taphrinomycotina	0.0	9461		
9462	Taphrinomycotina	0.0	9462		
9463	Taphrinomycotina	0.0	9463		
9464	Taphrinomycotina	0.0	9464		
9465	Taphrinomycotina	0.0	9465		
9466	Taphrinomycotina	0.0	9466		
9467	Taphrinomycotina	0.0	9467		
9468	Taphrinomycotina	0.0	9468		
9469	Taphrinomycotina	0.0	9469		
9470	Taphrinomycotina	0.0008231921465673162	9470		
9471	Taphrinomycotina	0.0	9471		
9472	Taphrinomycotina	0.0	9472		
9473	Taphrinomycotina	0.0	9473		
9474	Taphrinomycotina	0.0	9474		
9475	Taphrinomycotina	0.0	9475		
9476	Taphrinomycotina	0.0	9476		
9477	Taphrinomycotina	0.0	9477		
9478	Taphrinomycotina	0.0	9478		
9479	Taphrinomycotina	0.0	9479		
9480	Taphrinomycotina	0.0	9480		
9481	Taphrinomycotina	0.0	9481		
9482	Taphrinomycotina	0.0	9482		
9483	Taphrinomycotina	0.08505620309758587	9483		
9484	Taphrinomycotina	0.03345314285883051	9484		
9485	Taphrinomycotina	0.0	9485		
9486	Taphrinomycotina	0.002179431836901259	9486		
9487	Taphrinomycotina	0.0017167231460097074	9487		
9488	Taphrinomycotina	0.0	9488		
9489	Taphrinomycotina	0.0	9489		
9490	Taphrinomycotina	0.0	9490		
9491	Taphrinomycotina	0.0009936814696790296	9491		
9492	Taphrinomycotina	0.0	9492		
9493	Taphrinomycotina	0.0	9493		
9494	Taphrinomycotina	0.0	9494		
9495	Taphrinomycotina	0.38684064640423255	9495		
9496	Taphrinomycotina	0.00020119851721163895	9496		
9497	Taphrinomycotina	0.0	9497		
9498	Taphrinomycotina	0.0	9498		
9499	Taphrinomycotina	0.0	9499		
9500	Taphrinomycotina	0.0	9500		
9501	Taphrinomycotina	0.0	9501		
9502	Taphrinomycotina	0.0	9502		
9503	Taphrinomycotina	0.0	9503		
9504	Taphrinomycotina	0.0004944657170217891	9504		
9505	Taphrinomycotina	0.0009818131353353107	9505		
9506	Taphrinomycotina	0.0	9506		
9507	Taphrinomycotina	0.0	9507		
9508	Taphrinomycotina	0.004753890710805777	9508		
9509	Taphrinomycotina	0.0	9509		
9510	Taphrinomycotina	0.0	9510		
9511	Taphrinomycotina	0.0	9511		
9512	Taphrinomycotina	0.00012064269985493721	9512		
9513	Taphrinomycotina	0.0	9513		
9514	Taphrinomycotina	0.0	9514		
9515	Taphrinomycotina	0.0	9515		
9516	Taphrinomycotina	0.0	9516		
9517	Taphrinomycotina	0.0	9517		
9518	Taphrinomycotina	0.0	9518		
9519	Taphrinomycotina	0.0	9519		
9520	Taphrinomycotina	0.0	9520		
9521	Taphrinomycotina	0.0	9521		
9522	Taphrinomycotina	0.0	9522		
9523	Taphrinomycotina	0.0	9523		
9524	Taphrinomycotina	0.0	9524		
9525	Taphrinomycotina	0.0	9525		
9526	Taphrinomycotina	0.0	9526		
9527	Taphrinomycotina	0.0	9527		
9528	Taphrinomycotina	0.0	9528		
9529	Taphrinomycotina	0.0	9529		
9530	Taphrinomycotina	0.0	9530		
9531	Taphrinomycotina	0.0	9531		
9532	Taphrinomycotina	0.0	9532		
9533	Taphrinomycotina	0.0	9533		
9534	Taphrinomycotina	0.0	9534		
9535	Taphrinomycotina	0.0	9535		
9536	Taphrinomycotina	0.0	9536		
9537	Taphrinomycotina	0.0	9537		
9538	Taphrinomycotina	0.0	9538		
9539	Taphrinomycotina	0.0	9539		
9540	Taphrinomycotina	0.0	9540		
9541	Taphrinomycotina	0.0	9541		
9542	Taphrinomycotina	0.0	9542		
9543	Taphrinomycotina	0.0	9543		
9544	Taphrinomycotina	0.0	9544		
9545	Taphrinomycotina	0.0	9545		
9546	Taphrinomycotina	0.0	9546		
9547	Taphrinomycotina	0.0	9547		
9548	Taphrinomycotina	0.0	9548		
9549	Taphrinomycotina	0.0	9549		
9550	Taphrinomycotina	0.0	9550		
9551	Taphrinomycotina	0.0	9551		
9552	Taphrinomycotina	0.0	9552		
9553	Taphrinomycotina	0.0	9553		
9554	Taphrinomycotina	0.0	9554		
9555	Taphrinomycotina	0.0	9555		
9556	Taphrinomycotina	0.0	9556		
9557	Taphrinomycotina	0.0	9557		
9558	Taphrinomycotina	0.0	9558		
9559	Taphrinomycotina	0.0	9559		
9560	Taphrinomycotina	0.0	9560		
9561	Taphrinomycotina	0.0	9561		
9562	Taphrinomycotina	0.0	9562		
9563	Taphrinomycotina	0.0	9563		
9564	Taphrinomycotina	0.0	9564		
9565	Taphrinomycotina	0.0	9565		
9566	Taphrinomycotina	0.0	9566		
9567	Taphrinomycotina	0.0	9567		
9568	Taphrinomycotina	0.0	9568		
9569	Taphrinomycotina	0.0	9569		
9570	Taphrinomycotina	0.0	9570		
9571	Taphrinomycotina	0.0	9571		
9572	Taphrinomycotina	0.0	9572		
9573	Taphrinomycotina	0.0	9573		
9574	Taphrinomycotina	0.0	9574		
9575	Taphrinomycotina	0.0	9575		
9576	Taphrinomycotina	0.0	9576		
9577	Taphrinomycotina	0.0	9577		
9578	Taphrinomycotina	0.0	9578		
9579	Taphrinomycotina	0.0	9579		
9580	Taphrinomycotina	0.0	9580		
9581	Taphrinomycotina	0.0	9581		
9582	Taphrinomycotina	0.0	9582		
9583	Taphrinomycotina	0.0	9583		
9584	Taphrinomycotina	0.0	9584		
9585	Taphrinomycotina	0.0	9585		
9586	Taphrinomycotina	0.0	9586		
9587	Taphrinomycotina	0.0	9587		
9588	Taphrinomycotina	0.0	9588		
9589	Taphrinomycotina	0.0	9589		
9590	Taphrinomycotina	0.0	9590		
9591	Taphrinomycotina	0.0	9591		
9592	Taphrinomycotina	0.0	9592		
9593	Taphrinomycotina	0.0	9593		
9594	Taphrinomycotina	0.0	9594		
9595	Taphrinomycotina	0.0	9595		
9596	Taphrinomycotina	0.0	9596		
9597	Taphrinomycotina	0.0	9597		
9598	Taphrinomycotina	0.0	9598		
9599	Taphrinomycotina	0.0	9599		
9600	Taphrinomycotina	0.0	9600		
9601	Taphrinomycotina	0.0	9601		
9602	Taphrinomycotina	0.0	9602		
9603	Taphrinomycotina	0.0	9603		
9604	Taphrinomycotina	0.0	9604		
9605	Taphrinomycotina	0.0	9605		
9606	Taphrinomycotina	0.0	9606		
9607	Taphrinomycotina	0.0	9607		
9608	Taphrinomycotina	0.0	9608		
9609	Taphrinomycotina	0.0	9609		
9610	Taphrinomycotina	0.0	9610		
9611	Taphrinomycotina	0.0	9611		
9612	Taphrinomycotina	0.0	9612		
9613	Taphrinomycotina	0.0014321047687117217	9613		
9614	Taphrinomycotina	0.0	9614		
9615	Taphrinomycotina	0.0	9615		
9616	Taphrinomycotina	0.0	9616		
9617	Taphrinomycotina	0.0018024263848047692	9617		
9618	Taphrinomycotina	0.0	9618		
9619	Taphrinomycotina	0.0	9619		
9620	Taphrinomycotina	0.0	9620		
9621	Taphrinomycotina	0.0006937409904584878	9621		
9622	Taphrinomycotina	0.0	9622		
9623	Taphrinomycotina	0.0	9623		
9624	Taphrinomycotina	0.0	9624		
9625	Taphrinomycotina	0.0005362783888647949	9625		
9626	Taphrinomycotina	0.0	9626		
9627	Taphrinomycotina	0.0	9627		
9628	Taphrinomycotina	0.0	9628		
9629	Taphrinomycotina	0.0	9629		
9630	Taphrinomycotina	0.0	9630		
9631	Taphrinomycotina	0.0	9631		
9632	Taphrinomycotina	0.0015543322001675916	9632		
9633	Taphrinomycotina	0.000938725438125395	9633		
9634	Taphrinomycotina	0.0	9634		
9635	Taphrinomycotina	0.0	9635		
9636	Taphrinomycotina	0.0028857536363609943	9636		
9637	Taphrinomycotina	0.1185529793806961	9637		
9638	Taphrinomycotina	0.0	9638		
9639	Taphrinomycotina	0.0	9639		
9640	Taphrinomycotina	0.020847286296777047	9640		
9641	Taphrinomycotina	0.0	9641		
9642	Taphrinomycotina	0.0	9642		
9643	Taphrinomycotina	0.0	9643		
9644	Taphrinomycotina	0.0	9644		
9645	Taphrinomycotina	0.0	9645		
9646	Taphrinomycotina	0.0	9646		
9647	Taphrinomycotina	0.0	9647		
9648	Taphrinomycotina	0.0	9648		
9649	Taphrinomycotina	0.0	9649		
9650	Taphrinomycotina	0.0	9650		
9651	Taphrinomycotina	0.0	9651		
9652	Taphrinomycotina	0.0	9652		
9653	Taphrinomycotina	0.0	9653		
9654	Taphrinomycotina	0.0	9654		
9655	Ustilaginomycotina	0.0	9655		
9656	Ustilaginomycotina	0.0	9656		
9657	Ustilaginomycotina	0.0	9657		
9658	Ustilaginomycotina	0.0	9658		
9659	Ustilaginomycotina	0.0	9659		
9660	Ustilaginomycotina	0.0	9660		
9661	Ustilaginomycotina	0.0	9661		
9662	Ustilaginomycotina	0.0	9662		
9663	Ustilaginomycotina	0.0	9663		
9664	Ustilaginomycotina	0.0	9664		
9665	Ustilaginomycotina	0.0	9665		
9666	Ustilaginomycotina	0.0	9666		
9667	Ustilaginomycotina	0.0	9667		
9668	Ustilaginomycotina	0.0	9668		
9669	Ustilaginomycotina	0.0	9669		
9670	Ustilaginomycotina	0.0	9670		
9671	Ustilaginomycotina	0.0	9671		
9672	Ustilaginomycotina	0.0	9672		
9673	Ustilaginomycotina	0.0	9673		
9674	Ustilaginomycotina	0.0	9674		
9675	Ustilaginomycotina	0.0	9675		
9676	Ustilaginomycotina	0.0	9676		
9677	Ustilaginomycotina	0.0	9677		
9678	Ustilaginomycotina	0.0	9678		
9679	Ustilaginomycotina	0.0	9679		
9680	Ustilaginomycotina	0.0	9680		
9681	Ustilaginomycotina	0.0	9681		
9682	Ustilaginomycotina	0.0	9682		
9683	Ustilaginomycotina	0.0	9683		
9684	Ustilaginomycotina	0.0	9684		
9685	Ustilaginomycotina	0.0	9685		
9686	Ustilaginomycotina	0.0	9686		
9687	Ustilaginomycotina	0.0	9687		
9688	Ustilaginomycotina	0.0	9688		
9689	Ustilaginomycotina	0.0	9689		
9690	Ustilaginomycotina	0.0	9690		
9691	Ustilaginomycotina	0.0	9691		
9692	Ustilaginomycotina	0.0	9692		
9693	Ustilaginomycotina	0.0	9693		
9694	Ustilaginomycotina	0.0	9694		
9695	Ustilaginomycotina	0.0	9695		
9696	Ustilaginomycotina	0.0	9696		
9697	Ustilaginomycotina	0.0	9697		
9698	Ustilaginomycotina	0.0	9698		
9699	Ustilaginomycotina	0.0	9699		
9700	Ustilaginomycotina	0.0	9700		
9701	Ustilaginomycotina	0.0	9701		
9702	Ustilaginomycotina	0.0	9702		
9703	Ustilaginomycotina	0.0	9703		
9704	Ustilaginomycotina	0.0	9704		
9705	Ustilaginomycotina	0.0	9705		
9706	Ustilaginomycotina	0.0	9706		
9707	Ustilaginomycotina	0.0	9707		
9708	Ustilaginomycotina	0.0	9708		
9709	Ustilaginomycotina	0.0	9709		
9710	Ustilaginomycotina	0.0	9710		
9711	Ustilaginomycotina	0.0	9711		
9712	Ustilaginomycotina	0.0	9712		
9713	Ustilaginomycotina	0.0	9713		
9714	Ustilaginomycotina	0.0	9714		
9715	Ustilaginomycotina	0.0	9715		
9716	Ustilaginomycotina	0.0	9716		
9717	Ustilaginomycotina	0.0	9717		
9718	Ustilaginomycotina	0.0	9718		
9719	Ustilaginomycotina	0.0	9719		
9720	Ustilaginomycotina	0.0	9720		
9721	Ustilaginomycotina	0.0	9721		
9722	Ustilaginomycotina	0.0	9722		
9723	Ustilaginomycotina	0.0	9723		
9724	Ustilaginomycotina	0.0	9724		
9725	Ustilaginomycotina	0.0	9725		
9726	Ustilaginomycotina	0.0	9726		
9727	Ustilaginomycotina	0.0	9727		
9728	Ustilaginomycotina	0.0	9728		
9729	Ustilaginomycotina	0.0	9729		
9730	Ustilaginomycotina	0.0	9730		
9731	Ustilaginomycotina	0.0	9731		
9732	Ustilaginomycotina	0.0	9732		
9733	Ustilaginomycotina	0.0	9733		
9734	Ustilaginomycotina	0.0	9734		
9735	Ustilaginomycotina	0.0	9735		
9736	Ustilaginomycotina	0.0	9736		
9737	Ustilaginomycotina	0.0	9737		
9738	Ustilaginomycotina	0.0	9738		
9739	Ustilaginomycotina	0.0	9739		
9740	Ustilaginomycotina	0.0	9740		
9741	Ustilaginomycotina	0.0	9741		
9742	Ustilaginomycotina	0.0	9742		
9743	Ustilaginomycotina	0.0	9743		
9744	Ustilaginomycotina	0.0	9744		
9745	Ustilaginomycotina	0.0	9745		
9746	Ustilaginomycotina	0.0	9746		
9747	Ustilaginomycotina	0.0	9747		
9748	Ustilaginomycotina	0.0	9748		
9749	Ustilaginomycotina	0.0	9749		
9750	Ustilaginomycotina	0.0	9750		
9751	Ustilaginomycotina	0.0	9751		
9752	Ustilaginomycotina	0.0	9752		
9753	Ustilaginomycotina	0.0	9753		
9754	Ustilaginomycotina	0.0	9754		
9755	Ustilaginomycotina	0.0	9755		
9756	Ustilaginomycotina	0.0	9756		
9757	Ustilaginomycotina	0.0	9757		
9758	Ustilaginomycotina	0.0	9758		
9759	Ustilaginomycotina	0.0	9759		
9760	Ustilaginomycotina	0.0	9760		
9761	Ustilaginomycotina	0.0	9761		
9762	Ustilaginomycotina	0.0	9762		
9763	Ustilaginomycotina	0.0	9763		
9764	Ustilaginomycotina	0.0	9764		
9765	Ustilaginomycotina	0.0	9765		
9766	Ustilaginomycotina	0.0	9766		
9767	Ustilaginomycotina	0.0	9767		
9768	Ustilaginomycotina	0.0	9768		
9769	Ustilaginomycotina	0.0	9769		
9770	Ustilaginomycotina	0.0	9770		
9771	Ustilaginomycotina	0.0	9771		
9772	Ustilaginomycotina	0.0	9772		
9773	Ustilaginomycotina	0.0	9773		
9774	Ustilaginomycotina	0.0	9774		
9775	Ustilaginomycotina	0.0	9775		
9776	Ustilaginomycotina	0.0	9776		
9777	Ustilaginomycotina	0.0	9777		
9778	Ustilaginomycotina	0.0	9778		
9779	Ustilaginomycotina	0.0	9779		
9780	Ustilaginomycotina	0.0	9780		
9781	Ustilaginomycotina	0.0	9781		
9782	Ustilaginomycotina	0.0	9782		
9783	Ustilaginomycotina	0.0	9783		
9784	Ustilaginomycotina	0.0	9784		
9785	Ustilaginomycotina	0.0	9785		
9786	Ustilaginomycotina	0.0	9786		
9787	Ustilaginomycotina	0.0	9787		
9788	Ustilaginomycotina	0.0	9788		
9789	Ustilaginomycotina	0.0	9789		
9790	Ustilaginomycotina	0.0	9790		
9791	Ustilaginomycotina	0.0	9791		
9792	Ustilaginomycotina	0.0	9792		
9793	Ustilaginomycotina	0.0	9793		
9794	Ustilaginomycotina	0.0	9794		
9795	Ustilaginomycotina	0.0	9795		
9796	Ustilaginomycotina	0.0	9796		
9797	Ustilaginomycotina	0.0	9797		
9798	Ustilaginomycotina	0.0	9798		
9799	Ustilaginomycotina	0.0	9799		
9800	Ustilaginomycotina	0.0	9800		
9801	Ustilaginomycotina	0.0	9801		
9802	Ustilaginomycotina	0.0	9802		
9803	Ustilaginomycotina	0.0	9803		
9804	Ustilaginomycotina	0.0	9804		
9805	Ustilaginomycotina	0.0	9805		
9806	Ustilaginomycotina	0.0	9806		
9807	Ustilaginomycotina	0.0	9807		
9808	Ustilaginomycotina	0.0	9808		
9809	Ustilaginomycotina	0.0	9809		
9810	Ustilaginomycotina	0.0	9810		
9811	Ustilaginomycotina	0.0	9811		
9812	Ustilaginomycotina	0.0	9812		
9813	Ustilaginomycotina	0.0	9813		
9814	Ustilaginomycotina	0.0	9814		
9815	Ustilaginomycotina	0.0	9815		
9816	Ustilaginomycotina	0.0	9816		
9817	Ustilaginomycotina	0.0	9817		
9818	Ustilaginomycotina	0.0	9818		
9819	Ustilaginomycotina	0.0	9819		
9820	Ustilaginomycotina	0.0	9820		
9821	Ustilaginomycotina	0.0	9821		
9822	Ustilaginomycotina	0.0	9822		
9823	Ustilaginomycotina	0.0	9823		
9824	Ustilaginomycotina	0.0	9824		
9825	Ustilaginomycotina	0.0	9825		
9826	Ustilaginomycotina	0.0	9826		
9827	Ustilaginomycotina	0.0	9827		
9828	Ustilaginomycotina	0.0	9828		
9829	Ustilaginomycotina	0.0	9829		
9830	Ustilaginomycotina	0.0	9830		
9831	Ustilaginomycotina	0.0	9831		
9832	Ustilaginomycotina	0.0	9832		
9833	Ustilaginomycotina	0.0	9833		
9834	Ustilaginomycotina	0.0	9834		
9835	Ustilaginomycotina	0.0	9835		
9836	Ustilaginomycotina	0.0	9836		
9837	Ustilaginomycotina	0.0	9837		
9838	Ustilaginomycotina	0.0	9838		
9839	Ustilaginomycotina	0.0	9839		
9840	Ustilaginomycotina	0.0	9840		
9841	Ustilaginomycotina	0.0	9841		
9842	Ustilaginomycotina	0.0	9842		
9843	Ustilaginomycotina	0.0	9843		
9844	Ustilaginomycotina	0.0	9844		
9845	Ustilaginomycotina	0.0	9845		
9846	Ustilaginomycotina	0.0	9846		
9847	Ustilaginomycotina	0.0	9847		
9848	Ustilaginomycotina	0.0	9848		
9849	Ustilaginomycotina	0.0	9849		
9850	Ustilaginomycotina	0.0	9850		
9851	Ustilaginomycotina	0.0	9851		
9852	Ustilaginomycotina	0.0	9852		
9853	Ustilaginomycotina	0.0	9853		
9854	Ustilaginomycotina	0.0	9854		
9855	Ustilaginomycotina	0.0	9855		
9856	Ustilaginomycotina	0.0	9856		
9857	Ustilaginomycotina	0.0	9857		
9858	Ustilaginomycotina	0.0	9858		
9859	Ustilaginomycotina	0.0	9859		
9860	Ustilaginomycotina	0.0	9860		
9861	Ustilaginomycotina	0.0	9861		
9862	Ustilaginomycotina	0.0	9862		
9863	Ustilaginomycotina	0.0	9863		
9864	Ustilaginomycotina	0.0033908947576615626	9864		
9865	Ustilaginomycotina	0.0	9865		
9866	Ustilaginomycotina	0.005645653806277697	9866		
9867	Ustilaginomycotina	0.041785342195951834	9867		
9868	Ustilaginomycotina	0.03916651940662664	9868		
9869	Ustilaginomycotina	0.03112021060502867	9869		
9870	Ustilaginomycotina	0.0011919745836862078	9870		
9871	Ustilaginomycotina	0.0	9871		
9872	Ustilaginomycotina	0.0	9872		
9873	Ustilaginomycotina	0.0	9873		
9874	Ustilaginomycotina	0.0	9874		
9875	Ustilaginomycotina	0.0	9875		
9876	Ustilaginomycotina	0.0	9876		
9877	Ustilaginomycotina	0.0	9877		
9878	Ustilaginomycotina	0.0	9878		
9879	Ustilaginomycotina	0.0	9879		
9880	Ustilaginomycotina	0.0	9880		
9881	Ustilaginomycotina	0.0	9881		
9882	Ustilaginomycotina	0.0	9882		
9883	Ustilaginomycotina	0.0	9883		
9884	Ustilaginomycotina	0.0	9884		
9885	Ustilaginomycotina	0.0	9885		
9886	Ustilaginomycotina	0.0	9886		
9887	Ustilaginomycotina	0.0	9887		
9888	Ustilaginomycotina	0.0	9888		
9889	Ustilaginomycotina	0.0	9889		
9890	Ustilaginomycotina	0.0	9890		
9891	Ustilaginomycotina	0.0	9891		
9892	Ustilaginomycotina	0.0	9892		
9893	Ustilaginomycotina	0.0	9893		
9894	Ustilaginomycotina	0.0	9894		
9895	Ustilaginomycotina	0.0006423786831696444	9895		
9896	Ustilaginomycotina	0.0	9896		
9897	Ustilaginomycotina	0.0	9897		
9898	Ustilaginomycotina	0.0	9898		
9899	Ustilaginomycotina	0.0	9899		
9900	Ustilaginomycotina	0.0	9900		
9901	Ustilaginomycotina	0.0	9901		
9902	Ustilaginomycotina	0.0	9902		
9903	Ustilaginomycotina	0.0	9903		
9904	Ustilaginomycotina	0.0	9904		
9905	Ustilaginomycotina	0.0	9905		
9906	Ustilaginomycotina	0.0	9906		
9907	Ustilaginomycotina	0.0	9907		
9908	Ustilaginomycotina	0.0	9908		
9909	Ustilaginomycotina	0.0	9909		
9910	Ustilaginomycotina	0.0	9910		
9911	Ustilaginomycotina	0.0	9911		
9912	Ustilaginomycotina	0.0	9912		
9913	Ustilaginomycotina	0.0	9913		
9914	Ustilaginomycotina	0.0	9914		
9915	Ustilaginomycotina	0.0	9915		
9916	Ustilaginomycotina	0.0	9916		
9917	Ustilaginomycotina	0.0	9917		
9918	Ustilaginomycotina	0.0	9918		
9919	Ustilaginomycotina	0.0	9919		
9920	Ustilaginomycotina	0.0	9920		
9921	Ustilaginomycotina	0.03281037091964437	9921		
9922	Ustilaginomycotina	0.011368995003001373	9922		
9923	Ustilaginomycotina	0.024483890036120833	9923		
9924	Ustilaginomycotina	0.06005664105825195	9924		
9925	Ustilaginomycotina	0.0	9925		
9926	Ustilaginomycotina	0.0	9926		
9927	Ustilaginomycotina	0.0	9927		
9928	Ustilaginomycotina	0.0	9928		
9929	Ustilaginomycotina	0.0	9929		
9930	Ustilaginomycotina	0.0	9930		
9931	Ustilaginomycotina	0.0	9931		
9932	Ustilaginomycotina	0.0	9932		
9933	Ustilaginomycotina	0.0002181163039756059	9933		
9934	Ustilaginomycotina	0.0	9934		
9935	Ustilaginomycotina	0.0	9935		
9936	Ustilaginomycotina	0.0	9936		
9937	Ustilaginomycotina	0.0	9937		
9938	Ustilaginomycotina	0.0	9938		
9939	Ustilaginomycotina	0.0	9939		
9940	Ustilaginomycotina	0.0	9940		
9941	Ustilaginomycotina	0.0	9941		
9942	Ustilaginomycotina	0.0	9942		
9943	Ustilaginomycotina	0.0	9943		
9944	Ustilaginomycotina	0.0	9944		
9945	Ustilaginomycotina	0.0	9945		
9946	Ustilaginomycotina	0.0	9946		
9947	Ustilaginomycotina	0.0	9947		
9948	Ustilaginomycotina	0.0	9948		
9949	Ustilaginomycotina	0.0	9949		
9950	Ustilaginomycotina	0.0	9950		
9951	Ustilaginomycotina	0.0	9951		
9952	Ustilaginomycotina	0.0	9952		
9953	Ustilaginomycotina	0.0	9953		
9954	Ustilaginomycotina	0.0	9954		
9955	Ustilaginomycotina	0.0	9955		
9956	Ustilaginomycotina	0.0	9956		
9957	Ustilaginomycotina	0.004326092869196977	9957		
9958	Ustilaginomycotina	0.0	9958		
9959	Ustilaginomycotina	0.0	9959		
9960	Ustilaginomycotina	0.0	9960		
9961	Ustilaginomycotina	0.0	9961		
9962	Ustilaginomycotina	0.0023514797609497334	9962		
9963	Ustilaginomycotina	0.0	9963		
9964	Ustilaginomycotina	0.0	9964		
9965	Ustilaginomycotina	0.0	9965		
9966	Ustilaginomycotina	0.0	9966		
9967	Ustilaginomycotina	0.0	9967		
9968	Ustilaginomycotina	0.0	9968		
9969	Ustilaginomycotina	0.0	9969		
9970	Ustilaginomycotina	0.014750477663879534	9970		
9971	Ustilaginomycotina	0.0	9971		
9972	Ustilaginomycotina	0.0	9972		
9973	Ustilaginomycotina	0.0	9973		
9974	Ustilaginomycotina	0.0	9974		
9975	Ustilaginomycotina	0.0024975184912426752	9975		
9976	Ustilaginomycotina	0.0	9976		
9977	Ustilaginomycotina	0.0	9977		
9978	Ustilaginomycotina	0.0	9978		
9979	Ustilaginomycotina	0.0	9979		
9980	Ustilaginomycotina	0.0	9980		
9981	Ustilaginomycotina	0.0	9981		
9982	Ustilaginomycotina	0.0	9982		
9983	Ustilaginomycotina	0.002865840254914916	9983		
9984	Ustilaginomycotina	0.0	9984		
9985	Ustilaginomycotina	0.0	9985		
9986	Ustilaginomycotina	0.0	9986		
9987	Ustilaginomycotina	0.0	9987		
9988	Ustilaginomycotina	0.0	9988		
9989	Ustilaginomycotina	0.0	9989		
9990	Ustilaginomycotina	0.0	9990		
9991	Ustilaginomycotina	0.0	9991		
9992	Ustilaginomycotina	0.0	9992		
9993	Ustilaginomycotina	0.0	9993		
9994	Ustilaginomycotina	0.0	9994		
9995	Ustilaginomycotina	0.021968272045243764	9995		
9996	Ustilaginomycotina	0.0	9996		
9997	Ustilaginomycotina	0.006965400598828243	9997		
9998	Ustilaginomycotina	0.0	9998		
9999	Ustilaginomycotina	0.016778023880911534	9999		
10000	Ustilaginomycotina	0.0	10000		
10001	Ustilaginomycotina	0.0	10001		
10002	Ustilaginomycotina	0.0030269875200056354	10002		
10003	Ustilaginomycotina	0.04202712680058478	10003		
10004	Ustilaginomycotina	0.0	10004		
10005	Ustilaginomycotina	0.009613941460087963	10005		
10006	Ustilaginomycotina	0.0	10006		
10007	Ustilaginomycotina	0.0031539116030257484	10007		
10008	Ustilaginomycotina	0.0155534222189083	10008		
10009	Ustilaginomycotina	0.0	10009		
10010	Ustilaginomycotina	0.0	10010		
10011	Ustilaginomycotina	0.0	10011		
10012	Ustilaginomycotina	0.0	10012		
10013	Ustilaginomycotina	0.0	10013		
10014	Ustilaginomycotina	0.0	10014		
10015	Ustilaginomycotina	0.0	10015		
10016	Ustilaginomycotina	0.0	10016		
10017	Ustilaginomycotina	0.0	10017		
10018	Ustilaginomycotina	0.009252602324601582	10018		
10019	Ustilaginomycotina	0.0	10019		
10020	Ustilaginomycotina	0.0	10020		
10021	Ustilaginomycotina	0.0	10021		
10022	Ustilaginomycotina	0.0	10022		
10023	Ustilaginomycotina	0.0	10023		
10024	Ustilaginomycotina	0.0	10024		
10025	Ustilaginomycotina	0.0	10025		
10026	Ustilaginomycotina	0.0016185472567242544	10026		
10027	Ustilaginomycotina	0.00035055738624412814	10027		
10028	Ustilaginomycotina	0.0	10028		
10029	Ustilaginomycotina	0.0	10029		
10030	Ustilaginomycotina	0.0	10030		
10031	Ustilaginomycotina	0.0	10031		
10032	Ustilaginomycotina	0.0	10032		
10033	Ustilaginomycotina	0.0	10033		
10034	Ustilaginomycotina	0.0	10034		
10035	Ustilaginomycotina	0.0	10035		
10036	Ustilaginomycotina	0.0	10036		
10037	Ustilaginomycotina	0.0	10037		
10038	Ustilaginomycotina	0.0	10038		
10039	Ustilaginomycotina	0.0	10039		
10040	Ustilaginomycotina	0.0	10040		
10041	Ustilaginomycotina	0.0	10041		
10042	Ustilaginomycotina	0.0	10042		
10043	Ustilaginomycotina	0.0	10043		
10044	Ustilaginomycotina	0.0	10044		
10045	Ustilaginomycotina	0.0	10045		
10046	Ustilaginomycotina	0.0	10046		
10047	Ustilaginomycotina	0.0	10047		
10048	Ustilaginomycotina	0.0	10048		
10049	Ustilaginomycotina	0.0	10049		
10050	Ustilaginomycotina	0.0	10050		
10051	Ustilaginomycotina	0.0	10051		
10052	Ustilaginomycotina	0.0	10052		
10053	Ustilaginomycotina	0.0	10053		
10054	Ustilaginomycotina	0.0	10054		
10055	Ustilaginomycotina	0.0	10055		
10056	Ustilaginomycotina	0.0	10056		
10057	Ustilaginomycotina	0.0066586163994397434	10057		
10058	Ustilaginomycotina	0.0	10058		
10059	Ustilaginomycotina	0.007787205621164427	10059		
10060	Ustilaginomycotina	0.0	10060		
10061	Ustilaginomycotina	0.001867179135524786	10061		
10062	Ustilaginomycotina	0.0	10062		
10063	Ustilaginomycotina	0.0	10063		
10064	Ustilaginomycotina	0.0034258846364237806	10064		
10065	Ustilaginomycotina	0.0	10065		
10066	Ustilaginomycotina	0.0	10066		
10067	Ustilaginomycotina	0.01082369421179864	10067		
10068	Ustilaginomycotina	0.027179498464510503	10068		
10069	Ustilaginomycotina	0.0	10069		
10070	Ustilaginomycotina	0.043654750919646296	10070		
10071	Ustilaginomycotina	1.3636925537548665	10071		
10072	Ustilaginomycotina	0.0	10072		
10073	Ustilaginomycotina	0.0	10073		
10074	Ustilaginomycotina	0.0	10074		
10075	Ustilaginomycotina	0.010241508552286033	10075		
10076	Ustilaginomycotina	0.004800589948129424	10076		
10077	Ustilaginomycotina	0.0019227941592299773	10077		
10078	Ustilaginomycotina	0.0032814737426725715	10078		
10079	Ustilaginomycotina	0.0026818499960677166	10079		
10080	Ustilaginomycotina	0.0038434213437998624	10080		
10081	Ustilaginomycotina	0.002472445333578722	10081		
10082	Ustilaginomycotina	0.04628128939312084	10082		
10083	Ustilaginomycotina	0.0	10083		
10084	Ustilaginomycotina	0.0011641951773214778	10084		
10085	Ustilaginomycotina	0.0	10085		
10086	Ustilaginomycotina	0.000874517055495043	10086		
10087	Ustilaginomycotina	0.0	10087		
10088	Ustilaginomycotina	0.0	10088		
10089	Ustilaginomycotina	0.0009876715619956847	10089		
10090	Ustilaginomycotina	0.0	10090		
10091	Ustilaginomycotina	0.0	10091		
10092	Ustilaginomycotina	0.0	10092		
10093	Ustilaginomycotina	0.0	10093		
10094	Ustilaginomycotina	0.0	10094		
10095	Ustilaginomycotina	0.0	10095		
10096	Ustilaginomycotina	0.013554557462115379	10096		
10097	Ustilaginomycotina	0.29833900732463886	10097		
10098	Ustilaginomycotina	0.0	10098		
10099	Ustilaginomycotina	0.0035185500727232906	10099		
10100	Ustilaginomycotina	0.0	10100		
10101	Ustilaginomycotina	0.0044367962528086505	10101		
10102	Ustilaginomycotina	0.0035302720831126913	10102		
10103	Ustilaginomycotina	0.0014844163663966182	10103		
10104	Ustilaginomycotina	0.0	10104		
10105	Ustilaginomycotina	0.001850701698254067	10105		
10106	Ustilaginomycotina	0.0	10106		
10107	Ustilaginomycotina	0.0	10107		
10108	Ustilaginomycotina	0.0	10108		
10109	Ustilaginomycotina	0.0	10109		
10110	Ustilaginomycotina	0.012923202953791518	10110		
10111	Ustilaginomycotina	0.0	10111		
10112	Ustilaginomycotina	0.0	10112		
10113	Ustilaginomycotina	0.0	10113		
10114	Ustilaginomycotina	0.0	10114		
10115	Ustilaginomycotina	0.0	10115		
10116	Ustilaginomycotina	0.0	10116		
10117	Ustilaginomycotina	0.0	10117		
10118	Ustilaginomycotina	0.0	10118		
10119	Ustilaginomycotina	0.0	10119		
10120	Ustilaginomycotina	0.0	10120		
10121	Ustilaginomycotina	0.0	10121		
10122	Ustilaginomycotina	0.0	10122		
10123	Ustilaginomycotina	0.0	10123		
10124	Ustilaginomycotina	0.0	10124		
10125	Ustilaginomycotina	0.0	10125		
10126	Ustilaginomycotina	0.0	10126		
10127	Ustilaginomycotina	0.0	10127		
10128	Ustilaginomycotina	0.0	10128		
10129	Ustilaginomycotina	0.0	10129		
10130	Ustilaginomycotina	0.0	10130		
10131	Ustilaginomycotina	0.0	10131		
10132	Ustilaginomycotina	0.0	10132		
10133	Ustilaginomycotina	0.0	10133		
10134	Ustilaginomycotina	0.0	10134		
10135	Ustilaginomycotina	0.0	10135		
10136	Ustilaginomycotina	0.0	10136		
10137	Ustilaginomycotina	0.0	10137		
10138	Ustilaginomycotina	0.0	10138		
10139	Ustilaginomycotina	0.0	10139		
10140	Ustilaginomycotina	0.0	10140		
10141	Ustilaginomycotina	0.0	10141		
10142	Ustilaginomycotina	0.0	10142		
10143	Ustilaginomycotina	0.0	10143		
10144	Ustilaginomycotina	0.0	10144		
10145	Ustilaginomycotina	0.0	10145		
10146	Ustilaginomycotina	0.0	10146		
10147	Ustilaginomycotina	0.0	10147		
10148	Ustilaginomycotina	0.0	10148		
10149	Ustilaginomycotina	0.0	10149		
10150	Ustilaginomycotina	0.0	10150		
10151	Ustilaginomycotina	0.0	10151		
10152	Ustilaginomycotina	0.0	10152		
10153	Ustilaginomycotina	0.0	10153		
10154	Ustilaginomycotina	0.0	10154		
10155	Ustilaginomycotina	0.0	10155		
10156	Ustilaginomycotina	0.0	10156		
10157	Ustilaginomycotina	0.0	10157		
10158	Ustilaginomycotina	0.0	10158		
10159	Ustilaginomycotina	0.0	10159		
10160	Ustilaginomycotina	0.0	10160		
10161	Ustilaginomycotina	0.0	10161		
10162	Ustilaginomycotina	0.0	10162		
10163	Ustilaginomycotina	0.0	10163		
10164	Ustilaginomycotina	0.0	10164		
10165	Ustilaginomycotina	0.0	10165		
10166	Ustilaginomycotina	0.0	10166		
10167	Ustilaginomycotina	0.0	10167		
10168	Ustilaginomycotina	0.0	10168		
10169	Ustilaginomycotina	0.0	10169		
10170	Ustilaginomycotina	0.0	10170		
10171	Ustilaginomycotina	0.0	10171		
10172	Ustilaginomycotina	0.0	10172		
10173	Ustilaginomycotina	0.0	10173		
10174	Ustilaginomycotina	0.0003259464415813177	10174		
10175	Ustilaginomycotina	0.0	10175		
10176	Ustilaginomycotina	0.0	10176		
10177	Ustilaginomycotina	0.0019358588413830617	10177		
10178	Ustilaginomycotina	0.0	10178		
10179	Ustilaginomycotina	0.0015278619578049698	10179		
10180	Ustilaginomycotina	0.00034578340193566255	10180		
10181	Ustilaginomycotina	0.0021011564118381095	10181		
10182	Ustilaginomycotina	0.0	10182		
10183	Ustilaginomycotina	0.0	10183		
10184	Ustilaginomycotina	0.0	10184		
10185	Ustilaginomycotina	0.0041553560790235	10185		
10186	Ustilaginomycotina	0.0023174137922069298	10186		
10187	Ustilaginomycotina	0.001550078757193025	10187		
10188	Ustilaginomycotina	0.0	10188		
10189	Ustilaginomycotina	0.0022918973788001486	10189		
10190	Ustilaginomycotina	0.0	10190		
10191	Ustilaginomycotina	0.0	10191		
10192	Ustilaginomycotina	0.00024933359363760513	10192		
10193	Ustilaginomycotina	0.0	10193		
10194	Ustilaginomycotina	0.0	10194		
10195	Ustilaginomycotina	0.0	10195		
10196	Ustilaginomycotina	0.0	10196		
10197	Ustilaginomycotina	0.0	10197		
10198	Ustilaginomycotina	0.0	10198		
10199	Ustilaginomycotina	0.0	10199		
10200	Ustilaginomycotina	0.0	10200		
10201	Ustilaginomycotina	0.0	10201		
10202	Ustilaginomycotina	0.0	10202		
10203	Ustilaginomycotina	0.0	10203		
10204	Ustilaginomycotina	0.0	10204		
10205	Ustilaginomycotina	0.0	10205		
10206	Ustilaginomycotina	0.0	10206		
10207	Ustilaginomycotina	0.0	10207		
10208	Ustilaginomycotina	0.0	10208		
10209	Ustilaginomycotina	0.0	10209		
10210	Ustilaginomycotina	0.0	10210		
10211	Ustilaginomycotina	0.0005867424614402118	10211		
10212	Ustilaginomycotina	0.0	10212		
10213	Ustilaginomycotina	0.0	10213		
10214	Ustilaginomycotina	0.0	10214		
10215	Ustilaginomycotina	0.0	10215		
10216	Ustilaginomycotina	0.0	10216		
10217	Ustilaginomycotina	0.0	10217		
10218	Ustilaginomycotina	0.0	10218		
10219	Ustilaginomycotina	0.0	10219		
10220	Ustilaginomycotina	0.0	10220		
10221	Ustilaginomycotina	0.0	10221		
10222	Ustilaginomycotina	0.0	10222		
10223	Ustilaginomycotina	0.0	10223		
10224	Ustilaginomycotina	0.0	10224		
10225	Ustilaginomycotina	0.0	10225		
10226	Ustilaginomycotina	0.0	10226		
10227	Ustilaginomycotina	0.0	10227		
10228	Ustilaginomycotina	0.0	10228		
10229	Ustilaginomycotina	0.0	10229		
10230	Ustilaginomycotina	0.0	10230		
10231	Ustilaginomycotina	0.0	10231		
10232	Ustilaginomycotina	0.0	10232		
10233	Ustilaginomycotina	0.0	10233		
10234	Ustilaginomycotina	0.0	10234		
10235	Ustilaginomycotina	0.0	10235		
10236	Ustilaginomycotina	0.0	10236		
10237	Ustilaginomycotina	0.0003106411542984891	10237		
10238	Ustilaginomycotina	0.0	10238		
10239	Ustilaginomycotina	0.0	10239		
10240	Ustilaginomycotina	0.0002989639155638931	10240		
10241	Ustilaginomycotina	0.0	10241		
10242	Ustilaginomycotina	0.0	10242		
10243	Ustilaginomycotina	0.00012120406241995038	10243		
10244	Ustilaginomycotina	8.76478922407988e-05	10244		
10245	Ustilaginomycotina	0.0	10245		
10246	Ustilaginomycotina	6.34241278154517e-05	10246		
10247	Ustilaginomycotina	0.00012349340944407412	10247		
10248	Ustilaginomycotina	0.0	10248		
10249	Ustilaginomycotina	6.608051319285852e-05	10249		
10250	Ustilaginomycotina	4.7037602060677026e-05	10250		
10251	Ustilaginomycotina	0.0	10251		
10252	Ustilaginomycotina	0.0	10252		
10253	Ustilaginomycotina	7.573267201081096e-05	10253		
10254	Ustilaginomycotina	0.0	10254		
10255	Ustilaginomycotina	0.0010749277565860825	10255		
10256	Ustilaginomycotina	4.0128416931394424e-05	10256		
10257	Ustilaginomycotina	0.00011280234097001188	10257		
10258	Ustilaginomycotina	0.0	10258		
10259	Ustilaginomycotina	0.00033013872740451043	10259		
10260	Ustilaginomycotina	3.1713711880446396e-05	10260		
10261	Ustilaginomycotina	0.0	10261		
10262	Ustilaginomycotina	0.0004818228367557551	10262		
10263	Ustilaginomycotina	0.0	10263		
10264	Ustilaginomycotina	0.0	10264		
10265	Ustilaginomycotina	0.0	10265		
10266	Ustilaginomycotina	0.003552929412700424	10266		
10267	Ustilaginomycotina	0.0019359514692949772	10267		
10268	Ustilaginomycotina	0.013625611789969369	10268		
10269	Ustilaginomycotina	0.0	10269		
10270	Ustilaginomycotina	0.0	10270		
10271	Ustilaginomycotina	0.0	10271		
10272	Ustilaginomycotina	0.0	10272		
10273	Ustilaginomycotina	0.0	10273		
10274	Ustilaginomycotina	0.0018291486368146987	10274		
10275	Ustilaginomycotina	0.0021025823653788786	10275		
10276	Ustilaginomycotina	0.0012960026683746647	10276		
10277	Ustilaginomycotina	0.0009835346700768932	10277		
10278	Ustilaginomycotina	0.0008661467856777457	10278		
10279	Ustilaginomycotina	0.0012372763196405244	10279		
10280	Ustilaginomycotina	0.009247368320428002	10280		
10281	Ustilaginomycotina	0.0077215350588263915	10281		
10282	Ustilaginomycotina	0.007290252270589399	10282		
10283	Ustilaginomycotina	0.0	10283		
10284	Ustilaginomycotina	0.0	10284		
10285	Ustilaginomycotina	0.0	10285		
10286	Ustilaginomycotina	0.0	10286		
10287	Ustilaginomycotina	0.0	10287		
10288	Ustilaginomycotina	0.0	10288		
10289	Ustilaginomycotina	0.0	10289		
10290	Ustilaginomycotina	0.0	10290		
10291	Ustilaginomycotina	0.0	10291		
10292	Ustilaginomycotina	0.0	10292		
10293	Ustilaginomycotina	0.0	10293		
10294	Ustilaginomycotina	0.0	10294		
10295	Ustilaginomycotina	0.0	10295		
10296	Ustilaginomycotina	0.0	10296		
10297	Ustilaginomycotina	0.0	10297		
10298	Ustilaginomycotina	0.0	10298		
10299	Ustilaginomycotina	0.0	10299		
10300	Ustilaginomycotina	0.0	10300		
10301	Ustilaginomycotina	0.0	10301		
10302	Ustilaginomycotina	0.0012233337811608782	10302		
10303	Ustilaginomycotina	0.0	10303		
10304	Ustilaginomycotina	0.008682875921536742	10304		
10305	Ustilaginomycotina	0.0	10305		
10306	Ustilaginomycotina	0.0	10306		
10307	Ustilaginomycotina	0.0	10307		
10308	Ustilaginomycotina	0.0	10308		
10309	Ustilaginomycotina	0.12442233767165464	10309		
10310	Ustilaginomycotina	0.1485930679743646	10310		
10311	Ustilaginomycotina	0.10505087084518343	10311		
10312	Ustilaginomycotina	0.0015100087000661263	10312		
10313	Ustilaginomycotina	0.0	10313		
10314	Ustilaginomycotina	0.049866855771666774	10314		
10315	Ustilaginomycotina	0.0	10315		
10316	Ustilaginomycotina	0.0	10316		
10317	Ustilaginomycotina	0.0	10317		
10318	Ustilaginomycotina	0.0	10318		
10319	Ustilaginomycotina	0.0	10319		
10320	Ustilaginomycotina	0.0	10320		
10321	Ustilaginomycotina	0.0	10321		
10322	Ustilaginomycotina	0.0	10322		
10323	Ustilaginomycotina	0.0	10323		
10324	Ustilaginomycotina	0.0	10324		
10325	Ustilaginomycotina	0.0	10325		
10326	Ustilaginomycotina	0.0	10326		
10327	Ustilaginomycotina	0.007162927655544087	10327		
10328	Ustilaginomycotina	0.0	10328		
10329	Ustilaginomycotina	0.025401658496868706	10329		
10330	Ustilaginomycotina	0.0	10330		
10331	Ustilaginomycotina	0.0	10331		
10332	Ustilaginomycotina	0.0	10332		
10333	Ustilaginomycotina	0.0	10333		
10334	Ustilaginomycotina	0.0	10334		
10335	Ustilaginomycotina	0.0	10335		
10336	Ustilaginomycotina	0.0	10336		
10337	Ustilaginomycotina	0.0	10337		
10338	Ustilaginomycotina	0.0	10338		
10339	Ustilaginomycotina	0.0	10339		
10340	Ustilaginomycotina	0.0	10340		
10341	Ustilaginomycotina	0.0	10341		
10342	Ustilaginomycotina	0.0	10342		
10343	Ustilaginomycotina	0.0	10343		
10344	Ustilaginomycotina	0.0	10344		
10345	Ustilaginomycotina	0.0	10345		
10346	Ustilaginomycotina	0.0	10346		
10347	Ustilaginomycotina	0.0	10347		
10348	Ustilaginomycotina	0.0	10348		
10349	Ustilaginomycotina	0.0	10349		
10350	Ustilaginomycotina	0.0	10350		
10351	Ustilaginomycotina	0.0	10351		
10352	Ustilaginomycotina	0.0	10352		
10353	Ustilaginomycotina	0.0	10353		
10354	Ustilaginomycotina	0.0	10354		
10355	Ustilaginomycotina	0.0	10355		
10356	Ustilaginomycotina	0.0	10356		
10357	Ustilaginomycotina	0.0	10357		
10358	Ustilaginomycotina	0.0	10358		
10359	Ustilaginomycotina	0.0	10359		
10360	Ustilaginomycotina	0.0	10360		
10361	Ustilaginomycotina	0.0	10361		
10362	Ustilaginomycotina	0.0	10362		
10363	Ustilaginomycotina	0.0	10363		
10364	Ustilaginomycotina	0.01190552416321173	10364		
10365	Ustilaginomycotina	0.0	10365		
10366	Ustilaginomycotina	0.0	10366		
10367	Ustilaginomycotina	0.0	10367		
10368	Ustilaginomycotina	0.0	10368		
10369	Ustilaginomycotina	0.0	10369		
10370	Ustilaginomycotina	0.0	10370		
10371	Ustilaginomycotina	0.0	10371		
10372	Ustilaginomycotina	0.0	10372		
10373	Ustilaginomycotina	0.0	10373		
10374	Ustilaginomycotina	0.0	10374		
10375	Ustilaginomycotina	0.0	10375		
10376	Ustilaginomycotina	0.0	10376		
10377	Ustilaginomycotina	0.0	10377		
10378	Ustilaginomycotina	0.0	10378		
10379	Ustilaginomycotina	0.0	10379		
10380	Ustilaginomycotina	0.0	10380		
10381	Ustilaginomycotina	0.0	10381		
10382	Ustilaginomycotina	0.0	10382		
10383	Ustilaginomycotina	0.0	10383		
10384	Ustilaginomycotina	0.0	10384		
10385	Ustilaginomycotina	0.0	10385		
10386	Ustilaginomycotina	0.0	10386		
10387	Ustilaginomycotina	0.0	10387		
10388	Ustilaginomycotina	0.0	10388		
10389	Ustilaginomycotina	0.0	10389		
10390	Ustilaginomycotina	0.06629776403979362	10390		
10391	Ustilaginomycotina	0.0	10391		
10392	Ustilaginomycotina	0.0	10392		
10393	Ustilaginomycotina	0.0	10393		
10394	Ustilaginomycotina	0.0	10394		
10395	Ustilaginomycotina	0.0	10395		
10396	Ustilaginomycotina	0.0	10396		
10397	Ustilaginomycotina	0.0	10397		
10398	Ustilaginomycotina	0.0	10398		
10399	Ustilaginomycotina	0.0	10399		
10400	Ustilaginomycotina	0.0	10400		
10401	Ustilaginomycotina	0.0	10401		
10402	Ustilaginomycotina	0.0	10402		
10403	Ustilaginomycotina	0.0	10403		
10404	Ustilaginomycotina	0.0	10404		
10405	Ustilaginomycotina	0.0	10405		
10406	Ustilaginomycotina	0.0	10406		
10407	Ustilaginomycotina	0.0	10407		
10408	Ustilaginomycotina	0.0	10408		
10409	Ustilaginomycotina	0.0	10409		
10410	Ustilaginomycotina	0.0	10410		
10411	Ustilaginomycotina	0.0	10411		
10412	Ustilaginomycotina	0.0	10412		
10413	Ustilaginomycotina	0.0	10413		
10414	Ustilaginomycotina	0.0	10414		
10415	Ustilaginomycotina	0.0	10415		
10416	Ustilaginomycotina	0.0	10416		
10417	Ustilaginomycotina	0.0	10417		
10418	Ustilaginomycotina	0.0	10418		
10419	Ustilaginomycotina	0.0	10419		
10420	Ustilaginomycotina	0.0	10420		
10421	Ustilaginomycotina	0.0	10421		
10422	Ustilaginomycotina	0.0	10422		
10423	Ustilaginomycotina	0.0	10423		
10424	Ustilaginomycotina	0.0	10424		
10425	Ustilaginomycotina	0.0	10425		
10426	Ustilaginomycotina	0.0	10426		
10427	Ustilaginomycotina	0.0	10427		
10428	Ustilaginomycotina	0.0	10428		
10429	Ustilaginomycotina	0.0	10429		
10430	Ustilaginomycotina	0.0	10430		
10431	Ustilaginomycotina	0.0	10431		
10432	Ustilaginomycotina	0.0	10432		
10433	Ustilaginomycotina	0.0	10433		
10434	Ustilaginomycotina	0.0	10434		
10435	Ustilaginomycotina	0.0	10435		
10436	Ustilaginomycotina	0.0	10436		
10437	Ustilaginomycotina	0.0	10437		
10438	Ustilaginomycotina	0.0	10438		
10439	Ustilaginomycotina	0.0	10439		
10440	Ustilaginomycotina	0.0	10440		
10441	Ustilaginomycotina	0.0	10441		
10442	Ustilaginomycotina	0.0	10442		
10443	Ustilaginomycotina	0.0	10443		
10444	Ustilaginomycotina	0.0	10444		
10445	Ustilaginomycotina	0.0	10445		
10446	Ustilaginomycotina	0.0	10446		
10447	Ustilaginomycotina	0.0	10447		
10448	Ustilaginomycotina	0.0	10448		
10449	Ustilaginomycotina	7.267194159724708e-05	10449		
10450	Ustilaginomycotina	0.0	10450		
10451	Ustilaginomycotina	0.0	10451		
10452	Ustilaginomycotina	0.0	10452		
10453	Ustilaginomycotina	0.0	10453		
10454	Ustilaginomycotina	0.0	10454		
10455	Ustilaginomycotina	0.0	10455		
10456	Ustilaginomycotina	0.0	10456		
10457	Ustilaginomycotina	0.0	10457		
10458	Ustilaginomycotina	0.0	10458		
10459	Ustilaginomycotina	0.0	10459		
10460	Ustilaginomycotina	0.0	10460		
10461	Ustilaginomycotina	0.0	10461		
10462	Ustilaginomycotina	0.0	10462		
10463	Ustilaginomycotina	0.0	10463		
10464	Ustilaginomycotina	0.0	10464		
10465	Ustilaginomycotina	0.0	10465		
10466	Ustilaginomycotina	0.0	10466		
10467	Ustilaginomycotina	0.0	10467		
10468	Ustilaginomycotina	0.0	10468		
10469	Ustilaginomycotina	0.0	10469		
10470	Ustilaginomycotina	0.0	10470		
10471	Ustilaginomycotina	0.0	10471		
10472	Ustilaginomycotina	0.0	10472		
10473	Ustilaginomycotina	0.0	10473		
10474	Ustilaginomycotina	0.0	10474		
10475	Ustilaginomycotina	0.0	10475		
10476	Ustilaginomycotina	0.0	10476		
10477	Ustilaginomycotina	0.0	10477		
10478	Ustilaginomycotina	0.0	10478		
10479	Ustilaginomycotina	0.0	10479		
10480	Ustilaginomycotina	0.0	10480		
10481	Ustilaginomycotina	0.0	10481		
10482	Ustilaginomycotina	0.0	10482		
10483	Ustilaginomycotina	0.0	10483		
10484	Ustilaginomycotina	0.0	10484		
10485	Ustilaginomycotina	0.0	10485		
10486	Ustilaginomycotina	0.0	10486		
10487	Ustilaginomycotina	0.0	10487		
10488	Ustilaginomycotina	0.0	10488		
10489	Ustilaginomycotina	0.0	10489		
10490	Ustilaginomycotina	0.0	10490		
10491	Ustilaginomycotina	0.0	10491		
10492	Ustilaginomycotina	0.0	10492		
10493	Ustilaginomycotina	0.0	10493		
10494	Ustilaginomycotina	0.0	10494		
10495	Ustilaginomycotina	0.0	10495		
10496	Ustilaginomycotina	0.0	10496		
10497	Ustilaginomycotina	0.0	10497		
10498	Ustilaginomycotina	0.0	10498		
10499	Ustilaginomycotina	0.0	10499		
10500	Ustilaginomycotina	0.0	10500		
10501	Ustilaginomycotina	0.0	10501		
10502	Ustilaginomycotina	0.0	10502		
10503	Ustilaginomycotina	0.0	10503		
10504	Ustilaginomycotina	0.0	10504		
10505	Ustilaginomycotina	0.0	10505		
10506	Ustilaginomycotina	0.0	10506		
10507	Ustilaginomycotina	0.0	10507		
10508	Ustilaginomycotina	0.0	10508		
10509	Ustilaginomycotina	0.0	10509		
10510	Ustilaginomycotina	0.0	10510		
10511	Ustilaginomycotina	0.0	10511		
10512	Ustilaginomycotina	0.0	10512		
10513	Ustilaginomycotina	0.0	10513		
10514	Ustilaginomycotina	0.0	10514		
10515	Ustilaginomycotina	0.0	10515		
10516	Ustilaginomycotina	0.0	10516		
10517	Ustilaginomycotina	0.0	10517		
10518	Ustilaginomycotina	0.0	10518		
10519	Ustilaginomycotina	0.0	10519		
10520	Ustilaginomycotina	0.0	10520		
10521	Ustilaginomycotina	0.0	10521		
10522	Ustilaginomycotina	0.0	10522		
10523	Ustilaginomycotina	0.0	10523		
10524	Ustilaginomycotina	0.0	10524		
10525	Ustilaginomycotina	0.0	10525		
10526	Ustilaginomycotina	0.0	10526		
10527	Ustilaginomycotina	0.0	10527		
10528	Ustilaginomycotina	0.0	10528		
10529	Ustilaginomycotina	0.0	10529		
10530	Ustilaginomycotina	0.0	10530		
10531	Ustilaginomycotina	0.003931956725380547	10531		
10532	Ustilaginomycotina	0.056193989553246074	10532		
10533	Ustilaginomycotina	0.05276851550400808	10533		
10534	Ustilaginomycotina	0.020244803622726654	10534		
10535	Ustilaginomycotina	0.006061254858566262	10535		
10536	Ustilaginomycotina	0.07512007358168182	10536		
10537	Ustilaginomycotina	0.0375053132527108	10537		
10538	Ustilaginomycotina	0.2562660736427769	10538		
10539	Ustilaginomycotina	0.09851310066246524	10539		
10540	Ustilaginomycotina	0.0037500781166431964	10540		
10541	Ustilaginomycotina	0.002337621148746484	10541		
10542	Ustilaginomycotina	0.00217054089685783	10542		
10543	Ustilaginomycotina	0.00031221950422754126	10543		
10544	Ustilaginomycotina	0.0	10544		
10545	Ustilaginomycotina	0.0	10545		
10546	Ustilaginomycotina	0.0	10546		
10547	Ustilaginomycotina	0.00023900240015770332	10547		
10548	Ustilaginomycotina	0.0004547054281824606	10548		
10549	Ustilaginomycotina	0.0	10549		
10550	Ustilaginomycotina	0.0008688619612289611	10550		
10551	Ustilaginomycotina	0.0	10551		
10552	Ustilaginomycotina	0.001603495098575893	10552		
10553	Ustilaginomycotina	0.0	10553		
10554	Ustilaginomycotina	0.0	10554		
10555	Ustilaginomycotina	0.0	10555		
10556	Ustilaginomycotina	0.0	10556		
10557	Ustilaginomycotina	0.0	10557		
10558	Ustilaginomycotina	0.0	10558		
10559	Ustilaginomycotina	0.0	10559		
10560	Ustilaginomycotina	0.0	10560		
10561	Ustilaginomycotina	0.0	10561		
10562	Ustilaginomycotina	0.0	10562		
10563	Ustilaginomycotina	0.0	10563		
10564	Ustilaginomycotina	0.0	10564		
10565	Ustilaginomycotina	0.0	10565		
10566	Ustilaginomycotina	0.0	10566		
10567	Ustilaginomycotina	0.0	10567		
10568	Ustilaginomycotina	0.0	10568		
10569	Ustilaginomycotina	0.0	10569		
10570	Ustilaginomycotina	0.0	10570		
10571	Ustilaginomycotina	0.0	10571		
10572	Ustilaginomycotina	0.0	10572		
10573	Ustilaginomycotina	0.0	10573		
10574	Ustilaginomycotina	0.0	10574		
10575	Ustilaginomycotina	0.0	10575		
10576	Ustilaginomycotina	0.0	10576		
10577	Ustilaginomycotina	0.0	10577		
10578	Ustilaginomycotina	0.0	10578		
10579	Ustilaginomycotina	0.0	10579		
10580	Ustilaginomycotina	0.0	10580		
10581	Ustilaginomycotina	0.0	10581		
10582	Ustilaginomycotina	0.0	10582		
10583	Ustilaginomycotina	0.0	10583		
10584	Ustilaginomycotina	0.0	10584		
10585	Ustilaginomycotina	0.0	10585		
10586	Ustilaginomycotina	0.0	10586		
10587	Ustilaginomycotina	0.0	10587		
10588	Ustilaginomycotina	0.0	10588		
10589	Ustilaginomycotina	0.0	10589		
10590	Ustilaginomycotina	0.0	10590		
10591	Ustilaginomycotina	0.0	10591		
10592	Ustilaginomycotina	0.0	10592		
10593	Ustilaginomycotina	0.0	10593		
10594	Ustilaginomycotina	0.0	10594		
10595	Ustilaginomycotina	0.0	10595		
10596	Ustilaginomycotina	0.0	10596		
10597	Ustilaginomycotina	0.0	10597		
10598	Ustilaginomycotina	0.0	10598		
10599	Ustilaginomycotina	0.0	10599		
10600	Ustilaginomycotina	0.0	10600		
10601	Ustilaginomycotina	0.0	10601		
10602	Ustilaginomycotina	0.0	10602		
10603	Ustilaginomycotina	0.0	10603		
10604	Ustilaginomycotina	0.0	10604		
10605	Ustilaginomycotina	0.0	10605		
10606	Ustilaginomycotina	0.0	10606		
10607	Ustilaginomycotina	0.0	10607		
10608	Ustilaginomycotina	0.0	10608		
10609	Ustilaginomycotina	0.0	10609		
10610	Ustilaginomycotina	0.0	10610		
10611	Ustilaginomycotina	0.0	10611		
10612	Ustilaginomycotina	0.0	10612		
10613	Ustilaginomycotina	0.0	10613		
10614	Ustilaginomycotina	0.0	10614		
10615	Ustilaginomycotina	0.0	10615		
10616	Ustilaginomycotina	0.0	10616		
10617	Ustilaginomycotina	0.0	10617		
10618	Ustilaginomycotina	0.0	10618		
10619	Ustilaginomycotina	0.0	10619		
10620	Ustilaginomycotina	0.0	10620		
10621	Ustilaginomycotina	0.0	10621		
10622	Ustilaginomycotina	0.0	10622		
10623	Ustilaginomycotina	0.0	10623		
10624	Ustilaginomycotina	0.0	10624		
10625	Ustilaginomycotina	0.0	10625		
10626	Ustilaginomycotina	0.0	10626		
10627	Ustilaginomycotina	0.0	10627		
10628	Ustilaginomycotina	0.0	10628		
10629	Ustilaginomycotina	0.0	10629		
10630	Ustilaginomycotina	0.0	10630		
10631	Ustilaginomycotina	0.0	10631		
10632	Ustilaginomycotina	0.0	10632		
10633	Ustilaginomycotina	0.0	10633		
10634	Ustilaginomycotina	0.0	10634		
10635	Ustilaginomycotina	0.0	10635		
10636	Ustilaginomycotina	0.0	10636		
10637	Ustilaginomycotina	0.0	10637		
10638	Ustilaginomycotina	0.0	10638		
10639	Ustilaginomycotina	0.0	10639		
10640	Ustilaginomycotina	0.0	10640		
10641	Ustilaginomycotina	0.0	10641		
10642	Ustilaginomycotina	0.0	10642		
10643	Ustilaginomycotina	0.0	10643		
10644	Ustilaginomycotina	0.0	10644		
10645	Ustilaginomycotina	0.0	10645		
10646	Ustilaginomycotina	0.0	10646		
10647	Ustilaginomycotina	0.0	10647		
10648	Ustilaginomycotina	0.0	10648		
10649	Ustilaginomycotina	0.0	10649		
10650	Ustilaginomycotina	0.0	10650		
10651	Ustilaginomycotina	0.0	10651		
10652	Ustilaginomycotina	0.0	10652		
10653	Ustilaginomycotina	0.0	10653		
10654	Ustilaginomycotina	0.0	10654		
10655	Ustilaginomycotina	0.0	10655		
10656	Ustilaginomycotina	0.0	10656		
10657	Ustilaginomycotina	0.0	10657		
10658	Ustilaginomycotina	0.0	10658		
10659	Ustilaginomycotina	0.0	10659		
10660	Ustilaginomycotina	0.0	10660		
10661	Ustilaginomycotina	0.0	10661		
10662	Ustilaginomycotina	0.0	10662		
10663	Ustilaginomycotina	0.0	10663		
10664	Ustilaginomycotina	0.0	10664		
10665	Ustilaginomycotina	0.0	10665		
10666	Ustilaginomycotina	0.0	10666		
10667	Ustilaginomycotina	0.0	10667		
10668	Ustilaginomycotina	0.0	10668		
10669	Ustilaginomycotina	0.0	10669		
10670	Ustilaginomycotina	0.0	10670		
10671	Ustilaginomycotina	0.0	10671		
10672	Ustilaginomycotina	0.0	10672		
10673	Ustilaginomycotina	0.0	10673		
10674	Ustilaginomycotina	0.0	10674		
10675	Ustilaginomycotina	0.0	10675		
10676	Ustilaginomycotina	0.0	10676		
10677	Ustilaginomycotina	0.0	10677		
10678	Ustilaginomycotina	0.0	10678		
10679	Ustilaginomycotina	0.0	10679		
10680	Ustilaginomycotina	0.0	10680		
10681	Ustilaginomycotina	0.0	10681		
10682	Ustilaginomycotina	0.0	10682		
10683	Ustilaginomycotina	0.0	10683		
10684	Ustilaginomycotina	0.0	10684		
10685	Ustilaginomycotina	0.0	10685		
10686	Ustilaginomycotina	0.0	10686		
10687	Ustilaginomycotina	0.0	10687		
10688	Ustilaginomycotina	0.0	10688		
10689	Ustilaginomycotina	0.0	10689		
10690	Ustilaginomycotina	0.0	10690		
10691	Ustilaginomycotina	0.0	10691		
10692	Ustilaginomycotina	0.0	10692		
10693	Ustilaginomycotina	0.0	10693		
10694	Ustilaginomycotina	0.0	10694		
10695	Ustilaginomycotina	0.0	10695		
10696	Ustilaginomycotina	0.0	10696		
10697	Ustilaginomycotina	0.0	10697		
10698	Ustilaginomycotina	0.0	10698		
10699	Ustilaginomycotina	0.0	10699		
10700	Ustilaginomycotina	0.0	10700		
10701	Ustilaginomycotina	0.0	10701		
10702	Ustilaginomycotina	0.0	10702		
10703	Ustilaginomycotina	0.0	10703		
10704	Ustilaginomycotina	0.0	10704		
10705	Ustilaginomycotina	0.0	10705		
10706	Ustilaginomycotina	0.0	10706		
10707	Ustilaginomycotina	0.0	10707		
10708	Ustilaginomycotina	0.0	10708		
10709	Ustilaginomycotina	0.0	10709		
10710	Ustilaginomycotina	0.0	10710		
10711	Ustilaginomycotina	0.0	10711		
10712	Ustilaginomycotina	0.0	10712		
10713	Ustilaginomycotina	0.0	10713		
10714	Ustilaginomycotina	0.0	10714		
10715	Ustilaginomycotina	0.0	10715		
10716	Ustilaginomycotina	0.0	10716		
10717	Ustilaginomycotina	0.0	10717		
10718	Ustilaginomycotina	0.0	10718		
10719	Ustilaginomycotina	0.0	10719		
10720	Ustilaginomycotina	0.0	10720		
10721	Ustilaginomycotina	0.0	10721		
10722	Ustilaginomycotina	0.0	10722		
10723	Ustilaginomycotina	0.0	10723		
10724	Ustilaginomycotina	0.0	10724		
10725	Ustilaginomycotina	0.0	10725		
10726	Ustilaginomycotina	0.0	10726		
10727	Ustilaginomycotina	0.0	10727		
10728	Ustilaginomycotina	0.0	10728		
10729	Ustilaginomycotina	0.0	10729		
10730	Ustilaginomycotina	0.0	10730		
10731	Ustilaginomycotina	0.0	10731		
10732	Ustilaginomycotina	0.0	10732		
10733	Ustilaginomycotina	0.0	10733		
10734	Ustilaginomycotina	0.0	10734		
10735	Ustilaginomycotina	0.0	10735		
10736	Ustilaginomycotina	0.0	10736		
10737	Ustilaginomycotina	0.0	10737		
10738	Ustilaginomycotina	0.0	10738		
10739	Ustilaginomycotina	0.0	10739		
10740	Ustilaginomycotina	0.0	10740		
10741	Ustilaginomycotina	0.0	10741		
10742	Ustilaginomycotina	0.0	10742		
10743	Ustilaginomycotina	0.0	10743		
10744	Ustilaginomycotina	0.0	10744		
10745	Ustilaginomycotina	0.0	10745		
10746	Ustilaginomycotina	0.0	10746		
10747	Ustilaginomycotina	0.0	10747		
10748	Ustilaginomycotina	0.0	10748		
10749	Ustilaginomycotina	0.0	10749		
10750	Ustilaginomycotina	0.0	10750		
10751	Ustilaginomycotina	0.0	10751		
10752	Ustilaginomycotina	0.0	10752		
10753	Ustilaginomycotina	0.0	10753		
10754	Ustilaginomycotina	0.0	10754		
10755	Ustilaginomycotina	0.0	10755		
10756	Ustilaginomycotina	0.0	10756		
10757	Ustilaginomycotina	0.0	10757		
10758	Ustilaginomycotina	0.0	10758		
10759	Ustilaginomycotina	0.0	10759		
10760	Ustilaginomycotina	0.0	10760		
10761	Ustilaginomycotina	0.0	10761		
10762	Ustilaginomycotina	0.0	10762		
10763	Ustilaginomycotina	0.0	10763		
10764	Ustilaginomycotina	0.0	10764		
10765	Ustilaginomycotina	0.0	10765		
10766	Ustilaginomycotina	0.0	10766		
10767	Ustilaginomycotina	0.0	10767		
10768	Ustilaginomycotina	0.0	10768		
10769	Ustilaginomycotina	0.0	10769		
10770	Ustilaginomycotina	0.0	10770		
10771	Ustilaginomycotina	0.0	10771		
10772	Ustilaginomycotina	0.0	10772		
10773	Ustilaginomycotina	0.0	10773		
10774	Ustilaginomycotina	0.0	10774		
10775	Ustilaginomycotina	0.0	10775		
10776	Ustilaginomycotina	0.0	10776		
10777	Ustilaginomycotina	0.0	10777		
10778	Ustilaginomycotina	0.0	10778		
10779	Ustilaginomycotina	0.0	10779		
10780	Ustilaginomycotina	0.0	10780		
10781	Ustilaginomycotina	0.0	10781		
10782	Ustilaginomycotina	0.0	10782		
10783	Ustilaginomycotina	0.0	10783		
10784	Ustilaginomycotina	0.0	10784		
10785	Ustilaginomycotina	0.0	10785		
10786	Ustilaginomycotina	0.0	10786		
10787	Ustilaginomycotina	0.0	10787		
10788	Ustilaginomycotina	0.0	10788		
10789	Ustilaginomycotina	0.0	10789		
10790	Ustilaginomycotina	0.0	10790		
10791	Ustilaginomycotina	0.0	10791		
10792	Ustilaginomycotina	0.0	10792		
10793	Ustilaginomycotina	0.0	10793		
10794	Ustilaginomycotina	0.0	10794		
10795	Ustilaginomycotina	0.0	10795		
10796	Ustilaginomycotina	0.0	10796		
10797	Ustilaginomycotina	0.0	10797		
10798	Ustilaginomycotina	0.0	10798		
10799	Ustilaginomycotina	0.0	10799		
10800	Ustilaginomycotina	0.0	10800		
10801	Ustilaginomycotina	0.0	10801		
10802	Ustilaginomycotina	0.0	10802		
10803	Ustilaginomycotina	0.0	10803		
10804	Ustilaginomycotina	0.0	10804		
10805	Ustilaginomycotina	0.0	10805		
10806	Ustilaginomycotina	0.0	10806		
10807	Ustilaginomycotina	0.0	10807		
10808	Ustilaginomycotina	0.0	10808		
10809	Ustilaginomycotina	0.0	10809		
10810	Ustilaginomycotina	0.0	10810		
10811	Ustilaginomycotina	0.0	10811		
10812	Ustilaginomycotina	0.0	10812		
10813	Ustilaginomycotina	0.0	10813		
10814	Ustilaginomycotina	0.0	10814		
10815	Ustilaginomycotina	0.0	10815		
10816	Ustilaginomycotina	0.0	10816		
10817	Ustilaginomycotina	0.0	10817		
10818	Ustilaginomycotina	0.0	10818		
10819	Ustilaginomycotina	0.0	10819		
10820	Ustilaginomycotina	0.0	10820		
10821	Ustilaginomycotina	0.0	10821		
10822	Ustilaginomycotina	0.0	10822		
10823	Ustilaginomycotina	0.0	10823		
10824	Ustilaginomycotina	0.0	10824		
10825	Ustilaginomycotina	0.0	10825		
10826	Ustilaginomycotina	0.0	10826		
10827	Ustilaginomycotina	0.0	10827		
10828	Ustilaginomycotina	0.0	10828		
10829	Ustilaginomycotina	0.0	10829		
10830	Ustilaginomycotina	0.0	10830		
10831	Ustilaginomycotina	0.0	10831		
10832	Ustilaginomycotina	0.0	10832		
10833	Ustilaginomycotina	0.0	10833		
10834	Ustilaginomycotina	0.0	10834		
10835	Ustilaginomycotina	0.0	10835		
10836	Ustilaginomycotina	0.0	10836		
10837	Ustilaginomycotina	0.0	10837		
10838	Ustilaginomycotina	0.0	10838		
10839	Ustilaginomycotina	0.0	10839		
10840	Ustilaginomycotina	0.0	10840		
10841	Ustilaginomycotina	0.0	10841		
10842	Ustilaginomycotina	0.0	10842		
10843	Ustilaginomycotina	0.0	10843		
10844	Ustilaginomycotina	0.0	10844		
10845	Ustilaginomycotina	0.0	10845		
10846	Ustilaginomycotina	0.0	10846		
10847	Ustilaginomycotina	0.0	10847		
10848	Ustilaginomycotina	0.0	10848		
10849	Ustilaginomycotina	0.0	10849		
10850	Ustilaginomycotina	0.0	10850		
10851	Ustilaginomycotina	0.0	10851		
10852	Ustilaginomycotina	0.0	10852		
10853	Ustilaginomycotina	0.0	10853		
10854	Ustilaginomycotina	0.0	10854		
10855	Ustilaginomycotina	0.0	10855		
10856	Ustilaginomycotina	0.0	10856		
10857	Ustilaginomycotina	0.0	10857		
10858	Ustilaginomycotina	0.0	10858		
10859	Ustilaginomycotina	0.0	10859		
10860	Ustilaginomycotina	0.0	10860		
10861	Ustilaginomycotina	0.0	10861		
10862	Ustilaginomycotina	0.0	10862		
10863	Ustilaginomycotina	0.0	10863		
10864	Ustilaginomycotina	0.0	10864		
10865	Ustilaginomycotina	0.0	10865		
10866	Ustilaginomycotina	0.0	10866		
10867	Ustilaginomycotina	0.0	10867		
10868	Ustilaginomycotina	0.0	10868		
10869	Ustilaginomycotina	0.0	10869		
10870	Ustilaginomycotina	0.0	10870		
10871	Ustilaginomycotina	0.0	10871		
10872	Ustilaginomycotina	0.0	10872		
10873	Ustilaginomycotina	0.0	10873		
10874	Ustilaginomycotina	0.0	10874		
10875	Ustilaginomycotina	0.0	10875		
10876	Ustilaginomycotina	0.0	10876		
10877	Ustilaginomycotina	0.0	10877		
10878	Ustilaginomycotina	0.0	10878		
10879	Ustilaginomycotina	0.0	10879		
10880	Ustilaginomycotina	0.0	10880		
10881	Ustilaginomycotina	0.0	10881		
10882	Ustilaginomycotina	0.0	10882		
10883	Ustilaginomycotina	0.0	10883		
10884	Ustilaginomycotina	0.0	10884		
10885	Ustilaginomycotina	0.0	10885		
10886	Ustilaginomycotina	0.0	10886		
10887	Ustilaginomycotina	0.0	10887		
10888	Ustilaginomycotina	0.0	10888		
10889	Ustilaginomycotina	0.0	10889		
10890	Ustilaginomycotina	0.0	10890		
10891	Ustilaginomycotina	0.0	10891		
10892	Ustilaginomycotina	0.0	10892		
10893	Ustilaginomycotina	0.0	10893		
10894	Ustilaginomycotina	0.0	10894		
10895	Ustilaginomycotina	0.0	10895		
10896	Ustilaginomycotina	0.0	10896		
10897	Ustilaginomycotina	0.0	10897		
10898	Ustilaginomycotina	0.0	10898		
10899	Ustilaginomycotina	0.0	10899		
10900	Ustilaginomycotina	0.0	10900		
10901	Ustilaginomycotina	0.0	10901		
10902	Ustilaginomycotina	0.0	10902		
10903	Ustilaginomycotina	0.0	10903		
10904	Ustilaginomycotina	0.002337574175929628	10904		
10905	Ustilaginomycotina	0.6631189300450769	10905		
10906	Ustilaginomycotina	0.0	10906		
10907	Ustilaginomycotina	0.0	10907		
10908	Ustilaginomycotina	0.00337784345806724	10908		
10909	Ustilaginomycotina	0.3823487736208182	10909		
10910	Ustilaginomycotina	0.0	10910		
10911	Ustilaginomycotina	0.0	10911		
10912	Ustilaginomycotina	0.0	10912		
10913	Ustilaginomycotina	0.2832722840462018	10913		
10914	Ustilaginomycotina	0.012580354147867392	10914		
10915	Ustilaginomycotina	0.0020048057203896066	10915		
10916	Ustilaginomycotina	0.4317651530230501	10916		
10917	Ustilaginomycotina	0.0	10917		
10918	Ustilaginomycotina	0.12884385018334957	10918		
10919	Ustilaginomycotina	0.511786239773998	10919		
10920	Ustilaginomycotina	0.0	10920		
10921	Ustilaginomycotina	0.3948599173516838	10921		
10922	Ustilaginomycotina	0.012613985016456209	10922		
10923	Ustilaginomycotina	0.544479908488987	10923		
10924	Ustilaginomycotina	0.35940438616388154	10924		
10925	Ustilaginomycotina	0.36627441999330934	10925		
10926	Ustilaginomycotina	0.03295241163786503	10926		
10927	Ustilaginomycotina	0.0	10927		
10928	Ustilaginomycotina	0.0	10928		
10929	Ustilaginomycotina	0.036329670159773245	10929		
10930	Ustilaginomycotina	0.009699850852545856	10930		
10931	Ustilaginomycotina	0.0	10931		
10932	Ustilaginomycotina	0.06273677549636178	10932		
10933	Ustilaginomycotina	0.5026318197889035	10933		
10934	Ustilaginomycotina	0.0	10934		
10935	Ustilaginomycotina	0.0	10935		
10936	Ustilaginomycotina	0.0	10936		
10937	Ustilaginomycotina	0.0	10937		
10938	Ustilaginomycotina	0.0	10938		
10939	Ustilaginomycotina	0.7339160501041092	10939		
10940	Ustilaginomycotina	0.0587725445035274	10940		
10941	Ustilaginomycotina	0.0069793843633142675	10941		
10942	Ustilaginomycotina	0.8594784236239054	10942		
10943	Ustilaginomycotina	0.23373779130155475	10943		
10944	Ustilaginomycotina	0.09915874764003363	10944		
10945	Ustilaginomycotina	0.08387074277029184	10945		
10946	Ustilaginomycotina	0.45155022632927305	10946		
10947	Ustilaginomycotina	0.31554788399310457	10947		
10948	Ustilaginomycotina	0.0	10948		
10949	Ustilaginomycotina	0.0	10949		
10950	Ustilaginomycotina	0.0020867789271734245	10950		
10951	Ustilaginomycotina	0.21171220423481982	10951		
10952	Ustilaginomycotina	0.0013579299852918576	10952		
10953	Ustilaginomycotina	0.16150841531714027	10953		
10954	Ustilaginomycotina	0.19156147102602306	10954		
10955	Ustilaginomycotina	0.023423842108016693	10955		
10956	Ustilaginomycotina	0.0	10956		
10957	Ustilaginomycotina	0.42184828756731685	10957		
10958	Ustilaginomycotina	0.0	10958		
10959	Ustilaginomycotina	0.14367507147291478	10959		
10960	Ustilaginomycotina	0.0	10960		
10961	Ustilaginomycotina	0.7938839773959504	10961		
10962	Ustilaginomycotina	1.1235780986662411	10962		
10963	Ustilaginomycotina	0.0	10963		
10964	Ustilaginomycotina	0.0	10964		
10965	Ustilaginomycotina	0.0	10965		
10966	Ustilaginomycotina	4.309403183655255e-05	10966		
10967	Ustilaginomycotina	0.0	10967		
10968	Ustilaginomycotina	0.056221598101423916	10968		
10969	Ustilaginomycotina	0.3140043807592284	10969		
10970	Ustilaginomycotina	0.07790013655726066	10970		
10971	Ustilaginomycotina	0.9203521038101993	10971		
10972	Ustilaginomycotina	0.0730285856494836	10972		
10973	Ustilaginomycotina	0.2350158853888976	10973		
10974	Ustilaginomycotina	0.6546370798767122	10974		
10975	Ustilaginomycotina	0.5828851436189715	10975		
10976	Ustilaginomycotina	0.335780902578629	10976		
10977	Ustilaginomycotina	0.03316217449789474	10977		
10978	Ustilaginomycotina	0.0	10978		
10979	Ustilaginomycotina	0.0	10979		
10980	Ustilaginomycotina	0.4468493817138339	10980		
10981	Ustilaginomycotina	0.0	10981		
10982	Ustilaginomycotina	0.0	10982		
10983	Ustilaginomycotina	0.0037351849133982103	10983		
10984	Ustilaginomycotina	0.0	10984		
10985	Ustilaginomycotina	0.0010547474540854355	10985		
10986	Ustilaginomycotina	0.0018702768264740929	10986		
10987	Ustilaginomycotina	0.0020751261713717185	10987		
10988	Ustilaginomycotina	0.001664553132396887	10988		
10989	Ustilaginomycotina	0.01666524617770302	10989		
10990	Ustilaginomycotina	0.0	10990		
10991	Ustilaginomycotina	0.0037343949275738006	10991		
10992	Ustilaginomycotina	0.0021440556433825913	10992		
10993	Ustilaginomycotina	0.0020912137144723647	10993		
10994	Ustilaginomycotina	0.04513671390317451	10994		
10995	Ustilaginomycotina	0.0	10995		
10996	Ustilaginomycotina	0.006391462549244482	10996		
10997	Ustilaginomycotina	0.00041375245510740557	10997		
10998	Ustilaginomycotina	0.0012016204167535822	10998		
10999	Ustilaginomycotina	0.0010763155504426713	10999		
11000	Ustilaginomycotina	0.0011948101471830025	11000		
11001	Ustilaginomycotina	0.010245350689513221	11001		
11002	Ustilaginomycotina	0.008530278055503014	11002		
11003	Ustilaginomycotina	0.0016602011393479995	11003		
11004	Ustilaginomycotina	0.011414384134834038	11004		
11005	Ustilaginomycotina	0.014361325414452394	11005		
11006	Ustilaginomycotina	0.0	11006		
11007	Ustilaginomycotina	0.0017544232784329529	11007		
11008	Ustilaginomycotina	0.004673757416978321	11008		
11009	Ustilaginomycotina	0.003147577103343809	11009		
11010	Ustilaginomycotina	0.0	11010		
11011	Ustilaginomycotina	0.010646108779960682	11011		
11012	Ustilaginomycotina	0.0	11012		
11013	Ustilaginomycotina	0.014824984549148454	11013		
11014	Ustilaginomycotina	0.0	11014		
11015	Ustilaginomycotina	0.002693925258318939	11015		
11016	Ustilaginomycotina	0.029232566773196765	11016		
11017	Ustilaginomycotina	0.0034295183558827576	11017		
11018	Ustilaginomycotina	0.0	11018		
11019	Ustilaginomycotina	0.0033843472715433067	11019		
11020	Ustilaginomycotina	0.005974493480931978	11020		
11021	Ustilaginomycotina	0.008468340831050771	11021		
11022	Ustilaginomycotina	0.016015460893171678	11022		
11023	Ustilaginomycotina	0.0007600859940288926	11023		
11024	Ustilaginomycotina	0.0008072853597497936	11024		
11025	Ustilaginomycotina	0.0	11025		
11026	Ustilaginomycotina	0.0007268098679573151	11026		
11027	Ustilaginomycotina	0.0051293863057681145	11027		
11028	Ustilaginomycotina	0.009855659415457067	11028		
11029	Ustilaginomycotina	0.0014033616411042137	11029		
11030	Ustilaginomycotina	0.0053445354331016215	11030		
11031	Ustilaginomycotina	0.0053339966005885	11031		
11032	Ustilaginomycotina	0.0051839410645200664	11032		
11033	Ustilaginomycotina	0.0009735941704072099	11033		
11034	Ustilaginomycotina	0.0012607256910352695	11034		
11035	Ustilaginomycotina	0.00100336677940197	11035		
11036	Ustilaginomycotina	0.006361800697301883	11036		
11037	Ustilaginomycotina	0.0017489645547925058	11037		
11038	Ustilaginomycotina	0.0036424220573029673	11038		
11039	Ustilaginomycotina	0.005398554501515413	11039		
11040	Ustilaginomycotina	0.0	11040		
11041	Ustilaginomycotina	0.006485278366647458	11041		
11042	Ustilaginomycotina	0.006507549426788546	11042		
11043	Ustilaginomycotina	0.008758990559693397	11043		
11044	Ustilaginomycotina	0.012691088147328373	11044		
11045	Ustilaginomycotina	0.028574389584933534	11045		
11046	Ustilaginomycotina	0.0	11046		
11047	Ustilaginomycotina	0.0036867030233055757	11047		
11048	Ustilaginomycotina	0.001102352432872648	11048		
11049	Ustilaginomycotina	0.000845757332830677	11049		
11050	Ustilaginomycotina	0.02489051110316389	11050		
11051	Ustilaginomycotina	0.0	11051		
11052	Ustilaginomycotina	0.02341618387031975	11052		
11053	Ustilaginomycotina	0.0	11053		
11054	Ustilaginomycotina	0.008305679698174846	11054		
11055	Ustilaginomycotina	0.0	11055		
11056	Ustilaginomycotina	0.0	11056		
11057	Ustilaginomycotina	0.0	11057		
11058	Ustilaginomycotina	0.0	11058		
11059	Ustilaginomycotina	0.0	11059		
11060	Ustilaginomycotina	0.0	11060		
11061	Ustilaginomycotina	0.0	11061		
11062	Ustilaginomycotina	0.0	11062		
11063	Ustilaginomycotina	0.0	11063		
11064	Ustilaginomycotina	0.0	11064		
11065	Ustilaginomycotina	0.0	11065		
11066	Ustilaginomycotina	0.0	11066		
11067	Ustilaginomycotina	0.0	11067		
11068	Ustilaginomycotina	0.0	11068		
11069	Ustilaginomycotina	0.0	11069		
11070	Ustilaginomycotina	0.0	11070		
11071	Ustilaginomycotina	0.0	11071		
11072	Ustilaginomycotina	0.0	11072		
11073	Ustilaginomycotina	0.0	11073		
11074	Ustilaginomycotina	0.0	11074		
11075	Ustilaginomycotina	0.0	11075		
11076	Ustilaginomycotina	0.0	11076		
11077	Ustilaginomycotina	0.0	11077		
11078	Ustilaginomycotina	0.0	11078		
11079	Ustilaginomycotina	0.0	11079		
11080	Ustilaginomycotina	0.0	11080		
11081	Ustilaginomycotina	0.0	11081		
11082	Ustilaginomycotina	0.0	11082		
11083	Ustilaginomycotina	0.0	11083		
11084	Ustilaginomycotina	0.0	11084		
11085	Ustilaginomycotina	0.0	11085		
11086	Ustilaginomycotina	0.0	11086		
11087	Ustilaginomycotina	0.0	11087		
11088	Ustilaginomycotina	0.0	11088		
11089	Ustilaginomycotina	0.0	11089		
11090	Ustilaginomycotina	0.0	11090		
11091	Ustilaginomycotina	0.0	11091		
11092	Ustilaginomycotina	0.0	11092		
11093	Ustilaginomycotina	0.0	11093		
11094	Ustilaginomycotina	0.0	11094		
11095	Ustilaginomycotina	0.013928780300341424	11095		
11096	Ustilaginomycotina	0.0	11096		
11097	Ustilaginomycotina	0.0	11097		
11098	Ustilaginomycotina	0.0	11098		
11099	Ustilaginomycotina	0.0	11099		
11100	Ustilaginomycotina	0.0	11100		
11101	Ustilaginomycotina	0.0	11101		
11102	Ustilaginomycotina	0.0	11102		
11103	Ustilaginomycotina	0.0	11103		
11104	Ustilaginomycotina	0.0	11104		
11105	Ustilaginomycotina	0.0	11105		
11106	Ustilaginomycotina	0.0	11106		
11107	Ustilaginomycotina	0.0	11107		
11108	Ustilaginomycotina	0.0	11108		
11109	Ustilaginomycotina	0.0	11109		
11110	Ustilaginomycotina	0.0	11110		
11111	Ustilaginomycotina	0.0	11111		
11112	Ustilaginomycotina	0.0	11112		
11113	Ustilaginomycotina	0.0	11113		
11114	Ustilaginomycotina	0.0	11114		
11115	Ustilaginomycotina	0.0	11115		
11116	Ustilaginomycotina	0.0	11116		
11117	Ustilaginomycotina	0.0	11117		
11118	Ustilaginomycotina	0.0	11118		
11119	Ustilaginomycotina	0.0	11119		
11120	Ustilaginomycotina	0.0	11120		
11121	Ustilaginomycotina	0.0	11121		
11122	Ustilaginomycotina	0.0	11122		
11123	Ustilaginomycotina	0.0	11123		
11124	Ustilaginomycotina	0.0	11124		
11125	Ustilaginomycotina	0.0	11125		
11126	Ustilaginomycotina	0.0	11126		
11127	Ustilaginomycotina	0.0	11127		
11128	Ustilaginomycotina	0.0	11128		
11129	Ustilaginomycotina	0.0	11129		
11130	Ustilaginomycotina	0.0	11130		
11131	Ustilaginomycotina	0.0	11131		
11132	Ustilaginomycotina	0.0	11132		
11133	Ustilaginomycotina	0.0	11133		
11134	Ustilaginomycotina	0.0	11134		
11135	Ustilaginomycotina	0.0	11135		
11136	Ustilaginomycotina	0.0	11136		
11137	Ustilaginomycotina	0.0	11137		
11138	Ustilaginomycotina	0.0	11138		
11139	Ustilaginomycotina	0.0	11139		
11140	Ustilaginomycotina	0.0	11140		
11141	Ustilaginomycotina	0.0	11141		
11142	Ustilaginomycotina	0.0	11142		
11143	Ustilaginomycotina	0.0	11143		
11144	Ustilaginomycotina	0.0	11144		
11145	Ustilaginomycotina	0.0	11145		
11146	Ustilaginomycotina	0.0	11146		
11147	Ustilaginomycotina	0.0	11147		
11148	Ustilaginomycotina	0.0	11148		
11149	Ustilaginomycotina	0.0	11149		
11150	Ustilaginomycotina	0.0013457653951507694	11150		
11151	Ustilaginomycotina	0.0	11151		
11152	Ustilaginomycotina	0.0	11152		
11153	Ustilaginomycotina	0.0	11153		
11154	Ustilaginomycotina	0.0	11154		
11155	Ustilaginomycotina	0.0	11155		
11156	Ustilaginomycotina	0.0	11156		
11157	Ustilaginomycotina	0.0	11157		
11158	Ustilaginomycotina	0.0	11158		
11159	Ustilaginomycotina	0.0	11159		
11160	Ustilaginomycotina	0.0	11160		
11161	Ustilaginomycotina	0.0	11161		
11162	Ustilaginomycotina	0.0	11162		
11163	Ustilaginomycotina	0.0	11163		
11164	Ustilaginomycotina	0.0	11164		
11165	Ustilaginomycotina	0.0	11165		
11166	Ustilaginomycotina	0.0011511362332184223	11166		
11167	Ustilaginomycotina	0.0	11167		
11168	Ustilaginomycotina	0.0	11168		
11169	Ustilaginomycotina	0.0	11169		
11170	Ustilaginomycotina	0.0	11170		
11171	Ustilaginomycotina	0.0	11171		
11172	Ustilaginomycotina	0.0	11172		
11173	Ustilaginomycotina	0.0	11173		
11174	Ustilaginomycotina	0.0	11174		
11175	Ustilaginomycotina	0.0	11175		
11176	Ustilaginomycotina	0.0	11176		
11177	Ustilaginomycotina	0.0	11177		
11178	Ustilaginomycotina	0.0	11178		
11179	Ustilaginomycotina	0.0	11179		
11180	Ustilaginomycotina	0.0	11180		
11181	Ustilaginomycotina	0.0	11181		
11182	Ustilaginomycotina	0.0	11182		
11183	Ustilaginomycotina	0.0	11183		
11184	Ustilaginomycotina	0.0	11184		
11185	Ustilaginomycotina	0.0	11185		
11186	Ustilaginomycotina	0.0	11186		
11187	Ustilaginomycotina	0.0	11187		
11188	Ustilaginomycotina	0.0	11188		
11189	Ustilaginomycotina	0.0	11189		
11190	Ustilaginomycotina	0.0	11190		
11191	Ustilaginomycotina	0.0	11191		
11192	Ustilaginomycotina	0.0	11192		
11193	Ustilaginomycotina	0.0003255623732969336	11193		
11194	Ustilaginomycotina	0.0	11194		
11195	Ustilaginomycotina	0.0023116336670162708	11195		
11196	Ustilaginomycotina	0.0022142006733736172	11196		
11197	Ustilaginomycotina	0.0030432575540381454	11197		
11198	Ustilaginomycotina	0.006132981425807781	11198		
11199	Ustilaginomycotina	0.01751980184578685	11199		
11200	Ustilaginomycotina	0.018074007875463694	11200		
11201	Ustilaginomycotina	0.0	11201		
11202	Ustilaginomycotina	0.0	11202		
11203	Ustilaginomycotina	0.0	11203		
11204	Ustilaginomycotina	0.0	11204		
11205	Ustilaginomycotina	0.0	11205		
11206	Ustilaginomycotina	0.0	11206		
11207	Ustilaginomycotina	0.0	11207		
11208	Ustilaginomycotina	0.0	11208		
11209	Ustilaginomycotina	0.0	11209		
11210	Ustilaginomycotina	0.0	11210		
11211	Ustilaginomycotina	0.0	11211		
11212	Ustilaginomycotina	0.0	11212		
11213	Ustilaginomycotina	0.0	11213		
11214	Ustilaginomycotina	0.0	11214		
11215	Ustilaginomycotina	0.0	11215		
11216	Ustilaginomycotina	0.0	11216		
11217	Ustilaginomycotina	0.0	11217		
11218	Ustilaginomycotina	0.0	11218		
11219	Ustilaginomycotina	0.0	11219		
11220	Ustilaginomycotina	0.0	11220		
11221	Ustilaginomycotina	0.0	11221		
11222	Ustilaginomycotina	0.0	11222		
11223	Ustilaginomycotina	0.0	11223		
11224	Ustilaginomycotina	0.0	11224		
11225	Ustilaginomycotina	0.0	11225		
11226	Ustilaginomycotina	0.0	11226		
11227	Ustilaginomycotina	0.004716550515447483	11227		
11228	Ustilaginomycotina	0.00497843244319839	11228		
11229	Ustilaginomycotina	0.0	11229		
11230	Ustilaginomycotina	0.0	11230		
11231	Ustilaginomycotina	0.0006115028256098504	11231		
11232	Ustilaginomycotina	0.000757770888076751	11232		
11233	Ustilaginomycotina	0.0	11233		
11234	Ustilaginomycotina	0.00023372319907661603	11234		
11235	Ustilaginomycotina	0.0	11235		
11236	Ustilaginomycotina	0.0	11236		
11237	Ustilaginomycotina	0.0	11237		
11238	Ustilaginomycotina	0.0	11238		
11239	Ustilaginomycotina	0.0	11239		
11240	Ustilaginomycotina	0.0	11240		
11241	Ustilaginomycotina	0.0	11241		
11242	Ustilaginomycotina	0.0	11242		
11243	Ustilaginomycotina	0.0	11243		
11244	Ustilaginomycotina	0.0	11244		
11245	Ustilaginomycotina	0.0	11245		
11246	Ustilaginomycotina	0.0	11246		
11247	Ustilaginomycotina	0.0	11247		
11248	Ustilaginomycotina	0.0	11248		
11249	Ustilaginomycotina	0.0	11249		
11250	Ustilaginomycotina	0.0	11250		
11251	Ustilaginomycotina	0.0	11251		
11252	Ustilaginomycotina	0.0	11252		
11253	Ustilaginomycotina	0.0	11253		
11254	Ustilaginomycotina	0.0	11254		
11255	Ustilaginomycotina	0.0	11255		
11256	Ustilaginomycotina	0.0	11256		
11257	Ustilaginomycotina	0.0	11257		
11258	Ustilaginomycotina	0.008703660992014762	11258		
11259	Ustilaginomycotina	0.014045965061347875	11259		
11260	Ustilaginomycotina	0.041249028960223394	11260		
11261	Ustilaginomycotina	0.07659607333804096	11261		
11262	Ustilaginomycotina	0.04514569856163873	11262		
11263	Ustilaginomycotina	0.0	11263		
11264	Ustilaginomycotina	0.007948119864135812	11264		
11265	Ustilaginomycotina	0.0326992606540746	11265		
11266	Ustilaginomycotina	0.008378534421259609	11266		
11267	Ustilaginomycotina	0.07615286829751186	11267		
11268	Ustilaginomycotina	0.02308905040998806	11268		
11269	Ustilaginomycotina	0.013806518871544566	11269		
11270	Ustilaginomycotina	0.0076053934132096195	11270		
11271	Ustilaginomycotina	0.006002178675432669	11271		
11272	Ustilaginomycotina	0.012813244787930677	11272		
11273	Ustilaginomycotina	0.00963428195749026	11273		
11274	Ustilaginomycotina	0.0	11274		
11275	Ustilaginomycotina	0.013727454587987666	11275		
11276	Ustilaginomycotina	0.0	11276		
11277	Ustilaginomycotina	0.0014733363621557214	11277		
11278	Ustilaginomycotina	0.0	11278		
11279	Ustilaginomycotina	0.5749835045715902	11279		
11280	Ustilaginomycotina	0.0	11280		
11281	Ustilaginomycotina	0.0	11281		
11282	Ustilaginomycotina	0.0	11282		
11283	Ustilaginomycotina	0.001601773894109675	11283		
11284	Ustilaginomycotina	0.009254535294649082	11284		
11285	Ustilaginomycotina	0.0	11285		
11286	Ustilaginomycotina	0.027194040577285996	11286		
11287	Ustilaginomycotina	0.022538365612195556	11287		
11288	Ustilaginomycotina	0.029173932783852094	11288		
11289	Ustilaginomycotina	0.0	11289		
11290	Ustilaginomycotina	0.07679643592680986	11290		
11291	Ustilaginomycotina	0.012661384641154906	11291		
11292	Ustilaginomycotina	0.014756616442000907	11292		
11293	Ustilaginomycotina	0.0028601254813063457	11293		
11294	Ustilaginomycotina	0.012916145361386244	11294		
11295	Ustilaginomycotina	0.03591557296006041	11295		
11296	Ustilaginomycotina	0.0	11296		
11297	Ustilaginomycotina	0.022060304859290475	11297		
11298	Ustilaginomycotina	0.010936051725326985	11298		
11299	Ustilaginomycotina	0.005003083015485643	11299		
11300	Ustilaginomycotina	0.009987755367566438	11300		
11301	Ustilaginomycotina	0.01581816544601885	11301		
11302	Ustilaginomycotina	0.04596490283644037	11302		
11303	Ustilaginomycotina	0.011259918858117977	11303		
11304	Ustilaginomycotina	0.13293895275807205	11304		
11305	Ustilaginomycotina	0.014316334816280167	11305		
11306	Ustilaginomycotina	0.06093802375205002	11306		
11307	Ustilaginomycotina	0.0	11307		
11308	Ustilaginomycotina	0.06284109574524453	11308		
11309	Ustilaginomycotina	0.030363585453624706	11309		
11310	Ustilaginomycotina	0.04819879270011631	11310		
11311	Ustilaginomycotina	0.026335248938207875	11311		
11312	Ustilaginomycotina	0.00676253637020244	11312		
11313	Ustilaginomycotina	0.013948447400284445	11313		
11314	Ustilaginomycotina	0.02353843679840941	11314		
11315	Ustilaginomycotina	0.007233437707634965	11315		
11316	Ustilaginomycotina	0.006479654951137327	11316		
11317	Ustilaginomycotina	0.012730483722971423	11317		
11318	Ustilaginomycotina	0.0	11318		
11319	Ustilaginomycotina	0.0	11319		
11320	Ustilaginomycotina	0.0	11320		
11321	Ustilaginomycotina	0.0	11321		
11322	Ustilaginomycotina	0.0	11322		
11323	Ustilaginomycotina	0.003220811990676531	11323		
11324	Ustilaginomycotina	0.0	11324		
11325	Ustilaginomycotina	0.0	11325		
11326	Ustilaginomycotina	0.0	11326		
11327	Ustilaginomycotina	0.0	11327		
11328	Ustilaginomycotina	0.0	11328		
11329	Ustilaginomycotina	0.0	11329		
11330	Ustilaginomycotina	0.0	11330		
11331	Ustilaginomycotina	0.0	11331		
11332	Ustilaginomycotina	0.012014344512598491	11332		
11333	Ustilaginomycotina	0.18675621433537126	11333		
11334	Ustilaginomycotina	0.008193145019161893	11334		
11335	Ustilaginomycotina	0.0	11335		
11336	Ustilaginomycotina	0.04745916249290832	11336		
11337	Ustilaginomycotina	0.04782031622256155	11337		
11338	Ustilaginomycotina	0.007781365637392803	11338		
11339	Ustilaginomycotina	0.0	11339		
11340	Ustilaginomycotina	0.3040694095242479	11340		
11341	Ustilaginomycotina	0.3389114769718855	11341		
11342	Ustilaginomycotina	0.0	11342		
11343	Ustilaginomycotina	0.2595416519853393	11343		
11344	Ustilaginomycotina	0.37429819089207733	11344		
11345	Ustilaginomycotina	0.0	11345		
11346	Ustilaginomycotina	0.023125075047499048	11346		
11347	Ustilaginomycotina	0.022040043186763746	11347		
11348	Ustilaginomycotina	0.0	11348		
11349	Ustilaginomycotina	0.0	11349		
11350	Ustilaginomycotina	0.0	11350		
11351	Ustilaginomycotina	0.0	11351		
11352	Ustilaginomycotina	0.0	11352		
11353	Ustilaginomycotina	0.001278437858637683	11353		
11354	Ustilaginomycotina	0.0	11354		
11355	Ustilaginomycotina	0.0	11355		
11356	Ustilaginomycotina	0.0	11356		
11357	Ustilaginomycotina	0.0	11357		
11358	Ustilaginomycotina	0.0	11358		
11359	Ustilaginomycotina	0.0	11359		
11360	Ustilaginomycotina	0.0	11360		
11361	Ustilaginomycotina	0.0	11361		
11362	Ustilaginomycotina	0.001460959322278912	11362		
11363	Ustilaginomycotina	0.0	11363		
11364	Ustilaginomycotina	0.0	11364		
11365	Ustilaginomycotina	0.0	11365		
11366	Ustilaginomycotina	0.0	11366		
11367	Ustilaginomycotina	0.0	11367		
11368	Ustilaginomycotina	0.0	11368		
11369	Ustilaginomycotina	0.0	11369		
11370	Ustilaginomycotina	0.0	11370		
11371	Ustilaginomycotina	0.0	11371		
11372	Ustilaginomycotina	0.0	11372		
11373	Ustilaginomycotina	0.0	11373		
11374	Ustilaginomycotina	0.0	11374		
11375	Ustilaginomycotina	0.0	11375		
11376	Ustilaginomycotina	0.0	11376		
11377	Ustilaginomycotina	0.0	11377		
11378	Ustilaginomycotina	0.006082732331488725	11378		
11379	Ustilaginomycotina	0.0	11379		
11380	Ustilaginomycotina	0.0	11380		
11381	Ustilaginomycotina	0.01440017779264047	11381		
11382	Ustilaginomycotina	0.017333215235633644	11382		
11383	Ustilaginomycotina	0.020864641660007253	11383		
11384	Ustilaginomycotina	0.0	11384		
11385	Ustilaginomycotina	0.012986816515411548	11385		
11386	Ustilaginomycotina	0.019769406143305423	11386		
11387	Ustilaginomycotina	0.01433446069016656	11387		
11388	Ustilaginomycotina	0.002611447853594895	11388		
11389	Ustilaginomycotina	0.051195025566978976	11389		
11390	Ustilaginomycotina	0.006637900079125181	11390		
11391	Ustilaginomycotina	0.0	11391		
11392	Ustilaginomycotina	0.0009167583425009168	11392		
11393	Ustilaginomycotina	0.010724282070182948	11393		
11394	Ustilaginomycotina	0.018530766812674737	11394		
11395	Ustilaginomycotina	0.004411346348209698	11395		
11396	Ustilaginomycotina	0.030794906805585914	11396		
11397	Ustilaginomycotina	0.047187395209632166	11397		
11398	Ustilaginomycotina	0.030271856152108596	11398		
11399	Ustilaginomycotina	0.008645324984738212	11399		
11400	Ustilaginomycotina	0.0	11400		
11401	Ustilaginomycotina	0.0	11401		
11402	Ustilaginomycotina	0.0	11402		
11403	Ustilaginomycotina	0.0	11403		
11404	Ustilaginomycotina	0.0	11404		
11405	Ustilaginomycotina	0.01969592164946674	11405		
11406	Ustilaginomycotina	0.004998646787160439	11406		
11407	Ustilaginomycotina	0.0	11407		
11408	Ustilaginomycotina	0.012474464955838246	11408		
11409	Ustilaginomycotina	0.019788647958693235	11409		
11410	Ustilaginomycotina	0.0034090633753333702	11410		
11411	Ustilaginomycotina	0.00042304411173493963	11411		
11412	Ustilaginomycotina	0.009465288303687565	11412		
11413	Ustilaginomycotina	0.0	11413		
11414	Ustilaginomycotina	0.0	11414		
11415	Ustilaginomycotina	0.0	11415		
11416	Ustilaginomycotina	0.0	11416		
11417	Ustilaginomycotina	0.0	11417		
11418	Ustilaginomycotina	0.0	11418		
11419	Ustilaginomycotina	0.0	11419		
11420	Ustilaginomycotina	0.0	11420		
11421	Ustilaginomycotina	0.0	11421		
11422	Ustilaginomycotina	0.0	11422		
11423	Ustilaginomycotina	0.0	11423		
11424	Ustilaginomycotina	0.0	11424		
11425	Ustilaginomycotina	0.0	11425		
11426	Ustilaginomycotina	0.0	11426		
11427	Ustilaginomycotina	0.0	11427		
11428	Ustilaginomycotina	0.0	11428		
11429	Ustilaginomycotina	0.0	11429		
11430	Ustilaginomycotina	0.0	11430		
11431	Ustilaginomycotina	0.0	11431		
11432	Ustilaginomycotina	0.0	11432		
11433	Ustilaginomycotina	0.0	11433		
11434	Ustilaginomycotina	0.0	11434		
11435	Ustilaginomycotina	0.0	11435		
11436	Ustilaginomycotina	0.0	11436		
11437	Ustilaginomycotina	0.011953704914880193	11437		
11438	Ustilaginomycotina	0.0	11438		
11439	Ustilaginomycotina	0.0	11439		
11440	Ustilaginomycotina	0.0	11440		
11441	Ustilaginomycotina	0.0	11441		
11442	Ustilaginomycotina	0.0	11442		
11443	Ustilaginomycotina	0.0013270696984043094	11443		
11444	Ustilaginomycotina	0.0	11444		
11445	Ustilaginomycotina	0.0	11445		
11446	Ustilaginomycotina	0.0	11446		
11447	Ustilaginomycotina	0.0	11447		
11448	Ustilaginomycotina	0.0	11448		
11449	Ustilaginomycotina	0.0	11449		
11450	Ustilaginomycotina	0.0	11450		
11451	Ustilaginomycotina	0.0	11451		
11452	Ustilaginomycotina	0.0	11452		
11453	Ustilaginomycotina	0.0	11453		
11454	Ustilaginomycotina	0.0	11454		
11455	Ustilaginomycotina	0.0	11455		
11456	Ustilaginomycotina	0.0	11456		
11457	Ustilaginomycotina	0.0	11457		
11458	Ustilaginomycotina	0.0	11458		
11459	Ustilaginomycotina	0.0	11459		
11460	Ustilaginomycotina	0.0	11460		
11461	Ustilaginomycotina	0.0	11461		
11462	Ustilaginomycotina	0.0	11462		
11463	Ustilaginomycotina	0.0	11463		
11464	Ustilaginomycotina	0.0	11464		
11465	Ustilaginomycotina	0.0	11465		
11466	Ustilaginomycotina	0.0	11466		
11467	Ustilaginomycotina	0.0	11467		
11468	Ustilaginomycotina	0.0	11468		
11469	Ustilaginomycotina	0.0	11469		
11470	Ustilaginomycotina	0.0	11470		
11471	Ustilaginomycotina	0.0	11471		
11472	Ustilaginomycotina	0.0	11472		
11473	Ustilaginomycotina	0.0	11473		
11474	Ustilaginomycotina	0.0	11474		
11475	Ustilaginomycotina	0.0	11475		
11476	Ustilaginomycotina	0.0	11476		
11477	Ustilaginomycotina	0.0	11477		
11478	Ustilaginomycotina	0.0	11478		
11479	Ustilaginomycotina	0.0	11479		
11480	Ustilaginomycotina	0.01671503853470449	11480		
11481	Ustilaginomycotina	0.0	11481		
11482	Ustilaginomycotina	0.0	11482		
11483	Ustilaginomycotina	0.0	11483		
11484	Ustilaginomycotina	0.0	11484		
11485	Ustilaginomycotina	0.0	11485		
11486	Ustilaginomycotina	0.0	11486		
11487	Ustilaginomycotina	0.0	11487		
11488	Ustilaginomycotina	0.0	11488		
11489	Ustilaginomycotina	0.0	11489		
11490	Ustilaginomycotina	0.0	11490		
11491	Ustilaginomycotina	0.0	11491		
11492	Ustilaginomycotina	0.0	11492		
11493	Ustilaginomycotina	0.01537103814376318	11493		
11494	Ustilaginomycotina	0.0	11494		
11495	Ustilaginomycotina	0.0	11495		
11496	Ustilaginomycotina	0.0	11496		
11497	Ustilaginomycotina	0.0	11497		
11498	Ustilaginomycotina	0.0	11498		
11499	Ustilaginomycotina	0.000765879750752094	11499		
11500	Ustilaginomycotina	0.0	11500		
11501	Ustilaginomycotina	0.0	11501		
11502	Ustilaginomycotina	0.0	11502		
11503	Ustilaginomycotina	0.0	11503		
11504	Ustilaginomycotina	0.0	11504		
11505	Ustilaginomycotina	0.0	11505		
11506	Ustilaginomycotina	0.0	11506		
11507	Ustilaginomycotina	0.0	11507		
11508	Ustilaginomycotina	0.0	11508		
11509	Ustilaginomycotina	0.0	11509		
11510	Ustilaginomycotina	0.0	11510		
11511	Ustilaginomycotina	0.0	11511		
11512	Ustilaginomycotina	0.0	11512		
11513	Ustilaginomycotina	0.0	11513		
11514	Ustilaginomycotina	0.0	11514		
11515	Ustilaginomycotina	0.0	11515		
11516	Ustilaginomycotina	0.0013500515030286156	11516		
11517	Ustilaginomycotina	0.0	11517		
11518	Ustilaginomycotina	0.0	11518		
11519	Ustilaginomycotina	0.002368297172471788	11519		
11520	Ustilaginomycotina	0.0	11520		
11521	Ustilaginomycotina	0.0	11521		
11522	Ustilaginomycotina	0.0	11522		
11523	Ustilaginomycotina	0.0	11523		
11524	Ustilaginomycotina	0.0	11524		
11525	Ustilaginomycotina	0.0	11525		
11526	Ustilaginomycotina	0.0	11526		
11527	Ustilaginomycotina	0.0	11527		
11528	Ustilaginomycotina	0.0	11528		
11529	Ustilaginomycotina	0.0	11529		
11530	Ustilaginomycotina	0.0	11530		
11531	Ustilaginomycotina	0.0	11531		
11532	Ustilaginomycotina	0.0	11532		
11533	Ustilaginomycotina	0.0	11533		
11534	Ustilaginomycotina	0.0	11534		
11535	Ustilaginomycotina	0.0	11535		
11536	Ustilaginomycotina	0.0	11536		
11537	Ustilaginomycotina	0.0	11537		
11538	Ustilaginomycotina	0.0	11538		
11539	Ustilaginomycotina	0.0	11539		
11540	Ustilaginomycotina	0.0	11540		
11541	Ustilaginomycotina	0.0	11541		
11542	Ustilaginomycotina	0.0	11542		
11543	Ustilaginomycotina	0.001056344292627384	11543		
11544	Ustilaginomycotina	0.0	11544		
11545	Ustilaginomycotina	0.0001348132494880434	11545		
11546	Ustilaginomycotina	0.00037100244861616087	11546		
11547	Ustilaginomycotina	0.00013910523009453592	11547		
11548	Ustilaginomycotina	9.127672076895946e-05	11548		
11549	Ustilaginomycotina	0.0001391052332929269	11549		
11550	Ustilaginomycotina	0.0	11550		
11551	Ustilaginomycotina	0.0	11551		
11552	Ustilaginomycotina	0.00542684484471559	11552		
11553	Ustilaginomycotina	0.0	11553		
11554	Ustilaginomycotina	0.0026308961971363547	11554		
11555	Ustilaginomycotina	0.0010899705271969445	11555		
11556	Ustilaginomycotina	0.0017975257108245907	11556		
11557	Ustilaginomycotina	0.003440838332813414	11557		
11558	Ustilaginomycotina	0.0	11558		
11559	Ustilaginomycotina	0.0	11559		
11560	Ustilaginomycotina	0.0	11560		
11561	Ustilaginomycotina	0.0	11561		
11562	Ustilaginomycotina	0.0	11562		
11563	Ustilaginomycotina	0.0	11563		
11564	Ustilaginomycotina	0.0	11564		
11565	Ustilaginomycotina	0.0	11565		
11566	Ustilaginomycotina	0.0	11566		
11567	Ustilaginomycotina	0.0	11567		
11568	Ustilaginomycotina	0.0	11568		
11569	Ustilaginomycotina	0.0	11569		
11570	Ustilaginomycotina	0.0	11570		
11571	Ustilaginomycotina	0.0	11571		
11572	Ustilaginomycotina	0.13519011861600588	11572		
11573	Ustilaginomycotina	0.0035770577284010875	11573		
11574	Ustilaginomycotina	0.0011330559729650644	11574		
11575	Ustilaginomycotina	0.02025707667711035	11575		
11576	Ustilaginomycotina	0.0022737156226911733	11576		
11577	Ustilaginomycotina	0.0	11577		
11578	Ustilaginomycotina	0.0	11578		
11579	Ustilaginomycotina	0.004453570032504139	11579		
11580	Ustilaginomycotina	0.004243956319184082	11580		
11581	Ustilaginomycotina	0.02729708588611367	11581		
11582	Ustilaginomycotina	0.00664501893533744	11582		
11583	Ustilaginomycotina	0.018672100661434314	11583		
11584	Ustilaginomycotina	0.004262468124938823	11584		
11585	Ustilaginomycotina	0.0	11585		
11586	Wallemiomycotina	0.0	11586		
11587	Wallemiomycotina	0.0	11587		
11588	Wallemiomycotina	0.0	11588		
11589	Wallemiomycotina	0.0	11589		
11590	Wallemiomycotina	0.0	11590		
11591	Wallemiomycotina	0.0	11591		
11592	Wallemiomycotina	0.0	11592		
11593	Wallemiomycotina	0.0	11593		
11594	Wallemiomycotina	0.0	11594		
11595	Wallemiomycotina	0.0	11595		
11596	Wallemiomycotina	0.0	11596		
11597	Wallemiomycotina	0.0	11597		
11598	Wallemiomycotina	0.0	11598		
11599	Wallemiomycotina	0.0	11599		
11600	Wallemiomycotina	0.0	11600		
11601	Wallemiomycotina	0.0	11601		
11602	Wallemiomycotina	0.0	11602		
11603	Wallemiomycotina	0.0	11603		
11604	Wallemiomycotina	0.0	11604		
11605	Wallemiomycotina	0.0	11605		
11606	Wallemiomycotina	0.0	11606		
11607	Wallemiomycotina	0.0	11607		
11608	Wallemiomycotina	0.0	11608		
11609	Wallemiomycotina	0.0	11609		
11610	Wallemiomycotina	0.0	11610		
11611	Wallemiomycotina	0.0	11611		
11612	Wallemiomycotina	0.0	11612		
11613	Wallemiomycotina	0.0	11613		
11614	Wallemiomycotina	0.0	11614		
11615	Wallemiomycotina	0.0	11615		
11616	Wallemiomycotina	0.0	11616		
11617	Wallemiomycotina	0.0	11617		
11618	Wallemiomycotina	0.0	11618		
11619	Wallemiomycotina	0.0	11619		
11620	Wallemiomycotina	0.0	11620		
11621	Wallemiomycotina	0.0	11621		
11622	Wallemiomycotina	0.0	11622		
11623	Wallemiomycotina	0.0	11623		
11624	Wallemiomycotina	0.0	11624		
11625	Wallemiomycotina	0.0	11625		
11626	Wallemiomycotina	0.0	11626		
11627	Wallemiomycotina	0.0	11627		
11628	Wallemiomycotina	0.0	11628		
11629	Wallemiomycotina	0.0	11629		
11630	Wallemiomycotina	0.0	11630		
11631	Wallemiomycotina	0.0	11631		
11632	Wallemiomycotina	0.0	11632		
11633	Wallemiomycotina	0.09853993229288649	11633		
11634	Wallemiomycotina	0.018243773547018123	11634		
11635	Wallemiomycotina	0.022905334567134866	11635		
11636	Wallemiomycotina	0.0	11636		
11637	Wallemiomycotina	0.0	11637		
11638	Wallemiomycotina	0.0	11638		
11639	Wallemiomycotina	0.0	11639		
11640	Wallemiomycotina	0.0	11640		
11641	Wallemiomycotina	0.0	11641		
11642	Wallemiomycotina	0.0	11642		
11643	Wallemiomycotina	0.0	11643		
11644	Wallemiomycotina	0.0	11644		
11645	Wallemiomycotina	0.0	11645		
11646	Wallemiomycotina	0.0	11646		
11647	Wallemiomycotina	0.0	11647		
11648	Wallemiomycotina	0.0	11648		
11649	Wallemiomycotina	0.0	11649		
11650	Wallemiomycotina	0.0	11650		
11651	Wallemiomycotina	0.0	11651		
11652	Wallemiomycotina	0.0	11652		
11653	Wallemiomycotina	0.0	11653		
11654	Wallemiomycotina	0.0	11654		
11655	Wallemiomycotina	0.0	11655		
11656	Wallemiomycotina	0.0	11656		
11657	Wallemiomycotina	0.0	11657		
11658	Wallemiomycotina	0.0	11658		
11659	Wallemiomycotina	0.0	11659		
11660	Wallemiomycotina	0.0	11660		
11661	Wallemiomycotina	0.0	11661		
11662	Wallemiomycotina	0.02668364334684324	11662		
11663	Wallemiomycotina	0.04119778772939738	11663		
11664	Wallemiomycotina	0.036432515342314176	11664		
11665	Wallemiomycotina	0.13820536961521288	11665		
11666	Wallemiomycotina	0.022023617782856532	11666		
11667	Wallemiomycotina	0.025296971333511078	11667		
11668	Wallemiomycotina	0.0	11668		
11669	Wallemiomycotina	0.05064507614808665	11669		
11670	Wallemiomycotina	0.0	11670		
11671	Wallemiomycotina	0.006381743440423831	11671		
11672	Wallemiomycotina	0.0	11672		
11673	Wallemiomycotina	0.13856967986110244	11673		
11674	Wallemiomycotina	0.01125656502312456	11674		
11675	Wallemiomycotina	0.020663757603676773	11675		
11676	Wallemiomycotina	0.0	11676		
11677	Wallemiomycotina	0.0	11677		
11678	Wallemiomycotina	0.013623681792234192	11678		
11679	Wallemiomycotina	0.008339855528041161	11679		
11680	Wallemiomycotina	0.00594707641005002	11680		
11681	Wallemiomycotina	0.08544100483943934	11681		
11682	Wallemiomycotina	0.0	11682		
11683	Wallemiomycotina	0.007897806835985082	11683		
11684	Wallemiomycotina	0.0	11684		
11685	Wallemiomycotina	0.0	11685		
11686	Wallemiomycotina	0.008246874022401809	11686		
11687	Wallemiomycotina	0.009288142649285125	11687		
11688	Wallemiomycotina	0.0	11688		
11689	Wallemiomycotina	0.0	11689		
11690	Wallemiomycotina	0.0	11690		
11691	Wallemiomycotina	0.0	11691		
11692	Wallemiomycotina	0.005231945529363382	11692		
11693	Wallemiomycotina	0.0	11693		
11694	Wallemiomycotina	0.0	11694		
11695	Wallemiomycotina	0.0	11695		
11696	Wallemiomycotina	0.0	11696		
11697	Wallemiomycotina	0.0	11697		
11698	Wallemiomycotina	0.0	11698		
11699	Wallemiomycotina	0.0	11699		
11700	Wallemiomycotina	0.0	11700		
11701	Wallemiomycotina	0.0	11701		
11702	Wallemiomycotina	0.0	11702		
11703	Wallemiomycotina	0.0	11703		
11704	Wallemiomycotina	0.0	11704		
11705	Wallemiomycotina	0.15087941634840984	11705		
11706	Wallemiomycotina	0.0	11706		
11707	Wallemiomycotina	0.0	11707		
11708	Wallemiomycotina	0.00898963495090161	11708		
11709	Wallemiomycotina	0.0	11709		
11710	Wallemiomycotina	0.009963638219196522	11710		
11711	Wallemiomycotina	0.0	11711		
11712	Wallemiomycotina	0.0	11712		
11713	Wallemiomycotina	0.0	11713		
11714	Wallemiomycotina	0.0	11714		
11715	Wallemiomycotina	0.0	11715		
11716	Wallemiomycotina	0.0	11716		
11717	Wallemiomycotina	0.0	11717		
11718	Wallemiomycotina	0.0	11718		
11719	Wallemiomycotina	0.0	11719		
11720	Wallemiomycotina	0.0	11720		
11721	Wallemiomycotina	0.0	11721		
11722	Wallemiomycotina	0.0	11722		
11723	Wallemiomycotina	0.0	11723		
11724	Wallemiomycotina	0.0	11724		
11725	Wallemiomycotina	0.0	11725		
11726	Wallemiomycotina	0.0	11726		
11727	Wallemiomycotina	0.0	11727		
11728	Wallemiomycotina	0.0	11728		
11729	Wallemiomycotina	0.0	11729		
11730	Wallemiomycotina	0.0	11730		
11731	Wallemiomycotina	0.0	11731		
11732	Wallemiomycotina	0.0	11732		
11733	Wallemiomycotina	0.0	11733		
11734	Wallemiomycotina	0.0	11734		
11735	Wallemiomycotina	0.0	11735		
11736	Wallemiomycotina	0.0	11736		
11737	Wallemiomycotina	0.0	11737		
11738	Wallemiomycotina	0.0	11738		
11739	Wallemiomycotina	0.0	11739		
11740	Wallemiomycotina	0.0	11740		
11741	Wallemiomycotina	0.0	11741		
11742	Wallemiomycotina	0.0	11742		
11743	Wallemiomycotina	0.0	11743		
11744	Wallemiomycotina	0.0	11744		
11745	Wallemiomycotina	0.0	11745		
11746	Wallemiomycotina	0.0	11746		
11747	Wallemiomycotina	0.0	11747		
11748	Wallemiomycotina	0.0	11748		
11749	Wallemiomycotina	0.0	11749		
11750	Wallemiomycotina	0.0	11750		
11751	Wallemiomycotina	0.0	11751		
11752	Wallemiomycotina	0.0	11752		
11753	Wallemiomycotina	0.0	11753		
11754	Wallemiomycotina	0.10223950064766733	11754		
11755	Wallemiomycotina	0.010979129717672426	11755		
11756	Wallemiomycotina	0.025942817886236043	11756		
11757	Wallemiomycotina	0.0	11757		
11758	Wallemiomycotina	0.0	11758		
11759	Wallemiomycotina	0.0	11759		
11760	Wallemiomycotina	0.0	11760		
11761	Wallemiomycotina	0.0	11761		
11762	Wallemiomycotina	0.0	11762		
11763	Wallemiomycotina	0.0	11763		
11764	Wallemiomycotina	0.0	11764		
11765	Wallemiomycotina	0.0	11765		
11766	Wallemiomycotina	0.0	11766		
11767	Wallemiomycotina	0.0	11767		
11768	Wallemiomycotina	0.0	11768		
11769	Wallemiomycotina	0.0	11769		
11770	Wallemiomycotina	0.0	11770		
11771	Wallemiomycotina	0.0	11771		
11772	Wallemiomycotina	0.0	11772		
11773	Wallemiomycotina	0.0	11773		
11774	Wallemiomycotina	0.0	11774		
11775	Wallemiomycotina	0.0	11775		
11776	Wallemiomycotina	0.0	11776		
11777	Wallemiomycotina	0.0	11777		
11778	Wallemiomycotina	0.0	11778		
11779	Wallemiomycotina	0.0	11779		
11780	Wallemiomycotina	0.0	11780		
11781	Wallemiomycotina	0.0	11781		
11782	Wallemiomycotina	0.0	11782		
11783	Wallemiomycotina	0.0	11783		
11784	Wallemiomycotina	0.0	11784		
11785	Wallemiomycotina	0.0	11785		
11786	Wallemiomycotina	0.0	11786		
11787	Wallemiomycotina	0.0	11787		
11788	Wallemiomycotina	0.0	11788		
11789	Wallemiomycotina	0.0	11789		
11790	Wallemiomycotina	0.0	11790		
11791	Wallemiomycotina	0.0	11791		
11792	Wallemiomycotina	0.0	11792		
11793	Wallemiomycotina	0.0	11793		
11794	Wallemiomycotina	0.0	11794		
11795	Wallemiomycotina	0.0	11795		
11796	Wallemiomycotina	0.0	11796		
11797	Wallemiomycotina	0.0	11797		
11798	Wallemiomycotina	0.0	11798		
11799	Wallemiomycotina	0.0	11799		
11800	Wallemiomycotina	0.0	11800		
11801	Wallemiomycotina	0.0	11801		
11802	Wallemiomycotina	0.0	11802		
11803	Wallemiomycotina	0.0	11803		
11804	Wallemiomycotina	0.0	11804		
11805	Wallemiomycotina	0.0	11805		
11806	Wallemiomycotina	0.0	11806		
11807	Wallemiomycotina	0.0	11807		
11808	Wallemiomycotina	0.0	11808		
11809	Wallemiomycotina	0.0	11809		
11810	Wallemiomycotina	0.0	11810		
11811	Wallemiomycotina	0.0	11811		
11812	Wallemiomycotina	0.0	11812		
11813	Wallemiomycotina	0.0	11813		
11814	Wallemiomycotina	0.0	11814		
11815	Wallemiomycotina	0.0	11815		
11816	Wallemiomycotina	0.0	11816		
11817	Wallemiomycotina	0.001565784247174466	11817		
11818	Wallemiomycotina	0.0	11818		
11819	Wallemiomycotina	0.0	11819		
11820	Wallemiomycotina	0.0	11820		
11821	Wallemiomycotina	0.0	11821		
11822	Wallemiomycotina	0.0	11822		
11823	Wallemiomycotina	0.0	11823		
11824	Wallemiomycotina	0.0	11824		
11825	Wallemiomycotina	0.0	11825		
11826	Wallemiomycotina	0.0	11826		
11827	Wallemiomycotina	0.0	11827		
11828	Wallemiomycotina	0.0	11828		
11829	Wallemiomycotina	0.0027715737223212504	11829		
11830	Wallemiomycotina	0.0	11830		
11831	Wallemiomycotina	0.0	11831		
11832	Wallemiomycotina	0.0035537038171680655	11832		
11833	Wallemiomycotina	0.0055626196454869456	11833		
11834	Wallemiomycotina	0.0	11834		
11835	Wallemiomycotina	0.0	11835		
11836	Wallemiomycotina	0.0021759723638834216	11836		
11837	Wallemiomycotina	0.0	11837		
11838	Wallemiomycotina	0.0	11838		
11839	Wallemiomycotina	0.0	11839		
11840	Wallemiomycotina	0.0	11840		
11841	Wallemiomycotina	0.0	11841		
11842	Wallemiomycotina	0.0	11842		
11843	Wallemiomycotina	0.0	11843		
11844	Wallemiomycotina	0.0	11844		
11845	Wallemiomycotina	0.0	11845		
11846	Wallemiomycotina	0.0	11846		
11847	Wallemiomycotina	0.0	11847		
11848	Wallemiomycotina	0.0	11848		
11849	Wallemiomycotina	0.0	11849		
11850	Wallemiomycotina	0.0	11850		
11851	Wallemiomycotina	0.0	11851		
11852	Wallemiomycotina	0.0	11852		
11853	Wallemiomycotina	0.0	11853		
11854	Wallemiomycotina	0.0	11854		
11855	Wallemiomycotina	0.0	11855		
11856	Wallemiomycotina	0.0	11856		
11857	Wallemiomycotina	0.0	11857		
11858	Wallemiomycotina	0.0	11858		
11859	Wallemiomycotina	0.0	11859		
11860	Wallemiomycotina	0.0	11860		
11861	Wallemiomycotina	0.0	11861		
11862	Wallemiomycotina	0.0	11862		
11863	Wallemiomycotina	0.0	11863		
11864	Wallemiomycotina	0.0	11864		
11865	Wallemiomycotina	0.0	11865		
11866	Wallemiomycotina	0.0	11866		
11867	Wallemiomycotina	0.0	11867		
11868	Wallemiomycotina	0.0	11868		
11869	Wallemiomycotina	0.0	11869		
11870	Wallemiomycotina	0.0	11870		
11871	Wallemiomycotina	0.0	11871		
11872	Wallemiomycotina	0.0	11872		
11873	Wallemiomycotina	0.0	11873		
11874	Wallemiomycotina	0.0	11874		
11875	Wallemiomycotina	0.0	11875		
11876	Wallemiomycotina	0.0	11876		
11877	Wallemiomycotina	0.0	11877		
11878	Wallemiomycotina	0.0	11878		
11879	Wallemiomycotina	0.0	11879		
11880	Wallemiomycotina	0.0	11880		
11881	Wallemiomycotina	0.0	11881		
11882	Wallemiomycotina	0.0	11882		
11883	Wallemiomycotina	0.0	11883		
11884	Wallemiomycotina	0.0	11884		
11885	Wallemiomycotina	0.0	11885		
11886	Wallemiomycotina	0.011542928873915146	11886		
11887	Wallemiomycotina	0.0	11887		
11888	Wallemiomycotina	0.0	11888		
11889	Wallemiomycotina	0.0	11889		
11890	Wallemiomycotina	0.0	11890		
11891	Wallemiomycotina	0.0	11891		
11892	Wallemiomycotina	0.0	11892		
11893	Wallemiomycotina	0.0	11893		
11894	Wallemiomycotina	0.0	11894		
11895	Wallemiomycotina	0.0	11895		
11896	Wallemiomycotina	0.0018748558015317352	11896		
11897	Wallemiomycotina	0.0	11897		
11898	Wallemiomycotina	0.0	11898		
11899	Wallemiomycotina	0.0	11899		
11900	Wallemiomycotina	0.0	11900		
11901	Wallemiomycotina	0.0	11901		
11902	Wallemiomycotina	0.0	11902		
11903	Wallemiomycotina	0.0	11903		
11904	Wallemiomycotina	0.0	11904		
11905	Wallemiomycotina	0.0	11905		
11906	Wallemiomycotina	0.0	11906		
11907	Wallemiomycotina	0.0	11907		
11908	Wallemiomycotina	0.0	11908		
11909	Wallemiomycotina	0.0	11909		
11910	Wallemiomycotina	0.0	11910		
11911	Wallemiomycotina	0.0	11911		
11912	Wallemiomycotina	0.0	11912		
11913	Wallemiomycotina	0.0	11913		
11914	Wallemiomycotina	0.0	11914		
11915	Wallemiomycotina	0.0	11915		
11916	Wallemiomycotina	0.0	11916		
11917	Wallemiomycotina	0.0	11917		
11918	Wallemiomycotina	0.0	11918		
11919	Wallemiomycotina	0.0	11919		
11920	Wallemiomycotina	0.0	11920		
11921	Wallemiomycotina	0.0	11921		
11922	Wallemiomycotina	0.0	11922		
11923	Wallemiomycotina	0.0	11923		
11924	Wallemiomycotina	0.0	11924		
11925	Wallemiomycotina	0.0	11925		
11926	Wallemiomycotina	0.0	11926		
11927	Wallemiomycotina	0.0	11927		
11928	Wallemiomycotina	0.0	11928		
11929	Wallemiomycotina	0.0	11929		
11930	Wallemiomycotina	0.0	11930		
11931	Wallemiomycotina	0.03492544474011616	11931		
11932	Wallemiomycotina	0.028494975740014982	11932		
11933	Wallemiomycotina	0.0	11933		
11934	Wallemiomycotina	0.0	11934		
11935	Wallemiomycotina	0.0	11935		
11936	Wallemiomycotina	0.002628271766067213	11936		
11937	Wallemiomycotina	0.0038529874013526473	11937		
11938	Wallemiomycotina	0.0	11938		
11939	Wallemiomycotina	0.0	11939		
11940	Wallemiomycotina	0.0	11940		
11941	Wallemiomycotina	0.0	11941		
11942	Wallemiomycotina	0.0	11942		
11943	Wallemiomycotina	0.0	11943		
11944	Wallemiomycotina	0.01391187298459965	11944		
11945	Wallemiomycotina	0.0	11945		
11946	Wallemiomycotina	0.10477019438647796	11946		
11947	Wallemiomycotina	0.0	11947		
11948	Wallemiomycotina	0.0	11948		
11949	Wallemiomycotina	0.0	11949		
11950	Wallemiomycotina	0.0	11950		
11951	Wallemiomycotina	0.0	11951		
11952	Wallemiomycotina	0.0	11952		
11953	Wallemiomycotina	0.0	11953		
11954	Wallemiomycotina	0.0	11954		
11955	Wallemiomycotina	0.0	11955		
11956	Wallemiomycotina	0.0	11956		
11957	Wallemiomycotina	0.0	11957		
11958	Wallemiomycotina	0.0	11958		
11959	Wallemiomycotina	0.0	11959		
11960	Wallemiomycotina	0.0	11960		
11961	Wallemiomycotina	0.0	11961		
11962	Wallemiomycotina	0.0	11962		
11963	Wallemiomycotina	0.0	11963		
11964	Wallemiomycotina	0.0	11964		
11965	Wallemiomycotina	0.0	11965		
11966	Wallemiomycotina	0.0118359322366084	11966		
11967	Wallemiomycotina	0.0	11967		
11968	Wallemiomycotina	0.0	11968		
11969	Wallemiomycotina	0.0	11969		
11970	Wallemiomycotina	0.0	11970		
11971	Wallemiomycotina	0.0	11971		
11972	Wallemiomycotina	0.005646097315223886	11972		
11973	Wallemiomycotina	0.0	11973		
11974	Wallemiomycotina	0.0	11974		
11975	Wallemiomycotina	0.0	11975		
11976	Wallemiomycotina	0.0	11976		
11977	Wallemiomycotina	0.0	11977		
11978	Wallemiomycotina	0.021549880268221265	11978		
11979	Wallemiomycotina	0.012371607707975012	11979		
11980	Wallemiomycotina	0.0	11980		
11981	Wallemiomycotina	0.0	11981		
11982	Wallemiomycotina	0.0	11982		
11983	Wallemiomycotina	0.0	11983		
11984	Wallemiomycotina	0.0	11984		
11985	Wallemiomycotina	0.0	11985		
11986	Wallemiomycotina	0.0032354740500913906	11986		
11987	Wallemiomycotina	0.0	11987		
11988	Wallemiomycotina	0.0	11988		
11989	Wallemiomycotina	0.0	11989		
11990	Wallemiomycotina	0.0	11990		
11991	Wallemiomycotina	0.0	11991		
11992	Wallemiomycotina	0.0	11992		
11993	Wallemiomycotina	0.0009649652342893016	11993		
11994	Wallemiomycotina	0.0	11994		
11995	Wallemiomycotina	0.0824833208091977	11995		
11996	Wallemiomycotina	0.0	11996		
11997	Wallemiomycotina	0.0	11997		
11998	Wallemiomycotina	0.0	11998		
11999	Wallemiomycotina	0.0024112733349221207	11999		
12000	Wallemiomycotina	0.015403600214010806	12000		
12001	Wallemiomycotina	0.0	12001		
12002	Wallemiomycotina	0.0	12002		
12003	Wallemiomycotina	0.0021948398464496847	12003		
12004	Wallemiomycotina	0.0	12004		
12005	Wallemiomycotina	0.0	12005		
12006	Wallemiomycotina	0.0	12006		
12007	Wallemiomycotina	0.0014321087660386096	12007		
12008	Wallemiomycotina	0.0	12008		
12009	Wallemiomycotina	0.0	12009		
12010	Wallemiomycotina	0.0	12010		
12011	Wallemiomycotina	0.0	12011		
12012	Wallemiomycotina	0.015980838712402867	12012		
12013	Wallemiomycotina	0.0	12013		
12014	Wallemiomycotina	0.0	12014		
12015	Wallemiomycotina	0.0	12015		
12016	Wallemiomycotina	0.0	12016		
12017	Wallemiomycotina	0.0	12017		
12018	Wallemiomycotina	0.0	12018		
12019	Wallemiomycotina	0.0	12019		
12020	Wallemiomycotina	0.0	12020		
12021	Wallemiomycotina	0.0	12021		
12022	Wallemiomycotina	0.002500307435761234	12022		
12023	Wallemiomycotina	0.0	12023		
12024	Wallemiomycotina	0.0	12024		
12025	Wallemiomycotina	0.0	12025		
12026	Wallemiomycotina	0.0	12026		
12027	Wallemiomycotina	0.0	12027		
12028	Wallemiomycotina	0.0	12028		
12029	Wallemiomycotina	0.0	12029		
12030	Wallemiomycotina	0.0	12030		
12031	Wallemiomycotina	0.0	12031		
12032	Wallemiomycotina	0.0	12032		
12033	Wallemiomycotina	0.0	12033		
12034	Wallemiomycotina	0.0	12034		
12035	Wallemiomycotina	0.0	12035		
12036	Wallemiomycotina	0.0	12036		
12037	Wallemiomycotina	0.00807047187280424	12037		
12038	Wallemiomycotina	0.0	12038		
12039	Wallemiomycotina	0.0	12039		
12040	Wallemiomycotina	0.0	12040		
12041	Wallemiomycotina	0.0	12041		
12042	Wallemiomycotina	0.0	12042		
12043	Wallemiomycotina	0.0	12043		
12044	Wallemiomycotina	0.0	12044		
12045	Wallemiomycotina	0.0	12045		
12046	Wallemiomycotina	0.0	12046		
12047	Wallemiomycotina	0.0	12047		
12048	Wallemiomycotina	0.0	12048		
12049	Wallemiomycotina	0.0	12049		
12050	Wallemiomycotina	0.0	12050		
12051	Wallemiomycotina	0.0	12051		
12052	Wallemiomycotina	0.0	12052		
12053	Wallemiomycotina	0.0	12053		
12054	Wallemiomycotina	0.0	12054		
12055	Wallemiomycotina	0.0	12055		
12056	Wallemiomycotina	0.0	12056		
12057	Wallemiomycotina	0.0	12057		
12058	Wallemiomycotina	0.0	12058		
12059	Wallemiomycotina	0.0	12059		
12060	Wallemiomycotina	0.0	12060		
12061	Wallemiomycotina	0.0	12061		
12062	Wallemiomycotina	0.0	12062		
12063	Wallemiomycotina	0.0	12063		
12064	Wallemiomycotina	0.0	12064		
12065	Wallemiomycotina	0.0	12065		
12066	Wallemiomycotina	0.0	12066		
12067	Wallemiomycotina	0.0	12067		
12068	Wallemiomycotina	0.0	12068		
12069	Wallemiomycotina	0.0	12069		
12070	Wallemiomycotina	0.0	12070		
12071	Wallemiomycotina	0.0	12071		
12072	Wallemiomycotina	0.0	12072		
12073	Wallemiomycotina	0.0	12073		
12074	Wallemiomycotina	0.0	12074		
12075	Wallemiomycotina	0.0	12075		
12076	Wallemiomycotina	0.0	12076		
12077	Wallemiomycotina	0.0	12077		
12078	Wallemiomycotina	0.0	12078		
12079	Wallemiomycotina	0.0	12079		
12080	Wallemiomycotina	0.0	12080		
12081	Wallemiomycotina	0.0	12081		
12082	Wallemiomycotina	0.0	12082		
12083	Wallemiomycotina	0.0	12083		
12084	Wallemiomycotina	0.0	12084		
12085	Wallemiomycotina	0.0	12085		
12086	Wallemiomycotina	0.0	12086		
12087	Wallemiomycotina	0.0	12087		
12088	Wallemiomycotina	0.0	12088		
12089	Wallemiomycotina	0.0	12089		
12090	Wallemiomycotina	0.0	12090		
12091	Wallemiomycotina	0.0	12091		
12092	Wallemiomycotina	0.0	12092		
12093	Wallemiomycotina	0.0	12093		
12094	Wallemiomycotina	0.007300540209870209	12094		
12095	Wallemiomycotina	0.013418538063562637	12095		
12096	Wallemiomycotina	0.0	12096		
12097	Wallemiomycotina	0.028591250611890814	12097		
12098	Wallemiomycotina	0.004800316304713068	12098		
12099	Wallemiomycotina	0.0	12099		
12100	Wallemiomycotina	0.0	12100		
12101	Wallemiomycotina	0.0	12101		
12102	Wallemiomycotina	0.0	12102		
12103	Wallemiomycotina	0.0	12103		
12104	Wallemiomycotina	0.0005909711809234194	12104		
12105	Wallemiomycotina	0.0006455432771578047	12105		
12106	Wallemiomycotina	0.0	12106		
12107	Wallemiomycotina	0.0	12107		
12108	Wallemiomycotina	0.0	12108		
12109	Wallemiomycotina	0.0	12109		
12110	Wallemiomycotina	0.0	12110		
12111	Wallemiomycotina	0.0	12111		
12112	Wallemiomycotina	0.0	12112		
12113	Wallemiomycotina	0.0	12113		
12114	Wallemiomycotina	0.0	12114		
12115	Wallemiomycotina	0.0	12115		
12116	Wallemiomycotina	0.0	12116		
12117	Wallemiomycotina	0.0	12117		
12118	Wallemiomycotina	0.0	12118		
12119	Wallemiomycotina	0.0	12119		
12120	Wallemiomycotina	0.0	12120		
12121	Wallemiomycotina	0.0	12121		
12122	Wallemiomycotina	0.0	12122		
12123	Wallemiomycotina	0.0	12123		
12124	Wallemiomycotina	0.0	12124		
12125	Wallemiomycotina	0.0	12125		
12126	Wallemiomycotina	0.0	12126		
12127	Wallemiomycotina	0.0	12127		
12128	Wallemiomycotina	0.0	12128		
12129	Wallemiomycotina	0.0	12129		
12130	Wallemiomycotina	0.0	12130		
12131	Wallemiomycotina	0.0	12131		
12132	Wallemiomycotina	0.0	12132		
12133	Wallemiomycotina	0.0	12133		
12134	Wallemiomycotina	0.0	12134		
12135	Wallemiomycotina	0.0	12135		
12136	Wallemiomycotina	0.0	12136		
12137	Wallemiomycotina	0.0	12137		
12138	Wallemiomycotina	0.0	12138		
12139	Wallemiomycotina	0.0	12139		
12140	Wallemiomycotina	0.0	12140		
12141	Wallemiomycotina	0.0	12141		
12142	Wallemiomycotina	0.0	12142		
12143	Wallemiomycotina	0.00045793696345052453	12143		
12144	Wallemiomycotina	0.0005119101407114968	12144		
12145	Wallemiomycotina	0.0	12145		
12146	Wallemiomycotina	0.0010429481242398167	12146		
12147	Wallemiomycotina	0.00037280622868782795	12147		
12148	Wallemiomycotina	0.0	12148		
12149	Wallemiomycotina	0.0002746205986135709	12149		
12150	Wallemiomycotina	0.0	12150		
12151	Wallemiomycotina	0.0	12151		
12152	Wallemiomycotina	0.0	12152		
12153	Wallemiomycotina	0.0	12153		
12154	Wallemiomycotina	0.0	12154		
12155	Wallemiomycotina	0.0	12155		
12156	Wallemiomycotina	0.0	12156		
12157	Wallemiomycotina	0.0	12157		
12158	Wallemiomycotina	0.0	12158		
12159	Wallemiomycotina	0.0	12159		
12160	Wallemiomycotina	0.0	12160		
12161	Wallemiomycotina	0.0	12161		
12162	Wallemiomycotina	0.0	12162		
12163	Wallemiomycotina	0.0	12163		
12164	Wallemiomycotina	0.0	12164		
12165	Wallemiomycotina	0.0	12165		
12166	Wallemiomycotina	0.0	12166		
12167	Wallemiomycotina	0.0	12167		
12168	Wallemiomycotina	0.0	12168		
12169	Wallemiomycotina	6.0290322973197605e-05	12169		
12170	Wallemiomycotina	0.0	12170		
12171	Wallemiomycotina	0.0	12171		
12172	Wallemiomycotina	0.0	12172		
12173	Wallemiomycotina	0.0	12173		
12174	Wallemiomycotina	0.0	12174		
12175	Wallemiomycotina	0.0	12175		
12176	Wallemiomycotina	0.0	12176		
12177	Wallemiomycotina	5.576949169979374e-05	12177		
12178	Wallemiomycotina	0.0	12178		
12179	Wallemiomycotina	0.0	12179		
12180	Wallemiomycotina	0.0	12180		
12181	Wallemiomycotina	0.0	12181		
12182	Wallemiomycotina	0.0	12182		
12183	Wallemiomycotina	0.0	12183		
12184	Wallemiomycotina	0.0	12184		
12185	Wallemiomycotina	0.0	12185		
12186	Wallemiomycotina	0.0	12186		
12187	Wallemiomycotina	0.0	12187		
12188	Wallemiomycotina	0.00014274986512134247	12188		
12189	Wallemiomycotina	0.0	12189		
12190	Wallemiomycotina	0.0	12190		
12191	Wallemiomycotina	0.0	12191		
12192	Wallemiomycotina	0.0	12192		
12193	Wallemiomycotina	0.0	12193		
12194	Wallemiomycotina	0.0	12194		
12195	Wallemiomycotina	0.0	12195		
12196	Wallemiomycotina	0.0	12196		
12197	Wallemiomycotina	0.00026534972335395986	12197		
12198	Wallemiomycotina	0.0003300931076678072	12198		
12199	Wallemiomycotina	0.0	12199		
12200	Wallemiomycotina	0.0	12200		
12201	Wallemiomycotina	0.0	12201		
12202	Wallemiomycotina	0.0	12202		
12203	Wallemiomycotina	0.0	12203		
12204	Wallemiomycotina	0.0	12204		
12205	Wallemiomycotina	0.0	12205		
12206	Wallemiomycotina	0.0	12206		
12207	Wallemiomycotina	0.0	12207		
12208	Wallemiomycotina	0.0	12208		
12209	Wallemiomycotina	0.0	12209		
12210	Wallemiomycotina	0.0	12210		
12211	Wallemiomycotina	0.0	12211		
12212	Wallemiomycotina	0.0	12212		
12213	Wallemiomycotina	0.0	12213		
12214	Wallemiomycotina	0.0	12214		
12215	Wallemiomycotina	0.0	12215		
12216	Wallemiomycotina	0.0	12216		
12217	Wallemiomycotina	0.0	12217		
12218	Wallemiomycotina	0.0	12218		
12219	Wallemiomycotina	0.0	12219		
12220	Wallemiomycotina	0.0	12220		
12221	Wallemiomycotina	0.0	12221		
12222	Wallemiomycotina	0.0	12222		
12223	Wallemiomycotina	0.0	12223		
12224	Wallemiomycotina	0.0	12224		
12225	Wallemiomycotina	0.0	12225		
12226	Wallemiomycotina	0.0	12226		
12227	Wallemiomycotina	0.0	12227		
12228	Wallemiomycotina	0.0	12228		
12229	Wallemiomycotina	0.0	12229		
12230	Wallemiomycotina	0.0	12230		
12231	Wallemiomycotina	0.0	12231		
12232	Wallemiomycotina	0.0	12232		
12233	Wallemiomycotina	0.0011250301737461648	12233		
12234	Wallemiomycotina	0.0028272713145890134	12234		
12235	Wallemiomycotina	0.0	12235		
12236	Wallemiomycotina	0.0	12236		
12237	Wallemiomycotina	0.0	12237		
12238	Wallemiomycotina	0.0	12238		
12239	Wallemiomycotina	0.0	12239		
12240	Wallemiomycotina	0.0005440338616240905	12240		
12241	Wallemiomycotina	0.0007666087687291631	12241		
12242	Wallemiomycotina	0.0016695209140070498	12242		
12243	Wallemiomycotina	0.0	12243		
12244	Wallemiomycotina	0.0	12244		
12245	Wallemiomycotina	0.0	12245		
12246	Wallemiomycotina	0.0	12246		
12247	Wallemiomycotina	0.0	12247		
12248	Wallemiomycotina	0.0	12248		
12249	Wallemiomycotina	0.0	12249		
12250	Wallemiomycotina	0.0	12250		
12251	Wallemiomycotina	0.006048824521957538	12251		
12252	Wallemiomycotina	0.0	12252		
12253	Wallemiomycotina	0.0	12253		
12254	Wallemiomycotina	0.0	12254		
12255	Wallemiomycotina	0.0	12255		
12256	Wallemiomycotina	0.0	12256		
12257	Wallemiomycotina	0.0	12257		
12258	Wallemiomycotina	0.0	12258		
12259	Wallemiomycotina	0.0	12259		
12260	Wallemiomycotina	0.0	12260		
12261	Wallemiomycotina	0.0	12261		
12262	Wallemiomycotina	0.0	12262		
12263	Wallemiomycotina	0.0	12263		
12264	Wallemiomycotina	0.0	12264		
12265	Wallemiomycotina	0.0	12265		
12266	Wallemiomycotina	0.0	12266		
12267	Wallemiomycotina	0.0	12267		
12268	Wallemiomycotina	0.0	12268		
12269	Wallemiomycotina	0.0	12269		
12270	Wallemiomycotina	0.0	12270		
12271	Wallemiomycotina	0.0	12271		
12272	Wallemiomycotina	0.0	12272		
12273	Wallemiomycotina	0.0	12273		
12274	Wallemiomycotina	0.0	12274		
12275	Wallemiomycotina	0.0	12275		
12276	Wallemiomycotina	0.0	12276		
12277	Wallemiomycotina	0.0	12277		
12278	Wallemiomycotina	0.0	12278		
12279	Wallemiomycotina	0.0	12279		
12280	Wallemiomycotina	0.0	12280		
12281	Wallemiomycotina	0.0	12281		
12282	Wallemiomycotina	0.0	12282		
12283	Wallemiomycotina	0.0	12283		
12284	Wallemiomycotina	0.0	12284		
12285	Wallemiomycotina	0.0	12285		
12286	Wallemiomycotina	0.0	12286		
12287	Wallemiomycotina	0.0	12287		
12288	Wallemiomycotina	0.0	12288		
12289	Wallemiomycotina	0.0	12289		
12290	Wallemiomycotina	0.0	12290		
12291	Wallemiomycotina	0.0	12291		
12292	Wallemiomycotina	0.006537908960299707	12292		
12293	Wallemiomycotina	0.0	12293		
12294	Wallemiomycotina	0.0	12294		
12295	Wallemiomycotina	0.057946887355733064	12295		
12296	Wallemiomycotina	0.0	12296		
12297	Wallemiomycotina	0.0	12297		
12298	Wallemiomycotina	0.0	12298		
12299	Wallemiomycotina	0.0	12299		
12300	Wallemiomycotina	0.0	12300		
12301	Wallemiomycotina	0.0	12301		
12302	Wallemiomycotina	0.0	12302		
12303	Wallemiomycotina	0.0	12303		
12304	Wallemiomycotina	0.0	12304		
12305	Wallemiomycotina	0.0	12305		
12306	Wallemiomycotina	0.0	12306		
12307	Wallemiomycotina	0.0	12307		
12308	Wallemiomycotina	0.0	12308		
12309	Wallemiomycotina	0.0	12309		
12310	Wallemiomycotina	0.06301559436816695	12310		
12311	Wallemiomycotina	0.012853251456165492	12311		
12312	Wallemiomycotina	0.0	12312		
12313	Wallemiomycotina	0.0	12313		
12314	Wallemiomycotina	0.0	12314		
12315	Wallemiomycotina	0.0	12315		
12316	Wallemiomycotina	0.0	12316		
12317	Wallemiomycotina	0.0	12317		
12318	Wallemiomycotina	0.0	12318		
12319	Wallemiomycotina	0.0	12319		
12320	Wallemiomycotina	0.0	12320		
12321	Wallemiomycotina	0.0	12321		
12322	Wallemiomycotina	0.0	12322		
12323	Wallemiomycotina	0.0	12323		
12324	Wallemiomycotina	0.0	12324		
12325	Wallemiomycotina	0.0	12325		
12326	Wallemiomycotina	0.0	12326		
12327	Wallemiomycotina	0.0	12327		
12328	Wallemiomycotina	0.0	12328		
12329	Wallemiomycotina	0.0	12329		
12330	Wallemiomycotina	0.0	12330		
12331	Wallemiomycotina	0.0	12331		
12332	Wallemiomycotina	0.10161570121257893	12332		
12333	Wallemiomycotina	0.0	12333		
12334	Wallemiomycotina	0.0	12334		
12335	Wallemiomycotina	0.010387041470692611	12335		
12336	Wallemiomycotina	0.0	12336		
12337	Wallemiomycotina	0.0	12337		
12338	Wallemiomycotina	0.0	12338		
12339	Wallemiomycotina	0.0	12339		
12340	Wallemiomycotina	0.0	12340		
12341	Wallemiomycotina	0.0	12341		
12342	Wallemiomycotina	0.0	12342		
12343	Wallemiomycotina	0.0	12343		
12344	Wallemiomycotina	0.0	12344		
12345	Wallemiomycotina	0.0	12345		
12346	Wallemiomycotina	0.0	12346		
12347	Wallemiomycotina	0.0	12347		
12348	Wallemiomycotina	0.0	12348		
12349	Wallemiomycotina	0.0	12349		
12350	Wallemiomycotina	0.0	12350		
12351	Wallemiomycotina	0.0	12351		
12352	Wallemiomycotina	0.0	12352		
12353	Wallemiomycotina	0.0	12353		
12354	Wallemiomycotina	0.05271895331199441	12354		
12355	Wallemiomycotina	0.0	12355		
12356	Wallemiomycotina	0.0	12356		
12357	Wallemiomycotina	0.0	12357		
12358	Wallemiomycotina	0.0	12358		
12359	Wallemiomycotina	0.0	12359		
12360	Wallemiomycotina	0.0	12360		
12361	Wallemiomycotina	0.0	12361		
12362	Wallemiomycotina	0.0	12362		
12363	Wallemiomycotina	0.0	12363		
12364	Wallemiomycotina	0.0	12364		
12365	Wallemiomycotina	0.0	12365		
12366	Wallemiomycotina	0.0	12366		
12367	Wallemiomycotina	0.0	12367		
12368	Wallemiomycotina	0.0	12368		
12369	Wallemiomycotina	0.0	12369		
12370	Wallemiomycotina	0.014334835741833559	12370		
12371	Wallemiomycotina	0.0	12371		
12372	Wallemiomycotina	0.2151452821713124	12372		
12373	Wallemiomycotina	0.0	12373		
12374	Wallemiomycotina	0.008094032666354944	12374		
12375	Wallemiomycotina	0.19156347319930173	12375		
12376	Wallemiomycotina	0.0	12376		
12377	Wallemiomycotina	0.0	12377		
12378	Wallemiomycotina	0.0	12378		
12379	Wallemiomycotina	0.0	12379		
12380	Wallemiomycotina	0.0	12380		
12381	Wallemiomycotina	0.011085767643132892	12381		
12382	Wallemiomycotina	0.012224827422732874	12382		
12383	Wallemiomycotina	0.009807604290730723	12383		
12384	Wallemiomycotina	0.00965311351590611	12384		
12385	Wallemiomycotina	0.005598396129140794	12385		
12386	Wallemiomycotina	0.0	12386		
12387	Wallemiomycotina	0.01609497718943564	12387		
12388	Wallemiomycotina	0.0	12388		
12389	Wallemiomycotina	0.0	12389		
12390	Wallemiomycotina	0.0	12390		
12391	Wallemiomycotina	0.0	12391		
12392	Wallemiomycotina	0.0	12392		
12393	Wallemiomycotina	0.0	12393		
12394	Wallemiomycotina	0.0	12394		
12395	Wallemiomycotina	0.0	12395		
12396	Wallemiomycotina	0.0	12396		
12397	Wallemiomycotina	0.0	12397		
12398	Wallemiomycotina	0.0	12398		
12399	Wallemiomycotina	0.0	12399		
12400	Wallemiomycotina	0.010656947149409682	12400		
12401	Wallemiomycotina	0.015407500463210566	12401		
12402	Wallemiomycotina	0.011676628923482308	12402		
12403	Wallemiomycotina	0.012620181473058488	12403		
12404	Wallemiomycotina	0.0	12404		
12405	Wallemiomycotina	0.0	12405		
12406	Wallemiomycotina	0.0	12406		
12407	Wallemiomycotina	0.0	12407		
12408	Wallemiomycotina	0.005546580879549063	12408		
12409	Wallemiomycotina	0.007613125962243984	12409		
12410	Wallemiomycotina	0.006160169956089755	12410		
12411	Wallemiomycotina	0.0	12411		
12412	Wallemiomycotina	0.0029414842343678197	12412		
12413	Wallemiomycotina	0.005860098566408838	12413		
12414	Wallemiomycotina	0.0	12414		
12415	Wallemiomycotina	0.0	12415		
12416	Wallemiomycotina	0.0	12416		
12417	Wallemiomycotina	0.0	12417		
12418	Wallemiomycotina	0.0	12418		
12419	Wallemiomycotina	0.0	12419		
12420	Wallemiomycotina	0.020170643645238722	12420		
12421	Wallemiomycotina	0.023566662338873518	12421		
12422	Wallemiomycotina	0.05043428164104266	12422		
12423	Wallemiomycotina	0.0	12423		
12424	Wallemiomycotina	0.0	12424		
12425	Wallemiomycotina	0.008626000459216897	12425		
12426	Wallemiomycotina	0.0	12426		
12427	Wallemiomycotina	0.012562462636386901	12427		
12428	Wallemiomycotina	0.0	12428		
12429	Wallemiomycotina	0.0	12429		
12430	Wallemiomycotina	0.0	12430		
12431	Wallemiomycotina	0.0	12431		
12432	Wallemiomycotina	0.00229533012144062	12432		
12433	Wallemiomycotina	0.0	12433		
12434	Wallemiomycotina	0.0	12434		
12435	Wallemiomycotina	0.0	12435		
12436	Wallemiomycotina	0.005909640744739147	12436		
12437	Wallemiomycotina	0.0	12437		
12438	Wallemiomycotina	0.0	12438		
12439	Wallemiomycotina	0.0	12439		
12440	Wallemiomycotina	0.0	12440		
12441	Wallemiomycotina	0.0	12441		
12442	Wallemiomycotina	0.0	12442		
12443	Wallemiomycotina	0.0	12443		
12444	Wallemiomycotina	0.0	12444		
12445	Wallemiomycotina	0.0	12445		
12446	Wallemiomycotina	0.0	12446		
12447	Wallemiomycotina	0.0	12447		
12448	Wallemiomycotina	0.0	12448		
12449	Wallemiomycotina	0.0	12449		
12450	Wallemiomycotina	0.0	12450		
12451	Wallemiomycotina	0.0	12451		
12452	Wallemiomycotina	0.0	12452		
12453	Wallemiomycotina	0.0	12453		
12454	Wallemiomycotina	0.0	12454		
12455	Wallemiomycotina	0.0	12455		
12456	Wallemiomycotina	0.0	12456		
12457	Wallemiomycotina	0.0	12457		
12458	Wallemiomycotina	0.0	12458		
12459	Wallemiomycotina	0.0	12459		
12460	Wallemiomycotina	0.0	12460		
12461	Wallemiomycotina	0.0	12461		
12462	Wallemiomycotina	0.005998142723062315	12462		
12463	Wallemiomycotina	0.002685583890896899	12463		
12464	Wallemiomycotina	0.0023271585276843716	12464		
12465	Wallemiomycotina	0.0016824003972704892	12465		
12466	Wallemiomycotina	0.0006406204322061902	12466		
12467	Wallemiomycotina	0.005121530372543341	12467		
12468	Wallemiomycotina	0.0040096891006491265	12468		
12469	Wallemiomycotina	0.004423756910345783	12469		
12470	Wallemiomycotina	0.004376029320869259	12470		
12471	Wallemiomycotina	0.006064822819951393	12471		
12472	Wallemiomycotina	0.0037841801137321845	12472		
12473	Wallemiomycotina	0.003681218024403647	12473		
12474	Wallemiomycotina	0.02077300434793908	12474		
12475	Wallemiomycotina	0.0009546689587046672	12475		
12476	Wallemiomycotina	0.0	12476		
12477	Wallemiomycotina	0.0	12477		
12478	Wallemiomycotina	0.0	12478		
12479	Wallemiomycotina	0.0	12479		
12480	Wallemiomycotina	0.0009833803438062069	12480		
12481	Wallemiomycotina	0.0	12481		
12482	Wallemiomycotina	0.0	12482		
12483	Wallemiomycotina	0.0	12483		
12484	Wallemiomycotina	0.0	12484		
12485	Wallemiomycotina	0.0	12485		
12486	Wallemiomycotina	0.0	12486		
12487	Wallemiomycotina	0.0	12487		
12488	Wallemiomycotina	0.0	12488		
12489	Wallemiomycotina	0.0	12489		
12490	Wallemiomycotina	0.0	12490		
12491	Wallemiomycotina	0.0	12491		
12492	Wallemiomycotina	0.0	12492		
12493	Wallemiomycotina	0.0	12493		
12494	Wallemiomycotina	0.0	12494		
12495	Wallemiomycotina	0.0	12495		
12496	Wallemiomycotina	0.0	12496		
12497	Wallemiomycotina	0.0	12497		
12498	Wallemiomycotina	0.0	12498		
12499	Wallemiomycotina	0.0	12499		
12500	Wallemiomycotina	0.0	12500		
12501	Wallemiomycotina	0.0	12501		
12502	Wallemiomycotina	0.0	12502		
12503	Wallemiomycotina	0.0	12503		
12504	Wallemiomycotina	0.0	12504		
12505	Wallemiomycotina	0.0	12505		
12506	Wallemiomycotina	0.0	12506		
12507	Wallemiomycotina	0.0	12507		
12508	Wallemiomycotina	0.0	12508		
12509	Wallemiomycotina	0.0	12509		
12510	Wallemiomycotina	0.0	12510		
12511	Wallemiomycotina	0.0	12511		
12512	Wallemiomycotina	0.0	12512		
12513	Wallemiomycotina	0.0	12513		
12514	Wallemiomycotina	0.0	12514		
12515	Wallemiomycotina	0.0	12515		
12516	Wallemiomycotina	0.0	12516		
12517	Wallemiomycotina	0.0	12517		
12518	Wallemiomycotina	0.0	12518		
12519	Wallemiomycotina	0.0	12519		
12520	Wallemiomycotina	0.0	12520		
12521	Wallemiomycotina	0.0	12521		
12522	Wallemiomycotina	0.0	12522		
12523	Wallemiomycotina	0.0	12523		
12524	Wallemiomycotina	0.0	12524		
12525	Wallemiomycotina	0.0	12525		
12526	Wallemiomycotina	0.0	12526		
12527	Wallemiomycotina	0.0	12527		
12528	Wallemiomycotina	0.0	12528		
12529	Wallemiomycotina	0.0	12529		
12530	Wallemiomycotina	0.0	12530		
12531	Wallemiomycotina	0.0	12531		
12532	Wallemiomycotina	0.0	12532		
12533	Wallemiomycotina	0.0	12533		
12534	Wallemiomycotina	0.0	12534		
12535	Wallemiomycotina	0.0	12535		
12536	Wallemiomycotina	0.0	12536		
12537	Wallemiomycotina	0.0	12537		
12538	Wallemiomycotina	0.0	12538		
12539	Wallemiomycotina	0.0	12539		
12540	Wallemiomycotina	0.0	12540		
12541	Wallemiomycotina	0.0	12541		
12542	Wallemiomycotina	0.0	12542		
12543	Wallemiomycotina	0.0	12543		
12544	Wallemiomycotina	0.0	12544		
12545	Wallemiomycotina	0.0	12545		
12546	Wallemiomycotina	0.0	12546		
12547	Wallemiomycotina	0.0	12547		
12548	Wallemiomycotina	0.0	12548		
12549	Wallemiomycotina	0.0	12549		
12550	Wallemiomycotina	0.0	12550		
12551	Wallemiomycotina	0.0	12551		
12552	Wallemiomycotina	0.0	12552		
12553	Wallemiomycotina	0.0	12553		
12554	Wallemiomycotina	0.0	12554		
12555	Wallemiomycotina	0.0	12555		
12556	Wallemiomycotina	0.0	12556		
12557	Wallemiomycotina	0.0	12557		
12558	Wallemiomycotina	0.0	12558		
12559	Wallemiomycotina	0.0	12559		
12560	Wallemiomycotina	0.0	12560		
12561	Wallemiomycotina	0.0	12561		
12562	Wallemiomycotina	0.0	12562		
12563	Wallemiomycotina	0.0	12563		
12564	Wallemiomycotina	0.0	12564		
12565	Wallemiomycotina	0.0	12565		
12566	Wallemiomycotina	0.0	12566		
12567	Wallemiomycotina	0.0	12567		
12568	Wallemiomycotina	0.0	12568		
12569	Wallemiomycotina	0.0	12569		
12570	Wallemiomycotina	0.0	12570		
12571	Wallemiomycotina	0.0	12571		
12572	Wallemiomycotina	0.0	12572		
12573	Wallemiomycotina	0.0	12573		
12574	Wallemiomycotina	0.0	12574		
12575	Wallemiomycotina	0.0	12575		
12576	Wallemiomycotina	0.0	12576		
12577	Wallemiomycotina	0.0	12577		
12578	Wallemiomycotina	0.0	12578		
12579	Wallemiomycotina	0.0	12579		
12580	Wallemiomycotina	0.0	12580		
12581	Wallemiomycotina	0.0	12581		
12582	Wallemiomycotina	0.0	12582		
12583	Wallemiomycotina	0.0	12583		
12584	Wallemiomycotina	0.0	12584		
12585	Wallemiomycotina	0.0	12585		
12586	Wallemiomycotina	0.0	12586		
12587	Wallemiomycotina	0.0	12587		
12588	Wallemiomycotina	0.0	12588		
12589	Wallemiomycotina	0.0	12589		
12590	Wallemiomycotina	0.0	12590		
12591	Wallemiomycotina	0.0	12591		
12592	Wallemiomycotina	0.0	12592		
12593	Wallemiomycotina	0.0	12593		
12594	Wallemiomycotina	0.0	12594		
12595	Wallemiomycotina	0.0	12595		
12596	Wallemiomycotina	0.0	12596		
12597	Wallemiomycotina	0.0	12597		
12598	Wallemiomycotina	0.0	12598		
12599	Wallemiomycotina	0.0	12599		
12600	Wallemiomycotina	0.0	12600		
12601	Wallemiomycotina	0.0	12601		
12602	Wallemiomycotina	0.0	12602		
12603	Wallemiomycotina	0.0	12603		
12604	Wallemiomycotina	0.0	12604		
12605	Wallemiomycotina	0.0	12605		
12606	Wallemiomycotina	0.0	12606		
12607	Wallemiomycotina	0.0	12607		
12608	Wallemiomycotina	0.0	12608		
12609	Wallemiomycotina	0.0	12609		
12610	Wallemiomycotina	0.0	12610		
12611	Wallemiomycotina	0.0	12611		
12612	Wallemiomycotina	0.0	12612		
12613	Wallemiomycotina	0.0	12613		
12614	Wallemiomycotina	0.0	12614		
12615	Wallemiomycotina	0.0	12615		
12616	Wallemiomycotina	0.0	12616		
12617	Wallemiomycotina	0.0	12617		
12618	Wallemiomycotina	0.0	12618		
12619	Wallemiomycotina	0.0	12619		
12620	Wallemiomycotina	0.0	12620		
12621	Wallemiomycotina	0.0	12621		
12622	Wallemiomycotina	0.0	12622		
12623	Wallemiomycotina	0.0	12623		
12624	Wallemiomycotina	0.0	12624		
12625	Wallemiomycotina	0.0	12625		
12626	Wallemiomycotina	0.0	12626		
12627	Wallemiomycotina	0.0	12627		
12628	Wallemiomycotina	0.0	12628		
12629	Wallemiomycotina	0.0	12629		
12630	Wallemiomycotina	0.0	12630		
12631	Wallemiomycotina	0.0	12631		
12632	Wallemiomycotina	0.0	12632		
12633	Wallemiomycotina	0.0	12633		
12634	Wallemiomycotina	0.0	12634		
12635	Wallemiomycotina	0.0	12635		
12636	Wallemiomycotina	0.0	12636		
12637	Wallemiomycotina	0.0	12637		
12638	Wallemiomycotina	0.0	12638		
12639	Wallemiomycotina	0.0	12639		
12640	Wallemiomycotina	0.0	12640		
12641	Wallemiomycotina	0.0	12641		
12642	Wallemiomycotina	0.0	12642		
12643	Wallemiomycotina	0.0	12643		
12644	Wallemiomycotina	0.0	12644		
12645	Wallemiomycotina	0.0	12645		
12646	Wallemiomycotina	0.0	12646		
12647	Wallemiomycotina	0.0	12647		
12648	Wallemiomycotina	0.0	12648		
12649	Wallemiomycotina	0.0	12649		
12650	Wallemiomycotina	0.0	12650		
12651	Wallemiomycotina	0.0	12651		
12652	Wallemiomycotina	0.0	12652		
12653	Wallemiomycotina	0.0	12653		
12654	Wallemiomycotina	0.0	12654		
12655	Wallemiomycotina	0.0	12655		
12656	Wallemiomycotina	0.0	12656		
12657	Wallemiomycotina	0.0	12657		
12658	Wallemiomycotina	0.0	12658		
12659	Wallemiomycotina	0.0	12659		
12660	Wallemiomycotina	0.0	12660		
12661	Wallemiomycotina	0.0	12661		
12662	Wallemiomycotina	0.0	12662		
12663	Wallemiomycotina	0.0	12663		
12664	Wallemiomycotina	0.0	12664		
12665	Wallemiomycotina	0.0	12665		
12666	Wallemiomycotina	0.0	12666		
12667	Wallemiomycotina	0.0	12667		
12668	Wallemiomycotina	0.0	12668		
12669	Wallemiomycotina	0.0	12669		
12670	Wallemiomycotina	0.0	12670		
12671	Wallemiomycotina	0.0	12671		
12672	Wallemiomycotina	0.0	12672		
12673	Wallemiomycotina	0.0	12673		
12674	Wallemiomycotina	0.0	12674		
12675	Wallemiomycotina	0.0	12675		
12676	Wallemiomycotina	0.0	12676		
12677	Wallemiomycotina	0.0	12677		
12678	Wallemiomycotina	0.0	12678		
12679	Wallemiomycotina	0.0	12679		
12680	Wallemiomycotina	0.0	12680		
12681	Wallemiomycotina	0.0	12681		
12682	Wallemiomycotina	0.0	12682		
12683	Wallemiomycotina	0.0	12683		
12684	Wallemiomycotina	0.0	12684		
12685	Wallemiomycotina	0.0	12685		
12686	Wallemiomycotina	0.0	12686		
12687	Wallemiomycotina	0.0	12687		
12688	Wallemiomycotina	0.0	12688		
12689	Wallemiomycotina	0.0	12689		
12690	Wallemiomycotina	0.0	12690		
12691	Wallemiomycotina	0.0	12691		
12692	Wallemiomycotina	0.0	12692		
12693	Wallemiomycotina	0.0	12693		
12694	Wallemiomycotina	0.0	12694		
12695	Wallemiomycotina	0.0	12695		
12696	Wallemiomycotina	0.0	12696		
12697	Wallemiomycotina	0.0	12697		
12698	Wallemiomycotina	0.0	12698		
12699	Wallemiomycotina	0.0	12699		
12700	Wallemiomycotina	0.0	12700		
12701	Wallemiomycotina	0.0	12701		
12702	Wallemiomycotina	0.0	12702		
12703	Wallemiomycotina	0.0	12703		
12704	Wallemiomycotina	0.0	12704		
12705	Wallemiomycotina	0.0	12705		
12706	Wallemiomycotina	0.0	12706		
12707	Wallemiomycotina	0.0	12707		
12708	Wallemiomycotina	0.0	12708		
12709	Wallemiomycotina	0.0	12709		
12710	Wallemiomycotina	0.0	12710		
12711	Wallemiomycotina	0.0	12711		
12712	Wallemiomycotina	0.0	12712		
12713	Wallemiomycotina	0.0	12713		
12714	Wallemiomycotina	0.0	12714		
12715	Wallemiomycotina	0.0	12715		
12716	Wallemiomycotina	0.0	12716		
12717	Wallemiomycotina	0.0	12717		
12718	Wallemiomycotina	0.0	12718		
12719	Wallemiomycotina	0.0	12719		
12720	Wallemiomycotina	0.0	12720		
12721	Wallemiomycotina	0.0	12721		
12722	Wallemiomycotina	0.0	12722		
12723	Wallemiomycotina	0.0	12723		
12724	Wallemiomycotina	0.0	12724		
12725	Wallemiomycotina	0.0	12725		
12726	Wallemiomycotina	0.0	12726		
12727	Wallemiomycotina	0.0	12727		
12728	Wallemiomycotina	0.0	12728		
12729	Wallemiomycotina	0.0	12729		
12730	Wallemiomycotina	0.0	12730		
12731	Wallemiomycotina	0.0	12731		
12732	Wallemiomycotina	0.0	12732		
12733	Wallemiomycotina	0.0	12733		
12734	Wallemiomycotina	0.0	12734		
12735	Wallemiomycotina	0.0	12735		
12736	Wallemiomycotina	0.0	12736		
12737	Wallemiomycotina	0.0	12737		
12738	Wallemiomycotina	0.0	12738		
12739	Wallemiomycotina	0.0	12739		
12740	Wallemiomycotina	0.0	12740		
12741	Wallemiomycotina	0.0	12741		
12742	Wallemiomycotina	0.0	12742		
12743	Wallemiomycotina	0.0	12743		
12744	Wallemiomycotina	0.0	12744		
12745	Wallemiomycotina	0.0	12745		
12746	Wallemiomycotina	0.0	12746		
12747	Wallemiomycotina	0.0	12747		
12748	Wallemiomycotina	0.0	12748		
12749	Wallemiomycotina	0.0	12749		
12750	Wallemiomycotina	0.0	12750		
12751	Wallemiomycotina	0.0	12751		
12752	Wallemiomycotina	0.0	12752		
12753	Wallemiomycotina	0.0	12753		
12754	Wallemiomycotina	0.0	12754		
12755	Wallemiomycotina	0.0	12755		
12756	Wallemiomycotina	0.0	12756		
12757	Wallemiomycotina	0.0	12757		
12758	Wallemiomycotina	0.0	12758		
12759	Wallemiomycotina	0.0	12759		
12760	Wallemiomycotina	0.0	12760		
12761	Wallemiomycotina	0.0	12761		
12762	Wallemiomycotina	0.0	12762		
12763	Wallemiomycotina	0.0	12763		
12764	Wallemiomycotina	0.0	12764		
12765	Wallemiomycotina	0.0	12765		
12766	Wallemiomycotina	0.0	12766		
12767	Wallemiomycotina	0.0	12767		
12768	Wallemiomycotina	0.0	12768		
12769	Wallemiomycotina	0.0	12769		
12770	Wallemiomycotina	0.0	12770		
12771	Wallemiomycotina	0.0	12771		
12772	Wallemiomycotina	0.0	12772		
12773	Wallemiomycotina	0.0	12773		
12774	Wallemiomycotina	0.0	12774		
12775	Wallemiomycotina	0.0	12775		
12776	Wallemiomycotina	0.0	12776		
12777	Wallemiomycotina	0.0	12777		
12778	Wallemiomycotina	0.0	12778		
12779	Wallemiomycotina	0.0	12779		
12780	Wallemiomycotina	0.0	12780		
12781	Wallemiomycotina	0.0	12781		
12782	Wallemiomycotina	0.0	12782		
12783	Wallemiomycotina	0.0	12783		
12784	Wallemiomycotina	0.0	12784		
12785	Wallemiomycotina	0.0	12785		
12786	Wallemiomycotina	0.0	12786		
12787	Wallemiomycotina	0.0	12787		
12788	Wallemiomycotina	0.0	12788		
12789	Wallemiomycotina	0.0	12789		
12790	Wallemiomycotina	0.0	12790		
12791	Wallemiomycotina	0.0	12791		
12792	Wallemiomycotina	0.0	12792		
12793	Wallemiomycotina	0.0	12793		
12794	Wallemiomycotina	0.0	12794		
12795	Wallemiomycotina	0.0	12795		
12796	Wallemiomycotina	0.0	12796		
12797	Wallemiomycotina	0.0	12797		
12798	Wallemiomycotina	0.0	12798		
12799	Wallemiomycotina	0.0	12799		
12800	Wallemiomycotina	0.0	12800		
12801	Wallemiomycotina	0.0	12801		
12802	Wallemiomycotina	0.0	12802		
12803	Wallemiomycotina	0.0	12803		
12804	Wallemiomycotina	0.0	12804		
12805	Wallemiomycotina	0.0	12805		
12806	Wallemiomycotina	0.0	12806		
12807	Wallemiomycotina	0.0	12807		
12808	Wallemiomycotina	0.0	12808		
12809	Wallemiomycotina	0.0	12809		
12810	Wallemiomycotina	0.0	12810		
12811	Wallemiomycotina	0.0	12811		
12812	Wallemiomycotina	0.0	12812		
12813	Wallemiomycotina	0.0	12813		
12814	Wallemiomycotina	0.0	12814		
12815	Wallemiomycotina	0.0	12815		
12816	Wallemiomycotina	0.0	12816		
12817	Wallemiomycotina	0.0	12817		
12818	Wallemiomycotina	0.0	12818		
12819	Wallemiomycotina	0.0	12819		
12820	Wallemiomycotina	0.0	12820		
12821	Wallemiomycotina	0.0	12821		
12822	Wallemiomycotina	0.0	12822		
12823	Wallemiomycotina	0.0	12823		
12824	Wallemiomycotina	0.0	12824		
12825	Wallemiomycotina	0.0	12825		
12826	Wallemiomycotina	0.0	12826		
12827	Wallemiomycotina	0.0	12827		
12828	Wallemiomycotina	0.0	12828		
12829	Wallemiomycotina	0.0	12829		
12830	Wallemiomycotina	0.0	12830		
12831	Wallemiomycotina	0.0	12831		
12832	Wallemiomycotina	0.0	12832		
12833	Wallemiomycotina	0.0	12833		
12834	Wallemiomycotina	0.0	12834		
12835	Wallemiomycotina	0.09857274276376311	12835		
12836	Wallemiomycotina	0.0	12836		
12837	Wallemiomycotina	0.08401525697204662	12837		
12838	Wallemiomycotina	0.008764592234534182	12838		
12839	Wallemiomycotina	0.12795224104666234	12839		
12840	Wallemiomycotina	0.030977325273378032	12840		
12841	Wallemiomycotina	0.0	12841		
12842	Wallemiomycotina	0.09196471838490862	12842		
12843	Wallemiomycotina	0.06766019936176788	12843		
12844	Wallemiomycotina	0.038565951294521665	12844		
12845	Wallemiomycotina	0.15043890402145468	12845		
12846	Wallemiomycotina	0.09719624635068619	12846		
12847	Wallemiomycotina	0.005733972729802632	12847		
12848	Wallemiomycotina	0.0	12848		
12849	Wallemiomycotina	0.04674038359748268	12849		
12850	Wallemiomycotina	0.0	12850		
12851	Wallemiomycotina	0.07602542716859857	12851		
12852	Wallemiomycotina	0.0	12852		
12853	Wallemiomycotina	0.04944468043632332	12853		
12854	Wallemiomycotina	0.0014615454267158858	12854		
12855	Wallemiomycotina	0.0	12855		
12856	Wallemiomycotina	0.0007613918002299763	12856		
12857	Wallemiomycotina	0.0	12857		
12858	Wallemiomycotina	0.0	12858		
12859	Wallemiomycotina	0.09601281251073489	12859		
12860	Wallemiomycotina	0.05078310653691997	12860		
12861	Wallemiomycotina	0.027331044397148146	12861		
12862	Wallemiomycotina	0.13139486992662522	12862		
12863	Wallemiomycotina	0.08754322280320394	12863		
12864	Wallemiomycotina	0.0	12864		
12865	Wallemiomycotina	0.0	12865		
12866	Wallemiomycotina	0.08309824698630673	12866		
12867	Wallemiomycotina	0.06907092178429636	12867		
12868	Wallemiomycotina	0.0	12868		
12869	Wallemiomycotina	0.23461436821579856	12869		
12870	Wallemiomycotina	0.004912268428979401	12870		
12871	Wallemiomycotina	0.0	12871		
12872	Wallemiomycotina	0.03555073372481957	12872		
12873	Wallemiomycotina	0.0	12873		
12874	Wallemiomycotina	0.061937552238748486	12874		
12875	Wallemiomycotina	0.1464426930240412	12875		
12876	Wallemiomycotina	0.06853483880044582	12876		
12877	Wallemiomycotina	0.0	12877		
12878	Wallemiomycotina	0.0	12878		
12879	Wallemiomycotina	0.07355192014491274	12879		
12880	Wallemiomycotina	0.07628485335954528	12880		
12881	Wallemiomycotina	0.09813805612812151	12881		
12882	Wallemiomycotina	0.05116933023233004	12882		
12883	Wallemiomycotina	0.10443716068699196	12883		
12884	Wallemiomycotina	0.021356053693307307	12884		
12885	Wallemiomycotina	0.04092223019007144	12885		
12886	Wallemiomycotina	0.002783598350581027	12886		
12887	Wallemiomycotina	0.0	12887		
12888	Wallemiomycotina	0.05895268145027	12888		
12889	Wallemiomycotina	0.09192877628447062	12889		
12890	Wallemiomycotina	0.0	12890		
12891	Wallemiomycotina	0.0	12891		
12892	Wallemiomycotina	0.0621769714959299	12892		
12893	Wallemiomycotina	0.0	12893		
12894	Wallemiomycotina	0.0	12894		
12895	Wallemiomycotina	0.07978656283091537	12895		
12896	Wallemiomycotina	0.1573067010934503	12896		
12897	Wallemiomycotina	0.0	12897		
12898	Wallemiomycotina	0.42876898997860113	12898		
12899	Wallemiomycotina	0.06069088850415502	12899		
12900	Wallemiomycotina	0.0	12900		
12901	Wallemiomycotina	0.23560757700652157	12901		
12902	Wallemiomycotina	0.0	12902		
12903	Wallemiomycotina	0.052967726609427494	12903		
12904	Wallemiomycotina	0.0	12904		
12905	Wallemiomycotina	0.0	12905		
12906	Wallemiomycotina	0.0	12906		
12907	Wallemiomycotina	0.0	12907		
12908	Wallemiomycotina	0.09806491308948762	12908		
12909	Wallemiomycotina	0.10992769454479655	12909		
12910	Wallemiomycotina	0.0	12910		
12911	Wallemiomycotina	0.0	12911		
12912	Wallemiomycotina	0.0	12912		
12913	Wallemiomycotina	0.07744719495057337	12913		
12914	Wallemiomycotina	0.023099242294206176	12914		
12915	Wallemiomycotina	0.15715375794618186	12915		
12916	Wallemiomycotina	0.1028521946120732	12916		
12917	Wallemiomycotina	0.11856163964850852	12917		
12918	Wallemiomycotina	0.10210531655295411	12918		
12919	Wallemiomycotina	0.022884128091768343	12919		
12920	Wallemiomycotina	0.0010709640960592849	12920		
12921	Wallemiomycotina	0.14838084991010506	12921		
12922	Wallemiomycotina	0.1241058513837189	12922		
12923	Wallemiomycotina	0.12908632530613373	12923		
12924	Wallemiomycotina	0.07802133281088904	12924		
12925	Wallemiomycotina	0.04178137307631226	12925		
12926	Wallemiomycotina	0.03432379171376325	12926		
12927	Wallemiomycotina	0.0009002059928513355	12927		
12928	Wallemiomycotina	0.15035522611330066	12928		
12929	Wallemiomycotina	0.15358869734754943	12929		
12930	Wallemiomycotina	0.11375807673354105	12930		
12931	Wallemiomycotina	0.16258976482866297	12931		
12932	Wallemiomycotina	0.00870938741028254	12932		
12933	Wallemiomycotina	0.06557678277082714	12933		
12934	Wallemiomycotina	0.027526094348237468	12934		
12935	Wallemiomycotina	0.0009199849043619835	12935		
12936	Wallemiomycotina	0.030979236805264442	12936		
12937	Wallemiomycotina	0.05931997889211711	12937		
12938	Wallemiomycotina	0.016015238195304163	12938		
12939	Wallemiomycotina	0.022858078492970134	12939		
12940	Wallemiomycotina	0.06379991245801181	12940		
12941	Wallemiomycotina	0.023321919330796668	12941		
12942	Wallemiomycotina	0.0029880342486506752	12942		
12943	Wallemiomycotina	0.07399960003362463	12943		
12944	Wallemiomycotina	0.0010520709055857748	12944		
12945	Wallemiomycotina	0.013034410844629822	12945		
12946	Wallemiomycotina	0.03242872306149462	12946		
12947	Wallemiomycotina	0.007916727320662805	12947		
12948	Wallemiomycotina	0.03326120936794949	12948		
12949	Wallemiomycotina	0.10784347390366275	12949		
12950	Wallemiomycotina	0.0345196625819362	12950		
12951	Wallemiomycotina	0.03232916761385708	12951		
12952	Wallemiomycotina	0.045035473820738234	12952		
12953	Wallemiomycotina	0.02513874137048872	12953		
12954	Wallemiomycotina	0.015112716836780556	12954		
12955	Wallemiomycotina	0.03959864896888826	12955		
12956	Wallemiomycotina	0.03312122999816714	12956		
12957	Wallemiomycotina	0.08707530688613271	12957		
12958	Wallemiomycotina	0.004045316555875676	12958		
12959	Wallemiomycotina	0.0006731430473650616	12959		
12960	Wallemiomycotina	0.025299306000878725	12960		
12961	Wallemiomycotina	0.0004926039999514545	12961		
12962	Wallemiomycotina	0.010426107507014268	12962		
12963	Wallemiomycotina	0.04591581747307379	12963		
12964	Wallemiomycotina	0.016865712113560704	12964		
12965	Wallemiomycotina	0.01782343476947018	12965		
12966	Wallemiomycotina	0.0116278495298208	12966		
12967	Wallemiomycotina	0.015596613382434696	12967		
12968	Wallemiomycotina	0.09795171357792629	12968		
12969	Wallemiomycotina	0.008024283178870446	12969		
12970	Wallemiomycotina	0.0060792932818600105	12970		
12971	Wallemiomycotina	0.009228415899588676	12971		
12972	Wallemiomycotina	0.030666451185434526	12972		
12973	Wallemiomycotina	0.002740142309186947	12973		
12974	Wallemiomycotina	0.030466567478133717	12974		
12975	Wallemiomycotina	0.0017057457166089933	12975		
12976	Wallemiomycotina	0.015492010472727025	12976		
12977	Wallemiomycotina	0.0	12977		
12978	Wallemiomycotina	0.004801884833340297	12978		
12979	Wallemiomycotina	0.03507717393645197	12979		
12980	Wallemiomycotina	0.023094446844449595	12980		
12981	Wallemiomycotina	0.003960565603207839	12981		
12982	Wallemiomycotina	0.034515277650137954	12982		
12983	Wallemiomycotina	0.002813239634706158	12983		
12984	Wallemiomycotina	0.0	12984		
12985	Wallemiomycotina	0.0	12985		
12986	Wallemiomycotina	0.0	12986		
12987	Wallemiomycotina	0.0	12987		
12988	Wallemiomycotina	0.0	12988		
12989	Wallemiomycotina	0.004832954671468849	12989		
12990	Wallemiomycotina	0.0	12990		
12991	Wallemiomycotina	0.0	12991		
12992	Wallemiomycotina	0.0	12992		
12993	Wallemiomycotina	0.0	12993		
12994	Wallemiomycotina	0.0	12994		
12995	Wallemiomycotina	0.0	12995		
12996	Wallemiomycotina	0.0	12996		
12997	Wallemiomycotina	0.0	12997		
12998	Wallemiomycotina	0.0008708320441604051	12998		
12999	Wallemiomycotina	0.0	12999		
13000	Wallemiomycotina	0.0	13000		
13001	Wallemiomycotina	0.0	13001		
13002	Wallemiomycotina	0.0	13002		
13003	Wallemiomycotina	0.0	13003		
13004	Wallemiomycotina	0.0	13004		
13005	Wallemiomycotina	0.0	13005		
13006	Wallemiomycotina	0.0	13006		
13007	Wallemiomycotina	0.0	13007		
13008	Wallemiomycotina	0.0	13008		
13009	Wallemiomycotina	0.0	13009		
13010	Wallemiomycotina	0.0	13010		
13011	Wallemiomycotina	0.0	13011		
13012	Wallemiomycotina	0.0	13012		
13013	Wallemiomycotina	0.0	13013		
13014	Wallemiomycotina	0.0	13014		
13015	Wallemiomycotina	0.0	13015		
13016	Wallemiomycotina	0.0	13016		
13017	Wallemiomycotina	0.0	13017		
13018	Wallemiomycotina	0.0	13018		
13019	Wallemiomycotina	0.0	13019		
13020	Wallemiomycotina	0.0	13020		
13021	Wallemiomycotina	0.0	13021		
13022	Wallemiomycotina	0.0	13022		
13023	Wallemiomycotina	0.0	13023		
13024	Wallemiomycotina	0.0	13024		
13025	Wallemiomycotina	0.0	13025		
13026	Wallemiomycotina	0.005642834187939523	13026		
13027	Wallemiomycotina	0.0	13027		
13028	Wallemiomycotina	0.0	13028		
13029	Wallemiomycotina	0.0	13029		
13030	Wallemiomycotina	0.0	13030		
13031	Wallemiomycotina	0.0	13031		
13032	Wallemiomycotina	0.0	13032		
13033	Wallemiomycotina	0.0	13033		
13034	Wallemiomycotina	0.0	13034		
13035	Wallemiomycotina	0.0	13035		
13036	Wallemiomycotina	0.0	13036		
13037	Wallemiomycotina	0.0	13037		
13038	Wallemiomycotina	0.0	13038		
13039	Wallemiomycotina	0.0	13039		
13040	Wallemiomycotina	0.0	13040		
13041	Wallemiomycotina	0.0	13041		
13042	Wallemiomycotina	0.0	13042		
13043	Wallemiomycotina	0.0	13043		
13044	Wallemiomycotina	0.0	13044		
13045	Wallemiomycotina	0.0	13045		
13046	Wallemiomycotina	0.0	13046		
13047	Wallemiomycotina	0.0	13047		
13048	Wallemiomycotina	0.0	13048		
13049	Wallemiomycotina	0.0	13049		
13050	Wallemiomycotina	0.0	13050		
13051	Wallemiomycotina	0.0	13051		
13052	Wallemiomycotina	0.0	13052		
13053	Wallemiomycotina	0.0	13053		
13054	Wallemiomycotina	0.0	13054		
13055	Wallemiomycotina	0.0	13055		
13056	Wallemiomycotina	0.001510138358284175	13056		
13057	Wallemiomycotina	0.0	13057		
13058	Wallemiomycotina	0.0	13058		
13059	Wallemiomycotina	0.0	13059		
13060	Wallemiomycotina	0.0	13060		
13061	Wallemiomycotina	0.0	13061		
13062	Wallemiomycotina	0.0	13062		
13063	Wallemiomycotina	0.0	13063		
13064	Wallemiomycotina	0.0	13064		
13065	Wallemiomycotina	0.0	13065		
13066	Wallemiomycotina	0.0	13066		
13067	Wallemiomycotina	0.0	13067		
13068	Wallemiomycotina	0.0	13068		
13069	Wallemiomycotina	0.0	13069		
13070	Wallemiomycotina	0.0	13070		
13071	Wallemiomycotina	0.0	13071		
13072	Wallemiomycotina	0.0	13072		
13073	Wallemiomycotina	0.0	13073		
13074	Wallemiomycotina	0.0	13074		
13075	Wallemiomycotina	0.013927199275948668	13075		
13076	Wallemiomycotina	0.0	13076		
13077	Wallemiomycotina	0.0	13077		
13078	Wallemiomycotina	0.0	13078		
13079	Wallemiomycotina	0.0	13079		
13080	Wallemiomycotina	0.0	13080		
13081	Wallemiomycotina	0.0	13081		
13082	Wallemiomycotina	0.0	13082		
13083	Wallemiomycotina	0.002320528169664961	13083		
13084	Wallemiomycotina	0.0	13084		
13085	Wallemiomycotina	0.0026819449252738882	13085		
13086	Wallemiomycotina	0.0	13086		
13087	Wallemiomycotina	0.029240128233571045	13087		
13088	Wallemiomycotina	0.0012563360866192743	13088		
13089	Wallemiomycotina	0.0029306039697675874	13089		
13090	Wallemiomycotina	0.0	13090		
13091	Wallemiomycotina	0.0	13091		
13092	Wallemiomycotina	0.0	13092		
13093	Wallemiomycotina	0.0	13093		
13094	Wallemiomycotina	0.0033648356322778065	13094		
13095	Wallemiomycotina	0.0013116725315462127	13095		
13096	Wallemiomycotina	0.0	13096		
13097	Wallemiomycotina	0.0	13097		
13098	Wallemiomycotina	0.0	13098		
13099	Wallemiomycotina	0.018011016964411868	13099		
13100	Wallemiomycotina	0.017160046236620093	13100		
13101	Wallemiomycotina	0.004715611769577526	13101		
13102	Wallemiomycotina	0.0	13102		
13103	Wallemiomycotina	0.002967464287291074	13103		
13104	Wallemiomycotina	0.0	13104		
13105	Wallemiomycotina	0.004675704594031628	13105		
13106	Wallemiomycotina	0.028774143360155102	13106		
13107	Wallemiomycotina	0.0	13107		
13108	Wallemiomycotina	0.0	13108		
13109	Wallemiomycotina	0.0	13109		
13110	Wallemiomycotina	0.0	13110		
13111	Wallemiomycotina	0.0	13111		
13112	Wallemiomycotina	0.0	13112		
13113	Wallemiomycotina	0.0017515027706779237	13113		
13114	Wallemiomycotina	0.0	13114		
13115	Wallemiomycotina	0.0	13115		
13116	Wallemiomycotina	0.0	13116		
13117	Wallemiomycotina	0.0	13117		
13118	Wallemiomycotina	0.0	13118		
13119	Wallemiomycotina	0.0	13119		
13120	Wallemiomycotina	0.0026311960473774628	13120		
13121	Wallemiomycotina	0.004767457019036867	13121		
13122	Wallemiomycotina	0.0024116207581660535	13122		
13123	Wallemiomycotina	0.0	13123		
13124	Wallemiomycotina	0.0005664059133939217	13124		
13125	Wallemiomycotina	0.0	13125		
13126	Wallemiomycotina	0.0	13126		
13127	Wallemiomycotina	0.00035192593484083983	13127		
13128	Wallemiomycotina	0.001953226334082512	13128		
13129	Wallemiomycotina	0.0	13129		
13130	Wallemiomycotina	0.0	13130		
13131	Wallemiomycotina	0.0	13131		
13132	Wallemiomycotina	0.0	13132		
13133	Wallemiomycotina	0.0	13133		
13134	Wallemiomycotina	0.0	13134		
13135	Wallemiomycotina	0.0	13135		
13136	Wallemiomycotina	0.0	13136		
13137	Wallemiomycotina	0.0	13137		
13138	Wallemiomycotina	0.0	13138		
13139	Wallemiomycotina	0.0	13139		
13140	Wallemiomycotina	0.0	13140		
13141	Wallemiomycotina	0.0	13141		
13142	Wallemiomycotina	0.0	13142		
13143	Wallemiomycotina	0.0	13143		
13144	Wallemiomycotina	0.0	13144		
13145	Wallemiomycotina	0.0	13145		
13146	Wallemiomycotina	0.0	13146		
13147	Wallemiomycotina	0.0	13147		
13148	Wallemiomycotina	0.0	13148		
13149	Wallemiomycotina	0.0	13149		
13150	Wallemiomycotina	0.0	13150		
13151	Wallemiomycotina	0.0	13151		
13152	Wallemiomycotina	0.0	13152		
13153	Wallemiomycotina	0.0	13153		
13154	Wallemiomycotina	0.0	13154		
13155	Wallemiomycotina	0.0	13155		
13156	Wallemiomycotina	0.0	13156		
13157	Wallemiomycotina	0.0	13157		
13158	Wallemiomycotina	0.0	13158		
13159	Wallemiomycotina	0.0	13159		
13160	Wallemiomycotina	0.0	13160		
13161	Wallemiomycotina	0.0010326006713470394	13161		
13162	Wallemiomycotina	0.0	13162		
13163	Wallemiomycotina	0.00044348803127072523	13163		
13164	Wallemiomycotina	0.0026081287032208304	13164		
13165	Wallemiomycotina	0.000180329537218596	13165		
13166	Wallemiomycotina	0.0	13166		
13167	Wallemiomycotina	0.0	13167		
13168	Wallemiomycotina	0.0	13168		
13169	Wallemiomycotina	0.0	13169		
13170	Wallemiomycotina	0.0	13170		
13171	Wallemiomycotina	0.0	13171		
13172	Wallemiomycotina	0.0	13172		
13173	Wallemiomycotina	0.002469796503164039	13173		
13174	Wallemiomycotina	0.0	13174		
13175	Wallemiomycotina	0.0	13175		
13176	Wallemiomycotina	0.0028695799725408267	13176		
13177	Wallemiomycotina	0.0	13177		
13178	Wallemiomycotina	0.02922556807695907	13178		
13179	Wallemiomycotina	0.00139945146328334	13179		
13180	Wallemiomycotina	0.0	13180		
13181	Wallemiomycotina	0.0	13181		
13182	Wallemiomycotina	0.0	13182		
13183	Wallemiomycotina	0.0	13183		
13184	Wallemiomycotina	0.003575859575181787	13184		
13185	Wallemiomycotina	0.0	13185		
13186	Wallemiomycotina	0.0	13186		
13187	Wallemiomycotina	0.00371333757176652	13187		
13188	Wallemiomycotina	0.0	13188		
13189	Wallemiomycotina	0.0	13189		
13190	Wallemiomycotina	0.0	13190		
13191	Wallemiomycotina	0.0	13191		
13192	Wallemiomycotina	0.0	13192		
13193	Wallemiomycotina	0.0	13193		
13194	Wallemiomycotina	0.0	13194		
13195	Wallemiomycotina	0.0	13195		
13196	Wallemiomycotina	0.0	13196		
13197	Wallemiomycotina	0.0	13197		
13198	Wallemiomycotina	0.0	13198		
13199	Wallemiomycotina	0.0	13199		
13200	Wallemiomycotina	0.0	13200		
13201	Wallemiomycotina	0.0	13201		
13202	Wallemiomycotina	0.0	13202		
13203	Wallemiomycotina	0.0	13203		
13204	Wallemiomycotina	0.0	13204		
13205	Wallemiomycotina	0.0	13205		
13206	Wallemiomycotina	0.0	13206		
13207	Wallemiomycotina	0.0	13207		
13208	Wallemiomycotina	0.0	13208		
13209	Wallemiomycotina	0.0	13209		
13210	Wallemiomycotina	0.0	13210		
13211	Wallemiomycotina	0.0	13211		
13212	Wallemiomycotina	0.0	13212		
13213	Wallemiomycotina	0.0	13213		
13214	Wallemiomycotina	0.0	13214		
13215	Wallemiomycotina	0.0	13215		
13216	Wallemiomycotina	0.0028133206173337013	13216		
13217	Wallemiomycotina	0.0	13217		
13218	Wallemiomycotina	0.0	13218		
13219	Wallemiomycotina	0.0	13219		
13220	Wallemiomycotina	0.0	13220		
13221	Wallemiomycotina	0.0	13221		
13222	Wallemiomycotina	0.0	13222		
13223	Wallemiomycotina	0.0	13223		
13224	Wallemiomycotina	0.0	13224		
13225	Wallemiomycotina	0.0	13225		
13226	Wallemiomycotina	0.0	13226		
13227	Wallemiomycotina	0.005395862508379184	13227		
13228	Wallemiomycotina	0.0	13228		
13229	Wallemiomycotina	0.0	13229		
13230	Wallemiomycotina	0.0	13230		
13231	Wallemiomycotina	0.0	13231		
13232	Wallemiomycotina	0.0	13232		
13233	Wallemiomycotina	0.0	13233		
13234	Wallemiomycotina	0.0	13234		
13235	Wallemiomycotina	0.0	13235		
13236	Wallemiomycotina	0.0	13236		
13237	Wallemiomycotina	0.0	13237		
13238	Wallemiomycotina	0.014859175637934366	13238		
13239	Wallemiomycotina	0.0	13239		
13240	Wallemiomycotina	0.0	13240		
13241	Wallemiomycotina	0.0	13241		
13242	Wallemiomycotina	0.0	13242		
13243	Wallemiomycotina	0.0	13243		
13244	Wallemiomycotina	0.0	13244		
13245	Wallemiomycotina	0.0	13245		
13246	Wallemiomycotina	0.0	13246		
13247	Wallemiomycotina	0.0	13247		
13248	Wallemiomycotina	0.0	13248		
13249	Wallemiomycotina	0.005127055405256765	13249		
13250	Wallemiomycotina	0.0	13250		
13251	Wallemiomycotina	0.0	13251		
13252	Wallemiomycotina	0.0	13252		
13253	Wallemiomycotina	0.0	13253		
13254	Wallemiomycotina	0.0007087871047443499	13254		
13255	Wallemiomycotina	0.0	13255		
13256	Wallemiomycotina	0.0	13256		
13257	Wallemiomycotina	0.001322512727733466	13257		
13258	Wallemiomycotina	0.005437197999111136	13258		
13259	Wallemiomycotina	0.0032452460471430193	13259		
13260	Wallemiomycotina	0.0	13260		
13261	Wallemiomycotina	0.0	13261		
13262	Wallemiomycotina	0.0	13262		
13263	Wallemiomycotina	0.0	13263		
13264	Wallemiomycotina	0.0	13264		
13265	Wallemiomycotina	0.0	13265		
13266	Wallemiomycotina	0.0	13266		
13267	Wallemiomycotina	0.0	13267		
13268	Wallemiomycotina	0.0	13268		
13269	Wallemiomycotina	0.0	13269		
13270	Wallemiomycotina	0.018460300089460122	13270		
13271	Wallemiomycotina	0.0	13271		
13272	Wallemiomycotina	0.0	13272		
13273	Wallemiomycotina	0.0	13273		
13274	Wallemiomycotina	0.0	13274		
13275	Wallemiomycotina	0.0	13275		
13276	Wallemiomycotina	0.0	13276		
13277	Wallemiomycotina	0.0	13277		
13278	Wallemiomycotina	0.0	13278		
13279	Wallemiomycotina	0.0	13279		
13280	Wallemiomycotina	0.0	13280		
13281	Wallemiomycotina	0.0014853158105279035	13281		
13282	Wallemiomycotina	0.0	13282		
13283	Wallemiomycotina	0.0	13283		
13284	Wallemiomycotina	0.0	13284		
13285	Wallemiomycotina	0.0	13285		
13286	Wallemiomycotina	0.019238951435494266	13286		
13287	Wallemiomycotina	0.005118514915947231	13287		
13288	Wallemiomycotina	0.0	13288		
13289	Wallemiomycotina	0.0031878752177310742	13289		
13290	Wallemiomycotina	0.0	13290		
13291	Wallemiomycotina	0.004901320716312901	13291		
13292	Wallemiomycotina	0.03058250126547594	13292		
13293	Wallemiomycotina	0.0	13293		
13294	Wallemiomycotina	0.0	13294		
13295	Wallemiomycotina	0.0	13295		
13296	Wallemiomycotina	0.0	13296		
13297	Wallemiomycotina	0.0	13297		
13298	Wallemiomycotina	0.0	13298		
13299	Wallemiomycotina	0.001845285787587895	13299		
13300	Wallemiomycotina	0.0	13300		
13301	Wallemiomycotina	0.0	13301		
13302	Wallemiomycotina	0.0	13302		
13303	Wallemiomycotina	0.0	13303		
13304	Wallemiomycotina	0.0	13304		
13305	Wallemiomycotina	0.0	13305		
13306	Wallemiomycotina	0.0	13306		
13307	Wallemiomycotina	0.0	13307		
13308	Wallemiomycotina	0.0	13308		
13309	Wallemiomycotina	0.0	13309		
13310	Wallemiomycotina	0.0	13310		
13311	Wallemiomycotina	0.0	13311		
13312	Wallemiomycotina	0.0	13312		
13313	Wallemiomycotina	0.0	13313		
13314	Wallemiomycotina	0.0	13314		
13315	Wallemiomycotina	0.0	13315		
13316	Wallemiomycotina	0.0	13316		
13317	Wallemiomycotina	0.0	13317		
13318	Wallemiomycotina	0.0	13318		
13319	Wallemiomycotina	0.0	13319		
13320	Wallemiomycotina	0.0	13320		
13321	Wallemiomycotina	0.0	13321		
13322	Wallemiomycotina	0.0	13322		
13323	Wallemiomycotina	0.0	13323		
13324	Wallemiomycotina	0.0	13324		
13325	Wallemiomycotina	0.0	13325		
13326	Wallemiomycotina	0.0	13326		
13327	Wallemiomycotina	0.0	13327		
13328	Wallemiomycotina	0.0	13328		
13329	Wallemiomycotina	0.0	13329		
13330	Wallemiomycotina	0.0	13330		
13331	Wallemiomycotina	0.0	13331		
13332	Wallemiomycotina	0.0	13332		
13333	Wallemiomycotina	0.0	13333		
13334	Wallemiomycotina	0.0	13334		
13335	Wallemiomycotina	0.0	13335		
13336	Wallemiomycotina	0.0	13336		
13337	Wallemiomycotina	0.0	13337		
13338	Wallemiomycotina	0.0	13338		
13339	Wallemiomycotina	0.0	13339		
13340	Wallemiomycotina	0.0	13340		
13341	Wallemiomycotina	0.0	13341		
13342	Wallemiomycotina	0.0	13342		
13343	Wallemiomycotina	0.0	13343		
13344	Wallemiomycotina	0.0	13344		
13345	Wallemiomycotina	0.0	13345		
13346	Wallemiomycotina	0.0	13346		
13347	Wallemiomycotina	0.0	13347		
13348	Wallemiomycotina	0.0	13348		
13349	Wallemiomycotina	0.0	13349		
13350	Wallemiomycotina	0.0	13350		
13351	Wallemiomycotina	0.0	13351		
13352	Wallemiomycotina	0.0	13352		
13353	Wallemiomycotina	0.0	13353		
13354	Wallemiomycotina	0.0	13354		
13355	Wallemiomycotina	0.0	13355		
13356	Wallemiomycotina	0.0	13356		
13357	Wallemiomycotina	0.0	13357		
13358	Wallemiomycotina	0.0	13358		
13359	Wallemiomycotina	0.0	13359		
13360	Wallemiomycotina	0.0	13360		
13361	Wallemiomycotina	0.0	13361		
13362	Wallemiomycotina	0.0	13362		
13363	Wallemiomycotina	0.0	13363		
13364	Wallemiomycotina	0.0	13364		
13365	Wallemiomycotina	0.0	13365		
13366	Wallemiomycotina	0.0	13366		
13367	Wallemiomycotina	0.0	13367		
13368	Wallemiomycotina	0.0	13368		
13369	Wallemiomycotina	0.0	13369		
13370	Wallemiomycotina	0.0	13370		
13371	Wallemiomycotina	0.0	13371		
13372	Wallemiomycotina	0.0	13372		
13373	Wallemiomycotina	0.0	13373		
13374	Wallemiomycotina	0.0	13374		
13375	Wallemiomycotina	0.0	13375		
13376	Wallemiomycotina	0.0	13376		
13377	Wallemiomycotina	0.0	13377		
13378	Wallemiomycotina	0.0	13378		
13379	Wallemiomycotina	0.0	13379		
13380	Wallemiomycotina	0.0	13380		
13381	Wallemiomycotina	0.0	13381		
13382	Wallemiomycotina	0.0	13382		
13383	Wallemiomycotina	0.0	13383		
13384	Wallemiomycotina	0.0	13384		
13385	Wallemiomycotina	0.0	13385		
13386	Wallemiomycotina	0.0	13386		
13387	Wallemiomycotina	0.0	13387		
13388	Wallemiomycotina	0.0	13388		
13389	Wallemiomycotina	0.0	13389		
13390	Wallemiomycotina	0.0	13390		
13391	Wallemiomycotina	0.0	13391		
13392	Wallemiomycotina	0.0	13392		
13393	Wallemiomycotina	0.0	13393		
13394	Wallemiomycotina	0.0	13394		
13395	Wallemiomycotina	0.0	13395		
13396	Wallemiomycotina	0.0	13396		
13397	Wallemiomycotina	0.0	13397		
13398	Wallemiomycotina	0.0	13398		
13399	Wallemiomycotina	0.0	13399		
13400	Wallemiomycotina	0.0	13400		
13401	Wallemiomycotina	0.0	13401		
13402	Wallemiomycotina	0.0	13402		
13403	Wallemiomycotina	0.0	13403		
13404	Wallemiomycotina	0.0	13404		
13405	Wallemiomycotina	0.0	13405		
13406	Wallemiomycotina	0.0	13406		
13407	Wallemiomycotina	0.0	13407		
13408	Wallemiomycotina	0.0	13408		
13409	Wallemiomycotina	0.0	13409		
13410	Wallemiomycotina	0.0	13410		
13411	Wallemiomycotina	0.0	13411		
13412	Wallemiomycotina	0.0	13412		
13413	Wallemiomycotina	0.0	13413		
13414	Wallemiomycotina	0.0	13414		
13415	Wallemiomycotina	0.0	13415		
13416	Wallemiomycotina	0.0	13416		
13417	Wallemiomycotina	0.0	13417		
13418	Wallemiomycotina	0.0	13418		
13419	Wallemiomycotina	0.0	13419		
13420	Wallemiomycotina	0.0	13420		
13421	Wallemiomycotina	0.0	13421		
13422	Wallemiomycotina	0.0	13422		
13423	Wallemiomycotina	0.0	13423		
13424	Wallemiomycotina	0.0	13424		
13425	Wallemiomycotina	0.0	13425		
13426	Wallemiomycotina	0.0	13426		
13427	Wallemiomycotina	0.0	13427		
13428	Wallemiomycotina	0.0	13428		
13429	Wallemiomycotina	0.0	13429		
13430	Wallemiomycotina	0.0001531759501504188	13430		
13431	Wallemiomycotina	0.0	13431		
13432	Wallemiomycotina	0.0	13432		
13433	Wallemiomycotina	0.0	13433		
13434	Wallemiomycotina	0.0	13434		
13435	Wallemiomycotina	0.0	13435		
13436	Wallemiomycotina	0.0	13436		
13437	Wallemiomycotina	0.0	13437		
13438	Wallemiomycotina	0.0	13438		
13439	Wallemiomycotina	0.0	13439		
13440	Wallemiomycotina	0.0	13440		
13441	Wallemiomycotina	0.0	13441		
13442	Wallemiomycotina	0.0	13442		
13443	Wallemiomycotina	0.0	13443		
13444	Wallemiomycotina	0.0	13444		
13445	Wallemiomycotina	0.0	13445		
13446	Wallemiomycotina	0.0	13446		
13447	Wallemiomycotina	0.0	13447		
13448	Wallemiomycotina	0.0	13448		
13449	Wallemiomycotina	0.0	13449		
13450	Wallemiomycotina	0.0	13450		
13451	Wallemiomycotina	0.0	13451		
13452	Wallemiomycotina	0.0	13452		
13453	Wallemiomycotina	0.0	13453		
13454	Wallemiomycotina	0.0	13454		
13455	Wallemiomycotina	0.0	13455		
13456	Wallemiomycotina	0.0	13456		
13457	Wallemiomycotina	0.0	13457		
13458	Wallemiomycotina	0.0	13458		
13459	Wallemiomycotina	0.0	13459		
13460	Wallemiomycotina	0.0	13460		
13461	Wallemiomycotina	0.0	13461		
13462	Wallemiomycotina	0.0	13462		
13463	Wallemiomycotina	0.0	13463		
13464	Wallemiomycotina	0.0	13464		
13465	Wallemiomycotina	0.0	13465		
13466	Wallemiomycotina	0.0	13466		
13467	Wallemiomycotina	0.0	13467		
13468	Wallemiomycotina	0.0	13468		
13469	Wallemiomycotina	0.0	13469		
13470	Wallemiomycotina	0.0	13470		
13471	Wallemiomycotina	0.0	13471		
13472	Wallemiomycotina	0.0	13472		
13473	Wallemiomycotina	0.0	13473		
13474	Wallemiomycotina	0.0	13474		
13475	Wallemiomycotina	0.00030440350983963223	13475		
13476	Wallemiomycotina	0.0050744754200499455	13476		
13477	Wallemiomycotina	0.004512631376992586	13477		
13478	Wallemiomycotina	0.0051618387035079856	13478		
13479	Wallemiomycotina	0.00030502600358234554	13479		
13480	Wallemiomycotina	0.005161838822192081	13480		
13481	Wallemiomycotina	0.0	13481		
13482	Wallemiomycotina	0.0	13482		
13483	Wallemiomycotina	0.0	13483		
13484	Wallemiomycotina	0.0	13484		
13485	Wallemiomycotina	0.0	13485		
13486	Wallemiomycotina	0.0	13486		
13487	Wallemiomycotina	0.0	13487		
13488	Wallemiomycotina	0.0	13488		
13489	Wallemiomycotina	0.0	13489		
13490	Wallemiomycotina	0.0	13490		
13491	Wallemiomycotina	0.0	13491		
13492	Wallemiomycotina	0.0	13492		
13493	Wallemiomycotina	0.0	13493		
13494	Wallemiomycotina	0.0	13494		
13495	Wallemiomycotina	0.0	13495		
13496	Wallemiomycotina	0.0	13496		
13497	Wallemiomycotina	0.0	13497		
13498	Wallemiomycotina	0.00022144872029628734	13498		
13499	Wallemiomycotina	0.0	13499		
13500	Wallemiomycotina	0.0	13500		
13501	Wallemiomycotina	0.0	13501		
13502	Wallemiomycotina	0.0	13502		
13503	Wallemiomycotina	0.0	13503		
13504	Wallemiomycotina	0.0	13504		
13505	Wallemiomycotina	0.0	13505		
13506	Wallemiomycotina	0.0	13506		
13507	Wallemiomycotina	0.0	13507		
13508	Wallemiomycotina	0.0	13508		
13509	Wallemiomycotina	0.0	13509		
13510	Wallemiomycotina	0.0	13510		
13511	Wallemiomycotina	0.0	13511		
13512	Wallemiomycotina	0.0	13512		
13513	Wallemiomycotina	0.0	13513		
13514	Wallemiomycotina	0.0	13514		
13515	Wallemiomycotina	0.0	13515		
13516	Wallemiomycotina	0.0	13516		
