ID	total	classified	unclassified
DRR000713	11442510	26037	11416473
DRR000714	7945318	84404	7860914
DRR205701	113438276	25657556	87780720
DRR205702	112992078	15050868	97941210
DRR205703	131517470	62899344	68618126
ERR11641206	10113606	43703	10069903
ERR11641208	20818522	27987	20790535
ERR11641210	9547144	49528	9497616
ERR11641213	29591486	146399	29445087
ERR11641215	53609826	227159	53382667
ERR11641216	21857782	122398	21735384
ERR11641217	16920102	44100	16876002
ERR11641218	52202626	116383	52086243
ERR11641219	21048510	94073	20954437
ERR11641220	21414456	66811	21347645
ERR11641221	22036462	148723	21887739
ERR11641222	1515446	9024	1506422
ERR11641223	12838228	110102	12728126
ERR11641224	166748	94	166654
ERR11641225	5828940	78776	5750164
ERR11641226	9570548	40037	9530511
ERR11641227	612790	1529	611261
ERR11641272	44630946	68309	44562637
ERR11641273	14475550	29765	14445785
ERR11641274	424870	183	424687
ERR11641275	27074	406	26668
ERR11641276	2867846	26659	2841187
ERR11641277	859724	2365	857359
ERR11641278	17386522	73225	17313297
ERR11641279	713730	1519	712211
ERR11641280	21307186	119916	21187270
ERR11641281	11184	713	10471
ERR11641282	1527512	344937	1182575
ERR11641283	66008	275	65733
ERR11641284	5908982	43711	5865271
ERR11641285	10660820	32134	10628686
ERR11641286	15503514	38810	15464704
ERR11641471	25441606	246566	25195040
ERR11641472	50912	90	50822
ERR11641473	34644	111	34533
ERR11641474	193888	755	193133
ERR11641475	707708	1658	706050
ERR11641476	11110150	43129	11067021
ERR11641694	26180158	155850	26024308
ERR11641695	10589088	45516	10543572
ERR11641696	17930260	11196	17919064
ERR11641881	62692560	151721	62540839
ERR11641947	32373892	295300	32078592
ERR11642211	16596860	30800	16566060
ERR11642229	8037092	13192	8023900
ERR11642232	18573566	94537	18479029
ERR11642233	4384268	14296	4369972
ERR11642235	6078028	19168	6058860
ERR11642240	812426	3476	808950
ERR11642242	2396886	12954	2383932
ERR11642248	31572996	60538	31512458
ERR11642250	19806572	20066	19786506
ERR11642251	50288	979	49309
ERR11642252	55278	7823	47455
ERR11642280	22283818	39492	22244326
ERR11642305	29543910	210241	29333669
ERR11642596	14976006	66737	14909269
ERR11642600	17207050	56976	17150074
ERR11642602	21435090	93393	21341697
ERR11642608	9692616	44237	9648379
ERR11642609	28226	782	27444
ERR11642610	20304	825	19479
ERR11642613	1826260	1154	1825106
ERR11642615	738590	254	738336
ERR11642616	402954	288	402666
ERR11642617	916204	485	915719
ERR11642664	34580362	88172	34492190
ERR11642671	20313426	16475	20296951
ERR11642673	10863864	16139	10847725
ERR11647578	47048006	403047	46644959
ERR11647604	37949936	283758	37666178
ERR11647606	12715114	97603	12617511
ERR11647607	8716	388	8328
ERR11647608	30208	9	30199
ERR11647610	150644	67	150577
ERR11647611	28876	9	28867
ERR11647612	161338	47	161291
ERR11647613	67032	311	66721
ERR11647632	23144646	106152	23038494
ERR11647637	2586212	19476	2566736
ERR11718190	3847286	27230	3820056
ERR11718191	1466798	14671	1452127
ERR11718192	5203660	21295	5182365
ERR11718193	2821106	32371	2788735
ERR11718194	4199262	28391	4170871
ERR11718195	3000112	28258	2971854
ERR11718196	5297792	20046	5277746
ERR11718197	5403412	43083	5360329
ERR11718198	3022648	14982	3007666
ERR11718199	2245604	16410	2229194
ERR11718200	4662608	33775	4628833
ERR11718201	1705548	13622	1691926
ERR11718202	3344478	25699	3318779
ERR11718203	1385516	11566	1373950
ERR11718204	7162362	55892	7106470
ERR11718205	1748956	16377	1732579
ERR11718206	2788776	21746	2767030
ERR11718207	3916876	13529	3903347
ERR11718208	6238980	27843	6211137
ERR11865276	3321934	21015	3300919
ERR11865277	3471678	25533	3446145
ERR11865278	3983030	21413	3961617
ERR11865279	1020	131	889
ERR11865280	247128	2501	244627
ERR11865281	14734	618	14116
ERR11865282	552580	3892	548688
ERR11865283	4135884	224233	3911651
ERR11865284	2562244	58388	2503856
ERR11865285	3367396	50049	3317347
ERR11865286	3807890	50107	3757783
ERR11865287	3798576	92052	3706524
ERR11865288	2925436	19386	2906050
ERR11865289	2875408	14099	2861309
ERR11865290	3989350	31083	3958267
ERR11865291	3775302	20780	3754522
ERR11865292	1502944	15253	1487691
ERR11865293	3266868	17541	3249327
ERR11865294	3283078	18833	3264245
ERR11865295	3107352	17637	3089715
ERR11865296	2587150	26568	2560582
ERR11865297	1930670	18543	1912127
ERR11865298	3441656	32971	3408685
ERR11865299	4169542	47397	4122145
ERR11865300	2460712	18618	2442094
ERR11865301	3348920	18805	3330115
ERR11865302	3993240	26212	3967028
ERR11865303	5615918	36745	5579173
ERR11865304	2271690	22224	2249466
ERR11865305	3153750	27239	3126511
ERR11865306	3350696	27125	3323571
ERR11865307	3667442	30296	3637146
ERR11865308	3340374	23044	3317330
ERR11865309	2959322	19594	2939728
ERR11865310	4071192	25758	4045434
ERR11865311	4086844	25667	4061177
ERR11865312	2937754	15665	2922089
ERR11865313	3998662	18964	3979698
ERR11865314	4174318	20499	4153819
ERR11865315	3635388	17957	3617431
ERR11865316	1805846	12390	1793456
ERR11865317	3380678	20713	3359965
ERR11865318	3561900	17735	3544165
ERR11865319	3274360	15989	3258371
ERR11865320	1637792	10042	1627750
ERR11865321	2855682	18757	2836925
ERR11865322	3755056	24361	3730695
ERR11865323	3763122	23591	3739531
ERR11865324	2020182	18071	2002111
ERR11865325	2551806	14510	2537296
ERR11865326	4103258	24671	4078587
ERR11865327	3042216	19472	3022744
ERR11865328	886562	13587	872975
ERR11865329	2568230	14361	2553869
ERR11865330	3854746	18221	3836525
ERR11865331	3413650	18765	3394885
ERR11865332	1280944	16985	1263959
ERR11865333	3189250	18807	3170443
ERR11865334	3924746	25289	3899457
ERR11865335	3211568	18378	3193190
ERR11865336	1079508	10777	1068731
ERR11865337	3860924	21704	3839220
ERR11865338	2961682	12968	2948714
ERR11865339	5565760	30826	5534934
ERR11865340	1052188	13514	1038674
ERR11865341	3645714	18576	3627138
ERR11865342	4039096	25540	4013556
ERR11865343	5116158	31677	5084481
ERR11865344	1959258	64604	1894654
ERR11865345	3637742	26235	3611507
ERR11865346	4823354	49705	4773649
ERR11865347	5237312	36686	5200626
ERR11865348	2662248	21386	2640862
ERR11865349	4304870	29130	4275740
ERR11865350	4214398	29407	4184991
ERR11865351	3287496	18585	3268911
ERR11865352	3370724	23330	3347394
ERR11865353	3414598	20086	3394512
ERR11865354	3522536	24287	3498249
ERR11865355	3666642	21867	3644775
ERR11865356	3897738	17833	3879905
ERR11865357	3205792	21096	3184696
ERR11865358	3751670	20838	3730832
ERR11865359	3829562	20714	3808848
ERR11865360	4388140	25254	4362886
ERR11865361	3920494	21810	3898684
ERR11865362	3780824	17466	3763358
ERR11865363	4384732	26194	4358538
ERR11865364	2335640	19292	2316348
ERR11865365	3865492	23775	3841717
ERR11865366	17585528	54767	17530761
ERR11865367	2002306	12461	1989845
ERR11865368	4810802	30600	4780202
ERR11865369	4546532	23691	4522841
ERR11865370	3891648	14648	3877000
ERR11865371	3611752	14686	3597066
ERR11865372	4656352	20051	4636301
ERR11865373	4103048	26906	4076142
ERR11865374	4597640	40481	4557159
ERR11865375	4251262	26712	4224550
ERR11865376	4501806	14824	4486982
ERR11865377	3602426	28592	3573834
ERR11865378	3199674	22842	3176832
ERR11865379	4773962	28710	4745252
ERR11865380	4036986	22908	4014078
ERR11865381	3143830	18073	3125757
ERR11865382	4067026	28264	4038762
ERR11865383	4289856	23065	4266791
ERR11865384	4929082	27508	4901574
ERR11865385	1818052	45195	1772857
ERR11865386	2476452	17549	2458903
ERR11865387	3895944	49032	3846912
ERR11865388	3837104	31377	3805727
ERR11865389	3155362	20737	3134625
ERR11865390	3279540	20910	3258630
ERR11865391	3189202	17220	3171982
ERR11865392	3771498	24087	3747411
ERR11865393	3035406	21313	3014093
ERR11865394	3113684	22188	3091496
ERR11865395	3776022	22423	3753599
ERR11865396	3801062	24759	3776303
ERR11865397	2378508	58621	2319887
ERR11865398	3308362	32713	3275649
ERR11865399	4509128	40773	4468355
ERR11865400	3829832	37080	3792752
ERR11865401	2842178	31867	2810311
ERR11865402	2900324	22334	2877990
ERR11865403	3794184	34236	3759948
ERR11865404	3829564	27325	3802239
ERR11865405	2746336	19161	2727175
ERR11865406	4051368	33012	4018356
ERR11865407	3179860	16262	3163598
ERR11865408	3982596	25263	3957333
ERR11865409	3279320	22357	3256963
ERR11865410	3353284	44239	3309045
ERR11865411	3973558	75006	3898552
ERR11865412	3931362	33432	3897930
ERR11865413	2436436	28276	2408160
ERR11865414	4025820	21083	4004737
ERR11865415	4151438	32247	4119191
ERR11865416	4073764	23861	4049903
ERR11865417	3296512	21761	3274751
ERR11865418	3830318	24178	3806140
ERR11865419	4070650	26782	4043868
ERR11865420	4205046	20533	4184513
ERR11865421	3077044	20127	3056917
ERR11865422	2592418	15891	2576527
ERR11865423	4304104	23823	4280281
ERR11865424	4125208	34481	4090727
ERR11865425	4222134	29503	4192631
ERR11865426	3814132	22471	3791661
ERR11865432	4410124	27005	4383119
ERR11865442	3195532	31269	3164263
ERR1638125	41369	10359	31010
ERR1638127	49789	16072	33717
ERR1638128	41155	7392	33763
ERR1638129	54665	15441	39224
ERR1638130	102857	33157	69700
ERR1638131	134747	31358	103389
ERR1638132	34414	25398	9016
ERR1638133	77075	25503	51572
ERR1638134	29314	4402	24912
ERR1638137	80584	18684	61900
ERR1638140	38339	10869	27470
ERR1638171	31	0	31
ERR1638176	62	0	62
ERR1638177	2769	17	2752
ERR1638178	84	0	84
ERR1653129	176413	894	175519
ERR1653130	237089	4775	232314
ERR1653131	76386	2521	73865
ERR1653132	150192	3981	146211
ERR1653135	68264	1282	66982
ERR1653136	136476	3331	133145
ERR1653137	153137	1846	151291
ERR1653138	149058	1173	147885
ERR1653139	200553	2052	198501
ERR1653140	260048	846	259202
ERR1653141	36190	671	35519
ERR1653142	229957	4185	225772
ERR1653143	97554	2319	95235
ERR1653145	98895	1653	97242
ERR1653146	217308	1805	215503
ERR1981156	149196	34719	114477
ERR1981157	146421	38961	107460
ERR1981158	174784	71944	102840
ERR1981159	278652	115314	163338
ERR1981160	378632	245381	133251
ERR1981161	302410	85431	216979
ERR1981162	332632	109663	222969
ERR1981163	172176	37503	134673
ERR1981164	411390	132084	279306
ERR1981165	393174	147276	245898
ERR1981166	729368	6062	723306
ERR1981167	727062	4773	722289
ERR1981168	702960	9048	693912
ERR1981169	563130	7943	555187
ERR1981170	720832	7887	712945
ERR1981171	880438	6570	873868
ERR1981172	707860	5643	702217
ERR1981173	831232	6709	824523
ERR1981174	700488	4820	695668
ERR1981175	846364	5197	841167
ERR2014795	149193	34721	114472
ERR2014796	146412	38955	107457
ERR2014797	174786	71939	102847
ERR2014798	278652	115324	163328
ERR2014799	378636	245382	133254
ERR2014800	302418	85434	216984
ERR2014801	332628	109666	222962
ERR2014802	172176	37503	134673
ERR2014803	411406	132081	279325
ERR2014804	393152	147272	245880
ERR2014805	729366	6062	723304
ERR2014806	727064	4773	722291
ERR2014807	702960	9048	693912
ERR2014809	720832	7887	712945
ERR2014811	707860	5643	702217
ERR2014814	846362	5197	841165
ERR2021947	242349	68722	173627
ERR2021948	189019	47784	141235
ERR2021949	348282	91044	257238
ERR2021950	133627	21562	112065
ERR2102261	105665326	264560	105400766
ERR2126384	90734626	126192	90608434
ERR2133080	95028852	128241	94900611
ERR2135449	99920206	145180	99775026
ERR2135457	75965392	98576	75866816
ERR2135518	95574546	157810	95416736
ERR2135519	85488400	1000513	84487887
ERR2212267	9997210	37512	9959698
ERR2212268	44197664	213158	43984506
ERR2212269	7514706	54672	7460034
ERR2212270	7878046	175953	7702093
ERR2212271	5408908	19376	5389532
ERR2212272	15026614	56501	14970113
ERR2212273	10002704	50469	9952235
ERR2212274	12547164	55642	12491522
ERR2212275	9262672	34874	9227798
ERR2212276	8241954	33843	8208111
ERR2212277	5653048	19912	5633136
ERR2212278	5448772	29816	5418956
ERR2212279	7484382	35290	7449092
ERR2212280	7959790	2221826	5737964
ERR2212281	8420374	1352982	7067392
ERR2212282	8494146	1235725	7258421
ERR2212283	4380460	21477	4358983
ERR2212284	5558944	1229949	4328995
ERR2212285	9261444	1030335	8231109
ERR2212286	4085466	55616	4029850
ERR2212287	13672754	74929	13597825
ERR2212288	11650030	3308151	8341879
ERR2212289	9973386	1364138	8609248
ERR2212290	14468594	759617	13708977
ERR2212291	23506384	103258	23403126
ERR2212292	16622414	8278090	8344324
ERR2212293	2605848	61939	2543909
ERR2212294	14937362	6048095	8889267
ERR2212295	16693996	83798	16610198
ERR2212296	3790894	2267369	1523525
ERR2212297	8976550	3210358	5766192
ERR2212298	3559474	893663	2665811
ERR2212299	8247544	39137	8208407
ERR2212300	16223644	6434454	9789190
ERR2212301	9467032	3275094	6191938
ERR2212302	8686386	3571016	5115370
ERR2212303	1456214	324672	1131542
ERR2212304	661620	139740	521880
ERR2212305	889308	180539	708769
ERR2212306	1084250	279362	804888
ERR2212307	2319864	736848	1583016
ERR2212308	1430870	456991	973879
ERR2226381	0	0	0
ERR2226382	0	0	0
ERR2226383	0	0	0
ERR2226384	0	0	0
ERR2226385	0	0	0
ERR2226386	0	0	0
ERR2231567	1605908	312389	1293519
ERR2231568	3392750	545198	2847552
ERR2231569	1874078	353343	1520735
ERR2231570	4045216	534973	3510243
ERR2231571	2384684	248899	2135785
ERR2231572	4295894	303516	3992378
ERR2401479	132866976	213024	132653952
ERR2401480	101811460	135860	101675600
ERR2401481	101321622	123424	101198198
ERR2401482	127258390	187816	127070574
ERR2437613	59206278	131374	59074904
ERR2437614	94209398	109060	94100338
ERR2982980	499100	945	498155
ERR2982981	538458	448	538010
ERR2982982	612810	702	612108
ERR2982983	461064	499	460565
ERR2982984	480356	510	479846
ERR3141386	203924	34051	169873
ERR3141387	175968	27692	148276
ERR3141388	434644	182055	252589
ERR3141389	226740	54054	172686
ERR3141390	260710	31644	229066
ERR3141391	147440	53381	94059
ERR3141392	204842	124334	80508
ERR3141393	245688	50755	194933
ERR3141394	507924	134319	373605
ERR3141395	235778	73668	162110
ERR3141396	353064	41420	311644
ERR3141397	89912	33752	56160
ERR3141398	254340	47501	206839
ERR3141399	154194	26677	127517
ERR3141400	130362	15842	114520
ERR3141401	119114	55595	63519
ERR3141402	113030	20933	92097
ERR3141403	131010	23054	107956
ERR3141404	84034	15372	68662
ERR3141405	291294	82314	208980
ERR3141406	254368	56515	197853
ERR3141407	339684	70795	268889
ERR3141408	132716	49699	83017
ERR3141409	335960	116707	219253
ERR3141410	309186	112105	197081
ERR3141411	244122	72174	171948
ERR3141412	187530	31279	156251
ERR3141413	140792	31360	109432
ERR3141414	159666	27102	132564
ERR3141415	94304	24609	69695
ERR3141416	174926	26756	148170
ERR3141417	161962	77956	84006
ERR3141418	227174	114016	113158
ERR3141419	250884	104956	145928
ERR3141420	170690	31956	138734
ERR3141421	107816	48455	59361
ERR3141422	146796	53245	93551
ERR3141423	228650	41928	186722
ERR3141424	212736	35354	177382
ERR3141425	227828	28723	199105
ERR3141426	186998	71514	115484
ERR3141427	111716	41876	69840
ERR3141428	176642	57177	119465
ERR3141429	245982	91867	154115
ERR3141430	112710	38730	73980
ERR3141431	174046	56891	117155
ERR3141432	138316	20665	117651
ERR3141433	97508	13111	84397
ERR3141434	65464	12944	52520
ERR3141435	105456	25715	79741
ERR3141436	152660	52335	100325
ERR3141437	117098	38006	79092
ERR3141438	515122	106093	409029
ERR3141439	190394	52620	137774
ERR3141440	176990	50799	126191
ERR3141441	370748	51922	318826
ERR3141442	156224	17787	138437
ERR3141443	200992	30580	170412
ERR3141444	284910	48009	236901
ERR3141445	262274	40937	221337
ERR3141446	473998	56543	417455
ERR3141447	184838	29667	155171
ERR3141448	281564	41594	239970
ERR3141449	267616	35651	231965
ERR3141450	250230	33262	216968
ERR3141451	309610	104414	205196
ERR3141452	226610	73727	152883
ERR3141453	243990	71042	172948
ERR3141454	32134	6454	25680
ERR3141455	394442	58603	335839
ERR3141456	315202	53746	261456
ERR3141457	284232	58391	225841
ERR3141458	250722	40602	210120
ERR3141459	137098	34385	102713
ERR3141460	183154	62097	121057
ERR3141461	185734	78982	106752
ERR3141462	147454	36677	110777
ERR3141463	228000	75795	152205
ERR3141464	169890	43259	126631
ERR3141465	161540	41946	119594
ERR3141466	96972	24836	72136
ERR3141467	194468	43329	151139
ERR3141468	103082	24710	78372
ERR3141469	131276	30605	100671
ERR3141470	132014	42676	89338
ERR3141471	152908	54956	97952
ERR3141472	188168	62256	125912
ERR3141473	138008	30991	107017
ERR3141474	141340	33672	107668
ERR3141475	151680	36802	114878
ERR3141476	145304	32688	112616
ERR3141477	176036	37319	138717
ERR3141478	194436	42254	152182
ERR3141479	157114	49386	107728
ERR3141480	157112	45643	111469
ERR3141482	193632	39255	154377
ERR3141484	293524	169762	123762
ERR3141486	190330	35574	154756
ERR3141494	160722	35797	124925
ERR3141495	199440	45314	154126
ERR3141496	95370	13326	82044
ERR3143461	1143368	837	1142531
ERR3143462	627258	350	626908
ERR3143463	880098	351	879747
ERR3143464	916942	220	916722
ERR3143465	893860	107	893753
ERR3143466	700104	31	700073
ERR3143467	984992	401	984591
ERR3143469	1045040	956	1044084
ERR3143470	765134	710	764424
ERR3143471	1196694	519	1196175
ERR3143472	1009462	210	1009252
ERR3143473	924708	411	924297
ERR3143474	597414	239	597175
ERR3143475	1070490	271	1070219
ERR3340746	5365618	71366	5294252
ERR3340747	4863082	19816	4843266
ERR3340748	5167218	31030	5136188
ERR3340749	5085202	72801	5012401
ERR3340750	4879330	29312	4850018
ERR3340751	4584412	69102	4515310
ERR3340752	5540656	89888	5450768
ERR3340753	4232456	2517878	1714578
ERR3340754	4669922	3127503	1542419
ERR3340755	6134678	37663	6097015
ERR3340756	3492888	21445	3471443
ERR3340757	6376198	309982	6066216
ERR3340758	4454198	24448	4429750
ERR3340759	4992958	28803	4964155
ERR3340760	4015066	24007	3991059
ERR3340761	5469356	30679	5438677
ERR3340762	5481660	26317	5455343
ERR3340763	2030568	8018	2022550
ERR3340764	5145696	32730	5112966
ERR3340765	5478786	76221	5402565
ERR3340766	2900362	15967	2884395
ERR3340767	4533682	50544	4483138
ERR3340768	4134912	22897	4112015
ERR3340769	5614030	81439	5532591
ERR3340770	6567074	82413	6484661
ERR3340771	1724248	162502	1561746
ERR3340772	4054106	32634	4021472
ERR3340773	4440494	17265	4423229
ERR3340774	5181804	32777	5149027
ERR3340775	5283800	89382	5194418
ERR3340776	4092248	23185	4069063
ERR3340777	3123100	563293	2559807
ERR3340778	4932558	14762	4917796
ERR3340779	4697362	52322	4645040
ERR3340780	7173124	20627	7152497
ERR3340781	6123400	106082	6017318
ERR3340782	3778636	29492	3749144
ERR3340783	4093282	22752	4070530
ERR3340784	3681372	35937	3645435
ERR3340785	6350668	345907	6004761
ERR3340786	2937518	83028	2854490
ERR3340787	3852162	85294	3766868
ERR3340788	760402	24184	736218
ERR3340789	3217486	3939	3213547
ERR3340790	5417456	38212	5379244
ERR3340791	3437244	62380	3374864
ERR3340792	9728284	193499	9534785
ERR3340793	4149584	92145	4057439
ERR3340794	3744258	41335	3702923
ERR3340795	3891354	22378	3868976
ERR3340796	2999460	30580	2968880
ERR3340797	4228826	16737	4212089
ERR3340798	5102618	56411	5046207
ERR3340799	4077296	278587	3798709
ERR3340800	3726834	25625	3701209
ERR3340801	6985328	1909364	5075964
ERR3340802	4827426	179821	4647605
ERR3340803	2165294	278787	1886507
ERR3340804	3633976	48539	3585437
ERR3340805	2719672	35788	2683884
ERR3340806	4107698	31285	4076413
ERR3340807	2891634	466712	2424922
ERR3340808	6436564	419331	6017233
ERR3340809	2790186	316265	2473921
ERR3340810	3433328	73954	3359374
ERR3340811	1267872	7527	1260345
ERR3340812	3214172	101611	3112561
ERR3340813	8187580	448361	7739219
ERR3340814	4060924	26145	4034779
ERR3340815	4255358	131046	4124312
ERR3340816	3538386	876930	2661456
ERR3340817	2555116	10936	2544180
ERR3340818	4363438	16738	4346700
ERR3340819	14491508	5095952	9395556
ERR3340820	4139376	23401	4115975
ERR3340821	4242482	41967	4200515
ERR3340822	4622636	973213	3649423
ERR3479076	634266	1514	632752
ERR3479077	419162	943	418219
ERR3479078	750790	1162	749628
ERR3479079	552338	412	551926
ERR3479080	472128	588	471540
ERR3479081	617838	668	617170
ERR3479082	570520	439	570081
ERR3479083	1236232	1087	1235145
ERR3479084	1266304	1445	1264859
ERR3479085	173190	369	172821
ERR3479086	706940	542	706398
ERR3479087	489028	106	488922
ERR3964979	83500	79	83421
ERR3964980	111500	191	111309
ERR4142707	6530960	56307	6474653
ERR4142708	5450812	1143	5449669
ERR4142709	5472322	1216	5471106
ERR4142710	5528194	46602	5481592
ERR4142711	7244352	35827	7208525
ERR4142712	5324698	9233	5315465
ERR4142713	5277982	18247	5259735
ERR4142714	6012126	1069	6011057
ERR4142715	5383476	923	5382553
ERR4142716	5153670	7530	5146140
ERR4142717	5985100	1179	5983921
ERR4142718	6416818	1092	6415726
ERR4142719	8696104	166676	8529428
ERR4142720	7121144	48310	7072834
ERR4142721	1352872	3861	1349011
ERR4142722	203456	2778	200678
ERR4142723	4138188	10673	4127515
ERR4142724	5069138	12097	5057041
ERR4757803	5050630	124114	4926516
ERR4757804	5891080	801558	5089522
ERR4757805	6397826	926458	5471368
ERR4757806	5104230	28013	5076217
ERR4757807	6007254	97885	5909369
ERR4757808	989392	5186	984206
ERR4757809	4006572	603306	3403266
ERR4757810	5700382	69904	5630478
ERR4757811	4873662	23393	4850269
ERR4757812	7046886	820140	6226746
ERR4757813	6259556	85798	6173758
ERR4757814	5341686	152145	5189541
ERR4757815	6130896	142744	5988152
ERR4757816	5438050	862492	4575558
ERR4757817	5414048	30028	5384020
ERR4757818	4271602	402420	3869182
ERR4757819	4635280	203181	4432099
ERR4757820	966676	66728	899948
ERR4757821	1310486	39912	1270574
ERR4757822	5877422	59855	5817567
ERR4757823	6324316	104120	6220196
ERR4757824	6074174	4930318	1143856
ERR4757825	6385778	94291	6291487
ERR4757826	4957724	485747	4471977
ERR4757827	6188910	46140	6142770
ERR4757828	4875858	50459	4825399
ERR4757829	6077894	3779110	2298784
ERR4757830	8586100	71497	8514603
ERR4757831	6107314	38458	6068856
ERR4757832	1110600	69973	1040627
ERR4757833	6529644	21385	6508259
ERR4757834	6184530	80768	6103762
ERR4757835	6608114	36027	6572087
ERR4757836	6632232	145143	6487089
ERR4757837	5827852	168720	5659132
ERR4757838	7219758	675234	6544524
ERR4757839	4353674	804003	3549671
ERR4757840	9007104	108641	8898463
ERR4757841	3919518	63661	3855857
ERR4757842	6063958	520955	5543003
ERR4757843	6824350	850705	5973645
ERR4757844	631320	108776	522544
ERR4757845	5304372	114566	5189806
ERR4757846	5429908	106916	5322992
ERR4757847	3795682	451351	3344331
ERR4757848	6310052	128731	6181321
ERR4757849	5058902	34762	5024140
ERR4757850	5800018	227283	5572735
ERR4757851	5679774	450463	5229311
ERR4757852	5948550	17497	5931053
ERR4757853	6938754	320739	6618015
ERR4757854	5273496	1900977	3372519
ERR4757855	6375960	566532	5809428
ERR4757856	6244988	144871	6100117
ERR4757857	5265188	1496262	3768926
ERR4757858	5219748	29505	5190243
ERR4757859	4959058	39080	4919978
ERR4757860	5478518	73698	5404820
ERR7245779	192085938	433317	191652621
ERR7245780	181009080	297691	180711389
ERR752910	6288851	24093	6264758
ERR752911	7103545	28877	7074668
ERR752912	8139092	29145	8109947
ERR752913	9826513	27840	9798673
ERR752914	4088063	20184	4067879
ERR752915	8952747	27123	8925624
ERR752916	8805644	30721	8774923
ERR752917	6471365	29723	6441642
ERR752918	5844056	22279	5821777
ERR752919	16959284	46717	16912567
SRR10454481	4559084	113002	4446082
SRR10454482	4515404	107669	4407735
SRR10454483	4892376	523860	4368516
SRR10454484	6020182	175019	5845163
SRR10454485	8409166	487772	7921394
SRR10454486	5207060	80304	5126756
SRR10454487	5346946	73009	5273937
SRR10454488	6030850	136983	5893867
SRR10454489	5348084	204087	5143997
SRR10454490	8117264	367623	7749641
SRR10454491	5111182	257858	4853324
SRR10454492	5064254	103490	4960764
SRR10454493	4774154	222979	4551175
SRR10454494	5637840	128563	5509277
SRR10454495	5933530	319399	5614131
SRR10454496	5730732	98106	5632626
SRR10454497	4754104	150731	4603373
SRR10454498	5472496	368475	5104021
SRR10454499	2490950	76373	2414577
SRR10454500	4731240	305718	4425522
SRR10454501	3272920	87107	3185813
SRR10454502	1803194	21207	1781987
SRR10454503	5400232	186551	5213681
SRR10454504	5350520	45878	5304642
SRR10454505	5059390	81013	4978377
SRR10454506	6026320	212109	5814211
SRR10454507	4201198	655137	3546061
SRR10454508	5157102	238949	4918153
SRR10454509	5245796	148218	5097578
SRR10454510	5356904	184670	5172234
SRR10454511	6704962	220333	6484629
SRR10454512	6130328	144570	5985758
SRR10454513	6775576	132117	6643459
SRR10454514	7150010	207558	6942452
SRR10454515	5815704	210901	5604803
SRR10454516	3605192	209540	3395652
SRR10454517	6718410	332443	6385967
SRR10454518	1953400	102423	1850977
SRR10454519	4401054	257024	4144030
SRR10454520	4816714	238426	4578288
SRR10664429	66433440	71314	66362126
SRR10664430	48552234	106003	48446231
SRR10664431	48958272	78900	48879372
SRR10664432	68325098	109890	68215208
SRR10664433	46496936	50716	46446220
SRR10997046	27831414	1166403	26665011
SRR10997047	32653848	4329491	28324357
SRR10997048	10043018	757160	9285858
SRR10997049	33241520	3129111	30112409
SRR10997050	24567602	116409	24451193
SRR11036331	77668762	4980229	72688533
SRR11036332	47247026	6439144	40807882
SRR11602138	4499620	451	4499169
SRR11602139	35805080	222841	35582239
SRR11602140	31355592	553299	30802293
SRR11602141	24054990	1499359	22555631
SRR11602142	30107432	8111621	21995811
SRR11602143	30365830	5730982	24634848
SRR11602144	21654742	4578774	17075968
SRR11602145	27083058	82886	27000172
SRR11602146	33196836	59996	33136840
SRR11602147	35808424	1087996	34720428
SRR11602148	36579296	2089365	34489931
SRR11602149	40001488	821776	39179712
SRR11602150	36385248	9793943	26591305
SRR11602151	29935952	5080424	24855528
SRR11602152	33116666	9024373	24092293
SRR11602153	42794304	111840	42682464
SRR11602154	42297606	424314	41873292
SRR11602155	40106910	687533	39419377
SRR11602156	65889884	126832	65763052
SRR11602157	61620714	173792	61446922
SRR11605259	11396456	54213	11342243
SRR11605260	12399422	66341	12333081
SRR11605261	9963682	43711	9919971
SRR11605262	8315262	6966795	1348467
SRR11605263	12462084	39045	12423039
SRR11605264	14312482	88027	14224455
SRR11605265	8886588	27232	8859356
SRR11605266	11060658	33218	11027440
SRR11605267	8212796	48206	8164590
SRR11605268	8120706	58460	8062246
SRR11605269	8162342	38975	8123367
SRR11605270	13340552	30729	13309823
SRR11605271	11127416	28122	11099294
SRR11605272	11357358	56478	11300880
SRR11605273	11093962	53920	11040042
SRR11605274	9479682	53151	9426531
SRR11909515	32382180	11985538	20396642
SRR11909516	60270304	188328	60081976
SRR11909887	50790164	3897043	46893121
SRR11909888	43126346	277550	42848796
SRR11910122	354162	196	353966
SRR11910123	576416	1240	575176
SRR11910124	772164	2375	769789
SRR11910125	744918	2360	742558
SRR11910126	813904	2848	811056
SRR11910127	841532	2169	839363
SRR11910128	2441120	4220	2436900
SRR11910129	1209078	2934	1206144
SRR11910130	1419736	6111	1413625
SRR11910131	2679836	23278	2656558
SRR11910132	1793944	10611	1783333
SRR11910133	276886	686	276200
SRR11910134	512960	6417	506543
SRR11910135	357906	1583	356323
SRR11910136	244354	489	243865
SRR11910137	73362	109	73253
SRR11910138	5312456	59374	5253082
SRR11910139	1796950	4832	1792118
SRR11910140	2586190	7128	2579062
SRR11910141	13682994	151997	13530997
SRR11910142	2182394	7074	2175320
SRR11910143	642922	1518	641404
SRR11910144	1543634	18182	1525452
SRR11910145	35058	99	34959
SRR11910146	660086	2040	658046
SRR11910147	3813340	36695	3776645
SRR11910148	992768	3034	989734
SRR11910149	2601742	27658	2574084
SRR11910150	1303982	4189	1299793
SRR11910151	1042038	2481	1039557
SRR11910152	1024214	12913	1011301
SRR11910153	1217818	7382	1210436
SRR11910154	904782	18818	885964
SRR11910155	379076	3332	375744
SRR11910156	5209630	42808	5166822
SRR11910157	811966	2194	809772
SRR11910158	1014816	2813	1012003
SRR11910159	608700	1514	607186
SRR11910160	1019414	14832	1004582
SRR11910161	1668350	40855	1627495
SRR11910162	2798534	8040	2790494
SRR11910163	4552766	82619	4470147
SRR11910164	2722520	5909	2716611
SRR11910165	300622	825	299797
SRR11910166	368742	1105	367637
SRR11910167	434088	1305	432783
SRR11910168	513628	1465	512163
SRR11910169	936222	6760	929462
SRR11910170	522294	1406	520888
SRR11910171	5277298	267950	5009348
SRR11910172	1913482	12090	1901392
SRR11910173	1495284	56235	1439049
SRR11910174	3315268	16370	3298898
SRR11910175	1335240	14883	1320357
SRR11910176	1960242	5653	1954589
SRR11910177	1409580	9187	1400393
SRR11910178	1091414	3152	1088262
SRR11910179	2426670	12872	2413798
SRR11910180	2148790	9137	2139653
SRR11910181	12071272	140848	11930424
SRR11910182	1018394	12428	1005966
SRR11910183	1027272	3339	1023933
SRR11910184	5529912	32717	5497195
SRR11910185	2593292	6884	2586408
SRR11910186	1096722	2886	1093836
SRR11910187	2671192	7059	2664133
SRR11910188	365048	1067	363981
SRR11910189	488804	6146	482658
SRR11910190	512680	4929	507751
SRR11910191	654922	2181	652741
SRR11910192	676018	6534	669484
SRR11910193	11828546	94254	11734292
SRR11910194	353566	424	353142
SRR11910195	1630204	3064	1627140
SRR11910196	529456	886	528570
SRR11910197	732114	947	731167
SRR11910198	518324	1939	516385
SRR11910199	982062	4513	977549
SRR11910200	1905766	6521	1899245
SRR11910201	877640	2951	874689
SRR11910202	704882	5848	699034
SRR11910203	1630086	4423	1625663
SRR11910204	3309512	7244	3302268
SRR11910205	3103286	9607	3093679
SRR11910206	1919082	27746	1891336
SRR11910207	1202072	6679	1195393
SRR11910208	2003992	446367	1557625
SRR11910209	1832066	12224	1819842
SRR11910210	2141508	33534	2107974
SRR11910211	1476450	5310	1471140
SRR11910212	1572572	3650	1568922
SRR11910213	1064006	5510	1058496
SRR11910214	2218690	16156	2202534
SRR11910215	564190	6486	557704
SRR11910216	3319136	12161	3306975
SRR11910217	618286	1833	616453
SRR11910218	2567010	19281	2547729
SRR11910219	3471074	17104	3453970
SRR11910220	2875298	9237	2866061
SRR11910221	3103432	17541	3085891
SRR11910222	2658984	21510	2637474
SRR11910223	2955646	20463	2935183
SRR11910224	2167696	6950	2160746
SRR11910225	237638	693	236945
SRR11910226	1020312	18709	1001603
SRR11910227	153370	118	153252
SRR11910228	2207968	21484	2186484
SRR11910229	370230	952	369278
SRR11910230	37080	332	36748
SRR11910231	870766	3610	867156
SRR11910232	153648	242	153406
SRR11910233	2390410	14801	2375609
SRR11910234	1133304	4187	1129117
SRR11910235	177952	277	177675
SRR11910236	998342	3108	995234
SRR11910237	19016	7	19009
SRR11910238	2900206	79250	2820956
SRR11910239	2265610	5641	2259969
SRR11910240	3714334	39817	3674517
SRR11910241	2690524	15732	2674792
SRR11910242	471326	1613	469713
SRR11910243	1542726	4131	1538595
SRR11910244	2704948	18829	2686119
SRR11910245	794822	1896	792926
SRR11910246	969942	4097	965845
SRR11910247	645120	5561	639559
SRR11910248	1055386	1585	1053801
SRR11910249	894866	3288	891578
SRR11910250	1207532	11915	1195617
SRR11910251	728420	1641	726779
SRR11910252	7341998	42538	7299460
SRR11910253	3509860	20762	3489098
SRR11910254	1911146	4339	1906807
SRR11910255	6902524	14871	6887653
SRR11910256	3396566	24068	3372498
SRR11910257	4350892	13120	4337772
SRR11910258	410414	1071	409343
SRR11910259	7662490	28746	7633744
SRR11910260	5403904	50404	5353500
SRR11910261	6245368	17995	6227373
SRR11910262	1189278	3258	1186020
SRR11910263	383066	1869	381197
SRR11910264	840772	9071	831701
SRR11910265	360488	1152	359336
SRR11910266	127402	298	127104
SRR11910267	885488	2437	883051
SRR11910268	1545772	8662	1537110
SRR11910269	7309784	16824	7292960
SRR11910270	8705654	59178	8646476
SRR11910271	3228966	10434	3218532
SRR11910272	8279778	37423	8242355
SRR11910273	1080886	4803	1076083
SRR11910274	4964440	12722	4951718
SRR11910275	4661278	12626	4648652
SRR11910276	443198	2255	440943
SRR11910277	1518134	8625	1509509
SRR11910278	5551090	78710	5472380
SRR11910279	971530	7603	963927
SRR11910280	447000	4773	442227
SRR11910281	449652	1212	448440
SRR11910282	1968674	56751	1911923
SRR11910283	1602812	4120	1598692
SRR11910284	4660352	23530	4636822
SRR11910285	6362556	48828	6313728
SRR11910286	2820218	8418	2811800
SRR11910287	1260910	3078	1257832
SRR11910288	10260916	105806	10155110
SRR11910289	1223664	4930	1218734
SRR11910290	354522	953	353569
SRR11910291	667610	4305	663305
SRR11910292	1787140	30131	1757009
SRR11910293	873710	6463	867247
SRR11910294	141362	203	141159
SRR11910295	353110	1332	351778
SRR11910296	602724	1545	601179
SRR11910297	5913472	64953	5848519
SRR11910298	7308822	19839	7288983
SRR11910299	1921346	7435	1913911
SRR11910300	3202436	35214	3167222
SRR11910301	2563146	16219	2546927
SRR11910302	1813466	4807	1808659
SRR11910303	1909472	5403	1904069
SRR11910304	1679110	16331	1662779
SRR11910305	2834372	7470	2826902
SRR11910306	5737956	26541	5711415
SRR11910307	9619936	169624	9450312
SRR11910308	2355848	9458	2346390
SRR11910309	5424946	70755	5354191
SRR11910310	972798	3782	969016
SRR11910311	6712456	18785	6693671
SRR11910312	4003178	57067	3946111
SRR11910313	1721426	6945	1714481
SRR11910314	6396718	25928	6370790
SRR11910315	8142366	155463	7986903
SRR11910316	7165588	15396	7150192
SRR11910317	1066356	17407	1048949
SRR11910318	5601194	11493	5589701
SRR11910319	4069096	11209	4057887
SRR11910320	2450876	13090	2437786
SRR11910321	4999876	23470	4976406
SRR11910322	3135962	28806	3107156
SRR11910323	4563796	39198	4524598
SRR11910324	481712	534	481178
SRR11910325	944582	1912	942670
SRR11910326	3701624	18827	3682797
SRR11910327	1409066	3099	1405967
SRR11910328	381542	3859	377683
SRR11910329	3563804	15413	3548391
SRR11910330	370656	5930	364726
SRR11910331	19915518	179361	19736157
SRR11910332	6000592	60826	5939766
SRR11910333	8443674	107918	8335756
SRR11910334	5283768	41262	5242506
SRR11910335	611464	1374	610090
SRR11910336	5498638	21183	5477455
SRR11910337	10734412	23980	10710432
SRR11910338	2425080	15090	2409990
SRR11910339	3541788	10240	3531548
SRR11910340	4137470	52637	4084833
SRR11910341	3097504	18911	3078593
SRR11910342	272000	388	271612
SRR11910343	1856218	9348	1846870
SRR11910344	2831526	8305	2823221
SRR11910345	4215020	143708	4071312
SRR11910346	874114	4089	870025
SRR11910347	828122	10123	817999
SRR11910348	1004652	4037	1000615
SRR11910349	1372870	8109	1364761
SRR11910350	661364	5952	655412
SRR11910351	1704838	16396	1688442
SRR11910352	1894338	10714	1883624
SRR11910353	2055350	5612	2049738
SRR11910354	1785588	5511	1780077
SRR11910355	3876302	116388	3759914
SRR11910356	1477980	3620	1474360
SRR11910357	1948200	5446	1942754
SRR11910358	3159832	8343	3151489
SRR11910359	420894	1076	419818
SRR11910360	297710	1109	296601
SRR11910361	3777702	8791	3768911
SRR11910362	8291192	21664	8269528
SRR11910363	208232	570	207662
SRR11910364	12802880	72949	12729931
SRR11910365	831102	1947	829155
SRR11910366	934880	8156	926724
SRR11910367	941554	2318	939236
SRR11910368	769250	2040	767210
SRR11910369	6323372	22502	6300870
SRR11910370	539342	4048	535294
SRR11910371	2355678	6222	2349456
SRR11910372	8433620	39436	8394184
SRR11910373	2340896	10352	2330544
SRR11910374	15310144	41310	15268834
SRR11910375	3214684	28920	3185764
SRR11910376	565668	2485	563183
SRR11910377	1948368	5611	1942757
SRR11910378	2294104	5777	2288327
SRR11910379	1279036	5738	1273298
SRR11910380	643484	1728	641756
SRR11910381	9858	16	9842
SRR11910382	5920	16	5904
SRR11910383	1117670	1772	1115898
SRR11910384	161382	121	161261
SRR11910385	139330	522	138808
SRR11910386	216710	156	216554
SRR11910387	7066	29	7037
SRR11910388	11008	10	10998
SRR11910389	2013332	66472	1946860
SRR11910390	39364	122	39242
SRR11910391	170628	285	170343
SRR11910392	209018	189	208829
SRR11910393	981442	12326	969116
SRR11910394	1792114	9610	1782504
SRR11910395	1528540	3793	1524747
SRR11910396	2309684	5320	2304364
SRR11910397	3198848	50381	3148467
SRR11910398	3923484	30351	3893133
SRR11910399	590214	1318	588896
SRR11910400	2973630	7184	2966446
SRR11910401	1011592	4635	1006957
SRR11910402	4058210	33007	4025203
SRR11910403	3599174	9544	3589630
SRR11910404	3775942	54862	3721080
SRR11910405	1524936	6680	1518256
SRR11910406	260504	779	259725
SRR11910407	506552	1339	505213
SRR11910408	6759288	17813	6741475
SRR11910409	7089218	52392	7036826
SRR11910410	4737598	120308	4617290
SRR11910411	185732	810	184922
SRR11910412	202286	588	201698
SRR11910413	259490	870	258620
SRR11910414	6240674	16725	6223949
SRR11910415	989796	12973	976823
SRR11910416	317756	914	316842
SRR11910417	348940	1698	347242
SRR11910418	452530	1851	450679
SRR11910419	355178	990	354188
SRR11910420	2854414	7462	2846952
SRR11910421	810384	2252	808132
SRR11910422	1415148	5231	1409917
SRR11910423	1279092	3261	1275831
SRR11910424	1280152	5527	1274625
SRR11910425	1464876	22937	1441939
SRR11910426	1412642	16148	1396494
SRR11910427	1372246	3091	1369155
SRR11910428	1019916	4779	1015137
SRR11910429	1015220	2629	1012591
SRR11910430	687460	1747	685713
SRR11910431	709388	1693	707695
SRR11910432	1251504	5463	1246041
SRR11910433	1050868	12119	1038749
SRR11910434	1421112	8339	1412773
SRR11910435	427112	1125	425987
SRR11910436	5254700	19733	5234967
SRR11910437	2974564	6256	2968308
SRR11910438	1346948	7033	1339915
SRR11910439	1587920	4969	1582951
SRR11910535	33366952	8968336	24398616
SRR11910536	50428342	522500	49905842
SRR11916018	60667746	167653	60500093
SRR11916019	49887008	211169	49675839
SRR11916113	42036038	91436	41944602
SRR12227952	30081904	131168	29950736
SRR12227953	18521730	40631	18481099
SRR12227954	19425758	49247	19376511
SRR12227955	18984632	54350	18930282
SRR12227956	23855608	60578	23795030
SRR12227957	29068760	90429	28978331
SRR12227958	21048314	59002	20989312
SRR12227959	1715940	6599	1709341
SRR12227960	20369636	58132	20311504
SRR12227961	23198626	51486	23147140
SRR12227962	25302874	63198	25239676
SRR12227963	22968742	43658	22925084
SRR12227964	24473854	57430	24416424
SRR12227965	16823532	26358	16797174
SRR12227966	18116644	41629	18075015
SRR12387502	14582	4686	9896
SRR12387503	47666	19538	28128
SRR12387504	25444	10812	14632
SRR12387505	13308	9081	4227
SRR13259372	137666954	43234690	94432264
SRR13259373	58492978	13216128	45276850
SRR13259374	101725092	236243	101488849
SRR13259375	126056714	85267000	40789714
SRR13259376	136896106	4032883	132863223
SRR13259377	114060588	58870915	55189673
SRR13259378	112149216	257555	111891661
SRR13259379	114407796	29771305	84636491
SRR13308520	141084380	12031242	129053138
SRR13308521	185971386	90351680	95619706
SRR13308522	200530624	22863194	177667430
SRR13308523	182895696	1209902	181685794
SRR13308524	163571482	15256666	148314816
SRR13308525	205047640	12609337	192438303
SRR13308526	172516820	12242746	160274074
SRR13308527	178580532	60321242	118259290
SRR13308528	184577196	17976069	166601127
SRR13308529	185601590	33913024	151688566
SRR13308530	161092956	13183045	147909911
SRR13308531	132540812	5090647	127450165
SRR13308532	187454458	823716	186630742
SRR13308533	226771966	26797703	199974263
SRR13308534	200350452	2194282	198156170
SRR13308535	173129458	11038526	162090932
SRR13308536	200580470	875821	199704649
SRR13308537	173563400	935553	172627847
SRR13308538	182886192	5194640	177691552
SRR13308539	152138490	11109255	141029235
SRR13308540	173922848	95500237	78422611
SRR13308541	184448640	13006502	171442138
SRR13308542	182066500	3989954	178076546
SRR13708565	37498292	1860891	35637401
SRR13708566	29018308	229732	28788576
SRR13708567	33626876	377612	33249264
SRR13708568	31374738	214541	31160197
SRR13801804	97884796	373911	97510885
SRR13801805	84587940	224875	84363065
SRR13955739	3358056	10944	3347112
SRR13955740	4077134	101238	3975896
SRR13955741	3221928	12567	3209361
SRR13955742	3947952	14835	3933117
SRR13955743	3622202	24437	3597765
SRR13955744	3271336	49150	3222186
SRR13955745	3902174	13754	3888420
SRR13955746	3814698	13934	3800764
SRR13955747	4102068	49609	4052459
SRR13955748	3492446	22478	3469968
SRR13955749	3321770	13126	3308644
SRR13955750	3871986	41530	3830456
SRR13955751	3750238	14102	3736136
SRR13955752	2741760	3129	2738631
SRR13955753	2948002	11132	2936870
SRR13955754	3491112	37620	3453492
SRR13955755	4726598	66913	4659685
SRR13955756	3395002	13737	3381265
SRR13955757	2927626	8968	2918658
SRR13955758	1779666	5197	1774469
SRR13955759	3463114	34650	3428464
SRR13955760	3568764	12499	3556265
SRR13955761	2216638	41622	2175016
SRR13955762	3449502	2842	3446660
SRR13955763	3610248	10553	3599695
SRR13955764	3227590	14035	3213555
SRR13955765	1248366	3282	1245084
SRR13955766	4532326	129964	4402362
SRR13955767	4493436	50433	4443003
SRR14018896	67733934	16246983	51486951
SRR14018897	172850350	32300836	140549514
SRR15925267	18216134	6129326	12086808
SRR16950696	50897996	541196	50356800
SRR16950697	45658140	554883	45103257
SRR16950698	47453606	546008	46907598
SRR16950699	45855018	282369	45572649
SRR16950700	50453342	356075	50097267
SRR16950701	53908734	316691	53592043
SRR16950702	59941378	2052462	57888916
SRR16950703	61166594	2114181	59052413
SRR16950704	58146136	2015657	56130479
SRR17227786	77076682	3060714	74015968
SRR17227787	91496000	2787330	88708670
SRR17227788	78257786	61505701	16752085
SRR17227789	79459290	48058125	31401165
SRR17227790	57616802	220660	57396142
SRR17227791	56928490	276861	56651629
SRR17227792	77133742	637182	76496560
SRR17227793	80980992	1419574	79561418
SRR17227794	32579132	107371	32471761
SRR17227795	130041504	398689	129642815
SRR17227796	26197798	732220	25465578
SRR17227797	106249256	3109560	103139696
SRR17227798	61431626	24759465	36672161
SRR17227799	48537554	38843136	9694418
SRR17227800	80884678	1164669	79720009
SRR17227801	76376356	1960129	74416227
SRR17227802	42140038	1295063	40844975
SRR17227803	97364102	69650423	27713679
SRR1745841	0	0	0
SRR18214221	6474048	18334	6455714
SRR18214222	1614710	4863	1609847
SRR18214223	1110000	2440	1107560
SRR18214224	1887244	16636	1870608
SRR18214225	4384478	77249	4307229
SRR18214226	8858532	217288	8641244
SRR18214227	1162914	6540	1156374
SRR18214228	712540	11704	700836
SRR18214229	907000	2162	904838
SRR18214230	1815850	4444	1811406
SRR18214231	448930	2361	446569
SRR18214232	272154	851	271303
SRR18214233	954338	2134	952204
SRR18214234	3481240	26335	3454905
SRR18214235	2494340	7702	2486638
SRR18214236	3872038	33554	3838484
SRR18214237	5254528	8115	5246413
SRR18214238	3123228	17848	3105380
SRR18214239	4828904	202178	4626726
SRR18214240	2213116	7508	2205608
SRR18214241	2722150	8990	2713160
SRR18214242	1145974	3571	1142403
SRR18214243	3561518	42132	3519386
SRR18214244	787596	10675	776921
SRR18214245	598090	1427	596663
SRR18214246	7477364	46066	7431298
SRR18214247	1550776	3119	1547657
SRR18214248	9333334	107198	9226136
SRR18214249	760764	1754	759010
SRR18214250	4690506	13770	4676736
SRR18214251	2245850	9651	2236199
SRR18214252	2605342	7021	2598321
SRR18214253	526322	2251	524071
SRR18214254	3372504	65149	3307355
SRR18214255	2745520	9616	2735904
SRR18214256	14843010	242492	14600518
SRR18214257	4047516	17625	4029891
SRR18214258	3335708	16770	3318938
SRR18214259	1292116	11872	1280244
SRR18214260	1045000	2552	1042448
SRR18214261	260614	285	260329
SRR18214262	785400	1664	783736
SRR18214263	5520120	105285	5414835
SRR18214264	1886968	20044	1866924
SRR18214265	935290	2468	932822
SRR18214266	2277702	5979	2271723
SRR18214267	1189136	4522	1184614
SRR18214268	1708388	3649	1704739
SRR18214269	338360	1159	337201
SRR18214270	254366	2334	252032
SRR18214271	2453322	11702	2441620
SRR18214272	2386068	35246	2350822
SRR18214273	369034	820	368214
SRR18214274	7414456	114601	7299855
SRR18214275	3622756	21907	3600849
SRR18214276	125386	336	125050
SRR18214277	431856	614	431242
SRR18214278	831822	7103	824719
SRR18214279	3920062	10330	3909732
SRR18214280	3320798	8854	3311944
SRR18214281	4486066	30165	4455901
SRR18214282	5013686	49921	4963765
SRR18214283	414384	851	413533
SRR18214284	2174234	5274	2168960
SRR18214285	3278554	6555	3271999
SRR18214286	676522	1960	674562
SRR18214287	1135674	2645	1133029
SRR18214288	621336	2130	619206
SRR18214289	2985502	6315	2979187
SRR18214290	3011940	15505	2996435
SRR18214291	3678932	27168	3651764
SRR18214292	5650534	15987	5634547
SRR18214293	3043450	53002	2990448
SRR18214294	5059360	38145	5021215
SRR18214295	2777294	6311	2770983
SRR18214296	3917408	7809	3909599
SRR18214297	2148804	13034	2135770
SRR18214298	3325792	7860	3317932
SRR18214299	3739362	9273	3730089
SRR18214300	9616534	106687	9509847
SRR18214301	1606620	4183	1602437
SRR18214302	545542	1992	543550
SRR18214303	769088	2512	766576
SRR18214304	636094	4318	631776
SRR18214305	1875016	15992	1859024
SRR18214306	4273534	50065	4223469
SRR18214307	301812	752	301060
SRR18214308	316422	1057	315365
SRR18214309	4791854	19077	4772777
SRR18214310	2138652	6380	2132272
SRR18214311	7631130	88223	7542907
SRR18214312	293020	4144	288876
SRR18214313	1351250	27366	1323884
SRR18214314	4972974	14493	4958481
SRR18214315	2529896	6581	2523315
SRR18214316	2684998	12823	2672175
SRR18214317	1901306	4459	1896847
SRR18214318	3286696	46063	3240633
SRR18214319	4053908	30516	4023392
SRR18214320	11261860	59549	11202311
SRR18214321	3150940	48965	3101975
SRR18214322	2071280	6475	2064805
SRR18214323	989484	2695	986789
SRR18214324	511284	1559	509725
SRR18214325	2541288	4975	2536313
SRR18214326	1899068	13903	1885165
SRR18215260	3325776	38983	3286793
SRR18215261	2945302	11698	2933604
SRR18334997	5163092	251624	4911468
SRR18334998	9155310	993581	8161729
SRR18334999	4774922	598767	4176155
SRR18335000	12023666	668750	11354916
SRR18335001	5574630	281593	5293037
SRR18335002	9376162	192391	9183771
SRR18335003	3033110	35016	2998094
SRR18335004	1121290	53068	1068222
SRR18335005	16726900	170736	16556164
SRR18335006	13174908	125698	13049210
SRR18335007	14734766	167305	14567461
SRR18335008	8278098	1483998	6794100
SRR18335009	428680	71605	357075
SRR18335010	7231256	193462	7037794
SRR18335011	5043240	59204	4984036
SRR18335012	4131942	740069	3391873
SRR18335013	20482878	1153998	19328880
SRR18335014	3873064	169320	3703744
SRR18559126	1321508	17704	1303804
SRR18559127	2876640	39537	2837103
SRR18559128	3069780	10940	3058840
SRR18559129	1253652	4968	1248684
SRR18559130	16815860	96420	16719440
SRR18559131	414586	958	413628
SRR18559132	1481350	4821	1476529
SRR18559133	0	0	0
SRR18559134	71316	520	70796
SRR18559135	1040	0	1040
SRR18559136	1828644	15778	1812866
SRR18559137	767888	2646	765242
SRR18559138	2436704	8202	2428502
SRR18559139	1871546	30520	1841026
SRR18559140	1304074	5711	1298363
SRR18559141	3590162	12565	3577597
SRR18559142	1116622	2163	1114459
SRR18559143	2265770	12445	2253325
SRR18559144	3531982	13291	3518691
SRR18559145	1877718	12077	1865641
SRR18559146	310240	484	309756
SRR18559147	653084	2592	650492
SRR18559148	1152	5	1147
SRR18559149	1334078	3918	1330160
SRR18559150	2916586	12848	2903738
SRR18559151	50080	63	50017
SRR18559152	1920	9	1911
SRR18559153	511492	2266	509226
SRR18559154	610986	3106	607880
SRR18559155	1389636	6514	1383122
SRR18559156	25585364	76071	25509293
SRR18559157	604688	1089	603599
SRR18559158	118924	111	118813
SRR18559159	471362	772	470590
SRR18559160	778338	4909	773429
SRR18559161	740886	3305	737581
SRR18559162	2440978	22630	2418348
SRR18559163	514250	2997	511253
SRR18559164	782420	2145	780275
SRR18559165	931348	4017	927331
SRR18559166	351990	1731	350259
SRR18559167	277806	550	277256
SRR18559168	5969408	29892	5939516
SRR18559169	1736786	5784	1731002
SRR18559170	1332916	3930	1328986
SRR18559171	5750810	18723	5732087
SRR18559172	2620	9	2611
SRR18559173	1792120	5361	1786759
SRR18559174	2720	17	2703
SRR18559175	3220936	7378	3213558
SRR18559176	3280368	14600	3265768
SRR18559177	0	0	0
SRR18559178	1178228	85814	1092414
SRR18559179	2717560	11851	2705709
SRR18559180	8551626	23811	8527815
SRR18559181	2643564	30394	2613170
SRR18559182	516918	1947	514971
SRR18559183	871896	3692	868204
SRR18559184	10808410	39871	10768539
SRR18559185	2667962	9098	2658864
SRR18559186	1119990	1015274	104716
SRR18559187	957784	3032	954752
SRR18559188	434466	893	433573
SRR18559189	4536180	12043	4524137
SRR18559190	3191930	9019	3182911
SRR18559191	1686956	160484	1526472
SRR18559192	133854	164	133690
SRR18559193	2382246	7351	2374895
SRR18559194	293398	2097	291301
SRR18559195	6360968	18998	6341970
SRR18559196	1713972	8443	1705529
SRR18559197	1703520	5608	1697912
SRR18559198	1141716	3225	1138491
SRR18559199	1592746	12286	1580460
SRR18559200	570224	1555	568669
SRR18559201	2856684	8406	2848278
SRR18559202	336894	2143	334751
SRR18559203	1304142	3123	1301019
SRR18559204	1990052	10992	1979060
SRR18559205	48348	114	48234
SRR18559206	3036120	2167867	868253
SRR18559207	13963182	109596	13853586
SRR18559208	940682	3756	936926
SRR18559209	6270	20	6250
SRR18559210	1850814	24711	1826103
SRR18559211	1834378	7196	1827182
SRR18559212	204792	515	204277
SRR18559213	2005830	23015	1982815
SRR18559214	2100228	5730	2094498
SRR18559215	951282	1325	949957
SRR18559216	1009598	3532	1006066
SRR18559217	2585008	8732	2576276
SRR18559218	0	0	0
SRR18559219	71732	415	71317
SRR18559220	4069062	37842	4031220
SRR18559221	1624878	5732	1619146
SRR18559222	0	0	0
SRR18559223	147502	877	146625
SRR18559224	3531490	11887	3519603
SRR18559225	1232036	11416	1220620
SRR18559226	1955144	11312	1943832
SRR18559227	3764	20	3744
SRR18559228	653384	4540	648844
SRR18559229	0	0	0
SRR18559230	1682346	10026	1672320
SRR18559231	32388	177	32211
SRR18559232	3635618	9173	3626445
SRR18559233	1926	10	1916
SRR18559234	1502080	7497	1494583
SRR18559235	1130516	6027	1124489
SRR18559236	13019372	41026	12978346
SRR18559237	763502	3178	760324
SRR18559238	1710934	4159	1706775
SRR18559239	1428440	9280	1419160
SRR18559240	1443518	8247	1435271
SRR18559241	105296	6	105290
SRR18559242	1022538	4318	1018220
SRR18559243	962406	2311	960095
SRR18559244	466262	3419	462843
SRR18559245	1466384	9345	1457039
SRR18559246	321050	761	320289
SRR18559247	1886242	5471	1880771
SRR18559248	1219586	15673	1203913
SRR19505781	18058430	78620	17979810
SRR19505782	26170374	196320	25974054
SRR20746818	10703998	380007	10323991
SRR20746819	9150868	1851395	7299473
SRR20746820	6565698	42723	6522975
SRR20746821	6875658	38462	6837196
SRR20746822	6812068	32257	6779811
SRR20746823	2229962	6854	2223108
SRR20746824	5388858	22622	5366236
SRR20746825	1428402	6399	1422003
SRR20746826	3586380	8070	3578310
SRR20746827	2641774	24510	2617264
SRR20746829	4255184	19527	4235657
SRR20746830	6632648	43051	6589597
SRR20746831	7697606	52781	7644825
SRR20746832	6059568	69994	5989574
SRR20746833	4702092	18822	4683270
SRR20746834	7029192	35456	6993736
SRR20746835	8776970	66319	8710651
SRR20746836	4150346	22696	4127650
SRR20746837	7809088	76680	7732408
SRR20746838	5033038	20820	5012218
SRR20746839	8188770	48948	8139822
SRR20746840	8111148	46077	8065071
SRR20746841	6514212	40566	6473646
SRR20746843	5073522	35624	5037898
SRR20746844	2357624	28284	2329340
SRR20746845	8070324	75213	7995111
SRR20746846	5492204	36849	5455355
SRR20746847	13781658	100490	13681168
SRR20746848	11476262	63424	11412838
SRR20746849	9414744	67222	9347522
SRR20746850	4906216	50180	4856036
SRR20746851	7945290	56412	7888878
SRR20746852	5457846	25763	5432083
SRR20746854	7086992	31598	7055394
SRR20746855	6086608	39640	6046968
SRR20746856	5233466	27666	5205800
SRR20746857	5161790	34519	5127271
SRR20746858	8784200	91712	8692488
SRR20746859	9196184	57178	9139006
SRR20746860	7984038	54375	7929663
SRR20746861	10997400	131963	10865437
SRR20746862	12082050	126499	11955551
SRR20746863	7729922	57666	7672256
SRR20746865	9995360	573745	9421615
SRR20746866	10142344	712882	9429462
SRR20746867	5733128	2469315	3263813
SRR20746868	5824668	63938	5760730
SRR20746869	3974314	23420	3950894
SRR20746870	5801756	31663	5770093
SRR20746871	5473868	29620	5444248
SRR20746873	8199256	86850	8112406
SRR20746874	3212772	26060	3186712
SRR20746875	3515352	38875	3476477
SRR20746876	3503156	9107	3494049
SRR20746877	4400340	26283	4374057
SRR20746878	2513548	16962	2496586
SRR20746879	3174528	22977	3151551
SRR20746880	5574112	42190	5531922
SRR20746881	4644882	46786	4598096
SRR20746882	5282710	33760	5248950
SRR20746884	3933122	4924	3928198
SRR20746909	5025220	30740	4994480
SRR20746910	7176874	37026	7139848
SRR20746911	10862760	66669	10796091
SRR20746912	9266576	63093	9203483
SRR20746914	6249260	30326	6218934
SRR20746915	7504254	46348	7457906
SRR20746916	8872322	43969	8828353
SRR20746917	5684160	22935	5661225
SRR20746918	5615574	39760	5575814
SRR20746919	1763058	17410	1745648
SRR20746920	1627624	6588	1621036
SRR20746921	2618984	16025	2602959
SRR20746922	8652084	83527	8568557
SRR20746923	7869316	65938	7803378
SRR20746925	6893308	57657	6835651
SRR20746926	8045504	60046	7985458
SRR20746927	1831094	8444	1822650
SRR20746928	5451508	36406	5415102
SRR20746929	5040464	89282	4951182
SRR20746930	7783246	44323	7738923
SRR20746931	6393934	60882	6333052
SRR20746932	5347582	43368	5304214
SRR20746933	6402208	83368	6318840
SRR20746934	5515722	20247	5495475
SRR20746936	12513234	100135	12413099
SRR20746937	7691092	497428	7193664
SRR20746938	7524822	52006	7472816
SRR20746939	4817786	258962	4558824
SRR20746940	5708952	48140	5660812
SRR20746941	5481356	107342	5374014
SRR20746942	10292610	70668	10221942
SRR20746943	5251074	40867	5210207
SRR20746944	8250474	57112	8193362
SRR20746945	6521912	41039	6480873
SRR20746946	3350976	13507	3337469
SRR20746947	11599168	74097	11525071
SRR20746948	9684250	87493	9596757
SRR20746950	4514446	35235	4479211
SRR20746951	7844112	57373	7786739
SRR20746952	4385842	18713	4367129
SRR20746953	4866936	47273	4819663
SRR20746954	4774374	16407	4757967
SRR20746955	8771892	50681	8721211
SRR20746956	4952290	38635	4913655
SRR20746957	6861934	58234	6803700
SRR20746958	5679660	25038	5654622
SRR20746959	8237428	98894	8138534
SRR20746961	6833306	38789	6794517
SRR20746962	7209958	53352	7156606
SRR20746963	8573068	71357	8501711
SRR20746964	9235490	95046	9140444
SRR20746965	6432102	26109	6405993
SRR20746966	10006964	83591	9923373
SRR20746967	9609776	68675	9541101
SRR20746968	8555300	44097	8511203
SRR20746969	7415404	77423	7337981
SRR20746970	14581840	224095	14357745
SRR20746972	4304200	10593	4293607
SRR20746973	4097642	3006	4094636
SRR20746974	3045384	19948	3025436
SRR20746975	2443230	18690	2424540
SRR20746976	3101050	15478	3085572
SRR20746977	6102938	68228	6034710
SRR20746978	4208160	25711	4182449
SRR20746979	3814918	28884	3786034
SRR20746980	4761670	34663	4727007
SRR20746981	7371710	706350	6665360
SRR2081070	207783082	3174996	204608086
SRR20811130	4862090	215389	4646701
SRR20811131	4826244	183547	4642697
SRR20811132	4680042	143722	4536320
SRR20811133	2973134	423204	2549930
SRR20811134	3590314	719628	2870686
SRR20811136	2557426	267206	2290220
SRR20811137	3566330	148474	3417856
SRR20811138	1603796	406209	1197587
SRR20811139	1229648	565963	663685
SRR20811140	3423720	19468	3404252
SRR20811141	3741314	28986	3712328
SRR20811142	4765684	73101	4692583
SRR20811143	4019108	2320135	1698973
SRR20811144	1987128	801864	1185264
SRR20811145	3983330	38502	3944828
SRR20811147	4025260	380822	3644438
SRR20811148	3554252	62789	3491463
SRR20811149	3876808	116731	3760077
SRR20811150	4365116	434494	3930622
SRR20811151	2796298	497141	2299157
SRR20811152	3043972	141710	2902262
SRR20811153	2963184	977888	1985296
SRR20811174	3106136	333549	2772587
SRR20811175	2545320	911012	1634308
SRR20811176	1280282	152520	1127762
SRR20811178	2050502	248316	1802186
SRR20811179	12363548	1165843	11197705
SRR20811221	3750058	368386	3381672
SRR20811222	4715540	379440	4336100
SRR20811223	4334296	534847	3799449
SRR20811224	3218346	357340	2861006
SRR20811227	4147566	232463	3915103
SRR20811228	4453850	206084	4247766
SRR20811229	2972674	174418	2798256
SRR20811270	3303598	588410	2715188
SRR20811271	3153156	46104	3107052
SRR20811272	3509400	89720	3419680
SRR20811273	4169166	180114	3989052
SRR20811274	3089250	312704	2776546
SRR20811275	2578004	315044	2262960
SRR20811276	4374824	385595	3989229
SRR20811278	2048210	105051	1943159
SRR20811279	3144254	57393	3086861
SRR20811280	2847898	15402	2832496
SRR20811281	3188036	97072	3090964
SRR20811282	4842628	52240	4790388
SRR20811283	3860708	69392	3791316
SRR20811284	3099670	46561	3053109
SRR20811285	3622534	89319	3533215
SRR20811286	2546666	70432	2476234
SRR20811287	3598814	197568	3401246
SRR20811289	3398204	181750	3216454
SRR20811290	4390110	906426	3483684
SRR20811291	4475718	624397	3851321
SRR20811292	3798438	204294	3594144
SRR20811293	3536594	195596	3340998
SRR2182530	703404	1426	701978
SRR2182531	299126	681	298445
SRR2182532	1235656	5965	1229691
SRR2182533	3398602	11604	3386998
SRR2182534	2574528	11607	2562921
SRR2182535	3398604	11604	3387000
SRR2182536	522464	1104	521360
SRR2182537	94040	274	93766
SRR2182538	1040	0	1040
SRR2182539	2939234	10966	2928268
SRR2182540	630326	2065	628261
SRR2182541	0	0	0
SRR2182542	951282	1325	949957
SRR2182543	0	0	0
SRR2182544	567212	940	566272
SRR2182545	1429590	2067	1427523
SRR2182546	1815010	3948	1811062
SRR2182547	904840	3657	901183
SRR2182548	940682	3756	936926
SRR2182549	2105856	3936	2101920
SRR2182550	3842602	12741	3829861
SRR2182551	1871546	30520	1841026
SRR2182552	410116	857	409259
SRR2182553	261264	365	260899
SRR2182554	171542	95	171447
SRR2182555	362706	741	361965
SRR2182556	118924	111	118813
SRR2182557	1235656	5965	1229691
SRR2182558	714046	1698	712348
SRR2191941	4660566	47301	4613265
SRR2191942	4618418	44444	4573974
SRR22177341	41912974	703217	41209757
SRR22177342	57557324	506850	57050474
SRR22177343	37449954	1022557	36427397
SRR22177344	48348014	386516	47961498
SRR22177345	37834348	1223535	36610813
SRR22177346	19189670	547589	18642081
SRR22177347	41815860	1342090	40473770
SRR22177348	51049380	1645997	49403383
SRR22177349	37087132	299783	36787349
SRR22177350	38464348	402251	38062097
SRR22177351	56665130	113784	56551346
SRR22177352	48390556	393809	47996747
SRR22177353	41624012	631885	40992127
SRR22177354	49120296	579570	48540726
SRR22177355	50315188	337735	49977453
SRR22177356	54737424	356809	54380615
SRR22177357	41072268	870639	40201629
SRR22177358	42614938	611678	42003260
SRR22177359	46568112	3331365	43236747
SRR22177360	59796774	258691	59538083
SRR22177361	48233166	1193725	47039441
SRR22177362	37269462	796403	36473059
SRR22177363	35473048	1268709	34204339
SRR22177364	48802668	439359	48363309
SRR22177365	38342364	336872	38005492
SRR22177366	56334914	129885	56205029
SRR22177367	41344144	105519	41238625
SRR22177368	42972524	3991162	38981362
SRR22177369	44812314	4647649	40164665
SRR22177370	41732464	683767	41048697
SRR22177371	44104666	773031	43331635
SRR22177372	41372176	720989	40651187
SRR2219805	100890558	718061	100172497
SRR2219866	160160230	1135987	159024243
SRR22851057	42027424	362648	41664776
SRR22851058	52657946	769021	51888925
SRR22851167	20920292	28662	20891630
SRR22851168	30789164	41959	30747205
SRR22859377	34066168	129269	33936899
SRR22859378	35563762	92432	35471330
SRR22859379	38534616	123682	38410934
SRR22859380	31493704	121970	31371734
SRR25393882	47812778	5037722	42775056
SRR25393885	46109392	343934	45765458
SRR25394772	11409378	61506	11347872
SRR25394773	72041300	1447763	70593537
SRR25394774	51764322	306118	51458204
SRR25394775	20100862	120021	19980841
SRR26050771	1008860	2262	1006598
SRR26215759	3923324	181019	3742305
SRR26215760	4676908	125752	4551156
SRR26215761	4872438	87955	4784483
SRR26215762	4928174	174000	4754174
SRR26215763	4456580	153888	4302692
SRR26215764	4697554	209720	4487834
SRR26215765	4647406	98870	4548536
SRR26215766	4522020	90783	4431237
SRR26215767	4079872	96493	3983379
SRR26215768	5244474	530244	4714230
SRR26215769	4772550	929589	3842961
SRR26215770	4460514	739790	3720724
SRR26215771	4561038	953962	3607076
SRR26215772	3752416	584347	3168069
SRR26215773	4736856	860502	3876354
SRR26215774	4860056	883594	3976462
SRR26215775	5144656	1344987	3799669
SRR26215776	4536600	1531246	3005354
SRR26215777	5014408	1331078	3683330
SRR26215778	4653918	1890370	2763548
SRR26215779	4894094	163524	4730570
SRR26215780	4827718	3118544	1709174
SRR26215781	1928190	894633	1033557
SRR26215782	4130264	1124211	3006053
SRR26215783	4196806	3302638	894168
SRR26215784	4241606	542350	3699256
SRR26215785	4396044	727171	3668873
SRR26215786	3725474	606158	3119316
SRR26215787	4569992	475922	4094070
SRR26215788	4466634	613431	3853203
SRR26215789	3847390	73671	3773719
SRR26215790	6095290	658539	5436751
SRR26215791	4803540	508132	4295408
SRR26215792	3534594	274642	3259952
SRR26215793	3427672	49976	3377696
SRR26215794	3681866	189449	3492417
SRR26215795	3404480	69429	3335051
SRR26215796	3925884	245853	3680031
SRR26215797	4006822	311549	3695273
SRR26215798	7030572	83326	6947246
SRR26215799	3906882	391564	3515318
SRR26215800	4181824	317785	3864039
SRR26215801	4628568	390305	4238263
SRR26215802	4666504	807298	3859206
SRR26215803	3246284	103254	3143030
SRR26215804	3972782	343982	3628800
SRR26215805	3966634	1033525	2933109
SRR26215806	3696548	336165	3360383
SRR26215807	4353810	510609	3843201
SRR26215808	4276168	1161859	3114309
SRR26215809	4535544	673428	3862116
SRR26215810	3880364	944107	2936257
SRR26215811	4269158	637224	3631934
SRR26215812	4534466	888788	3645678
SRR26215813	4342736	1644340	2698396
SRR26215814	4508482	618023	3890459
SRR26215815	3961188	888916	3072272
SRR26215816	4295218	943026	3352192
SRR26215817	4714412	1466134	3248278
SRR26215818	4627486	2165802	2461684
SRR26215819	5418868	2911016	2507852
SRR26215820	4267688	1616048	2651640
SRR26215821	4365920	2087957	2277963
SRR26215822	6216784	780543	5436241
SRR26215823	4557942	1133968	3423974
SRR26215824	4357056	2558835	1798221
SRR26215825	5114734	903458	4211276
SRR26215826	4724940	1032458	3692482
SRR26215827	4919246	816495	4102751
SRR26215828	5026468	2060217	2966251
SRR26215829	4466930	851252	3615678
SRR26215830	4537452	1569738	2967714
SRR26215831	4719820	1097061	3622759
SRR26215832	5725358	1504584	4220774
SRR26215833	4659076	786215	3872861
SRR26215834	4503766	485174	4018592
SRR26215835	4064128	637405	3426723
SRR26215836	5058308	505703	4552605
SRR26215837	4885196	872701	4012495
SRR26215838	5324538	863575	4460963
SRR26215839	2808118	27042	2781076
SRR26215840	4718584	927455	3791129
SRR26215841	4470520	1160122	3310398
SRR26215842	4936726	791323	4145403
SRR26215843	4732014	1147398	3584616
SRR26215844	4416298	893133	3523165
SRR26215845	5092322	1695209	3397113
SRR26215846	4498314	1195356	3302958
SRR26215847	4809250	757665	4051585
SRR26215848	5342936	2859084	2483852
SRR26215849	5133192	995302	4137890
SRR26215850	4532774	49566	4483208
SRR26215851	5042270	2723058	2319212
SRR26215852	3034064	1068580	1965484
SRR26215853	5309684	2080408	3229276
SRR26215854	5402094	3040865	2361229
SRR26215855	5109072	745834	4363238
SRR26215856	4870648	425079	4445569
SRR26215857	4212078	1130604	3081474
SRR26215858	4841718	1292005	3549713
SRR26215859	5452678	1149349	4303329
SRR26215860	5272592	69597	5202995
SRR26215861	4827930	309866	4518064
SRR26215862	5186692	27643	5159049
SRR26215863	414	22	392
SRR26215864	4673468	243474	4429994
SRR26215865	4745368	370408	4374960
SRR26215866	5010888	311763	4699125
SRR26215867	4848328	543992	4304336
SRR26215868	6069278	245337	5823941
SRR26215869	5476606	159122	5317484
SRR26215870	5815768	299115	5516653
SRR26215871	4972738	279657	4693081
SRR26215872	4888588	311088	4577500
SRR26215873	5117996	378458	4739538
SRR26215874	718	52	666
SRR26215875	5115468	202991	4912477
SRR26215876	4223958	352617	3871341
SRR26215877	5218830	364384	4854446
SRR26215878	5166662	326793	4839869
SRR26215879	4802046	483468	4318578
SRR26215880	4429322	1324034	3105288
SRR26215881	4757554	485061	4272493
SRR26215882	4988382	338782	4649600
SRR26215883	4759502	1063817	3695685
SRR26215884	5251888	196780	5055108
SRR26215885	592	50	542
SRR26215886	4883068	152307	4730761
SRR26215887	5197286	287302	4909984
SRR26215888	4782836	194113	4588723
SRR26215889	4751262	167783	4583479
SRR26215890	5002774	559697	4443077
SRR26215891	4147258	3883790	263468
SRR26215892	3791764	3545224	246540
SRR26215893	4257402	3438043	819359
SRR26215894	3763562	3520175	243387
SRR26215895	7133466	538937	6594529
SRR26215896	4875144	488449	4386695
SRR26215897	4141504	775297	3366207
SRR26215898	4603950	376356	4227594
SRR26215899	7878968	862487	7016481
SRR26215900	3833376	1341715	2491661
SRR26215901	5157188	695288	4461900
SRR26215902	4284062	1564291	2719771
SRR26215903	4197238	1237093	2960145
SRR26215904	4170692	1259905	2910787
SRR26215905	3908884	1035480	2873404
SRR26215906	4080734	51672	4029062
SRR26215907	6884370	94961	6789409
SRR26215908	2545656	14173	2531483
SRR26215909	4481176	59381	4421795
SRR26215910	3811320	61207	3750113
SRR26215911	3812910	91346	3721564
SRR26215912	4237290	2313223	1924067
SRR26215913	4331550	499867	3831683
SRR26215914	1435608	168668	1266940
SRR26215915	3542252	66410	3475842
SRR26215916	4155362	488265	3667097
SRR26215917	4043142	915285	3127857
SRR26215918	4345764	1459350	2886414
SRR26215919	4451432	884451	3566981
SRR26215920	4751198	457054	4294144
SRR26215921	4432802	603627	3829175
SRR26215922	5123676	280489	4843187
SRR26215923	4012520	761661	3250859
SRR26215924	5022600	2236900	2785700
SRR26215925	4184716	324989	3859727
SRR26215926	3916182	461698	3454484
SRR26215927	3875980	1199963	2676017
SRR26215928	3859166	1530010	2329156
SRR26215929	5595682	1467058	4128624
SRR26215930	5433444	1602877	3830567
SRR26215931	4109984	1861019	2248965
SRR26215932	4848806	1994969	2853837
SRR26215933	4719860	1196687	3523173
SRR26215934	4407844	3320280	1087564
SRR26215935	4300100	4080792	219308
SRR26215936	4319646	1566263	2753383
SRR26215937	4598044	2128383	2469661
SRR26215938	5185178	965078	4220100
SRR26215939	4843056	1146214	3696842
SRR26215940	3803708	1444106	2359602
SRR26215941	4683604	503380	4180224
SRR26215942	4689958	723234	3966724
SRR26215943	4804324	2048492	2755832
SRR26215944	4372598	100238	4272360
SRR26215945	224	6	218
SRR26215946	4362734	533599	3829135
SRR26215947	4897246	4388245	509001
SRR26215948	4625682	43864	4581818
SRR26215949	5032676	43691	4988985
SRR26215950	4577342	122909	4454433
SRR26215951	4840040	1879308	2960732
SRR26215952	4594600	1430716	3163884
SRR26215953	14656714	468637	14188077
SRR26215954	7972052	1945374	6026678
SRR26215955	4832362	214824	4617538
SRR26215956	4671756	111357	4560399
SRR26215957	8037904	811201	7226703
SRR26215958	4249820	270540	3979280
SRR26215959	6874494	737711	6136783
SRR26215960	6363124	889996	5473128
SRR26215961	6282794	597939	5684855
SRR26215962	7371314	620075	6751239
SRR26215963	5182560	386220	4796340
SRR26215964	8053534	942254	7111280
SRR26215965	4596294	615485	3980809
SRR26215966	6341430	845293	5496137
SRR26215967	4737544	454794	4282750
SRR26215968	5344418	905309	4439109
SRR26215969	4650328	1104608	3545720
SRR26215970	4900622	658945	4241677
SRR26215971	5019876	746854	4273022
SRR26215972	4802840	411479	4391361
SRR26215973	4766898	717361	4049537
SRR26215974	4258924	774086	3484838
SRR26215975	5218974	919476	4299498
SRR26215976	4956820	625196	4331624
SRR26215977	5198872	691541	4507331
SRR26215978	4955540	1296308	3659232
SRR26215979	4289304	11928	4277376
SRR26215980	386	14	372
SRR26215981	5372678	30427	5342251
SRR26215982	4897354	35585	4861769
SRR26215983	4641072	20849	4620223
SRR26215984	4957716	38149	4919567
SRR26215985	4949618	145508	4804110
SRR26215986	4953032	116078	4836954
SRR26215987	5038492	136724	4901768
SRR26215988	4506914	118240	4388674
SRR26215989	4676124	76947	4599177
SRR26215990	4752940	268054	4484886
SRR26215991	132	9	123
SRR26215992	4724662	482418	4242244
SRR26215993	4597502	1217824	3379678
SRR26215994	5376838	240317	5136521
SRR26215995	5099650	350544	4749106
SRR26215996	4271188	1110684	3160504
SRR26215997	4174486	2980316	1194170
SRR26215998	905212	362542	542670
SRR26215999	4097266	1348654	2748612
SRR26216000	3795726	2621156	1174570
SRR26216001	3453298	2562060	891238
SRR26216002	5747516	631133	5116383
SRR26216003	1731256	872106	859150
SRR26216004	3850970	1350928	2500042
SRR26216005	2753050	1552851	1200199
SRR26216006	3762340	434178	3328162
SRR26216007	4374906	887097	3487809
SRR26216008	4484316	373854	4110462
SRR26216009	1777854	352601	1425253
SRR26216010	3240504	164146	3076358
SRR26216011	4389432	479360	3910072
SRR26216012	4645364	642884	4002480
SRR26216013	4956010	1811738	3144272
SRR26216014	2017090	195730	1821360
SRR26216015	4423530	672338	3751192
SRR26216016	4970080	3659869	1310211
SRR26216017	3636558	568796	3067762
SRR26216018	4977214	1441258	3535956
SRR26216019	4088456	2326626	1761830
SRR26216020	1678960	562730	1116230
SRR26216021	3120056	994599	2125457
SRR26216022	3912014	2178221	1733793
SRR26216023	3809450	932628	2876822
SRR26216024	4638710	1688108	2950602
SRR26216025	2267148	589519	1677629
SRR26216026	3926608	1474750	2451858
SRR26216027	4685526	2187376	2498150
SRR26216028	3439442	272756	3166686
SRR26216029	4316830	379174	3937656
SRR26216030	2490	58	2432
SRR26216031	4058154	764968	3293186
SRR26216032	3755368	616906	3138462
SRR26216033	4126514	701515	3424999
SRR26216034	3500782	1422211	2078571
SRR26216035	4722006	237985	4484021
SRR26216036	3740804	2794289	946515
SRR26216037	3610790	3272344	338446
SRR26216038	3245378	1280133	1965245
SRR26216039	3161816	2001406	1160410
SRR26216040	3258158	332231	2925927
SRR26216041	3543622	522906	3020716
SRR26216042	2763638	772677	1990961
SRR26216043	3694110	310338	3383772
SRR26216044	3157356	519779	2637577
SRR26216045	1703118	127329	1575789
SRR26216046	4673064	286618	4386446
SRR26216047	4429382	521513	3907869
SRR26216048	3995464	728073	3267391
SRR26216049	4074628	332662	3741966
SRR26216050	7708374	933580	6774794
SRR26216051	3211428	32296	3179132
SRR26216052	3938374	108756	3829618
SRR26216053	2463032	62894	2400138
SRR26216054	3305780	30136	3275644
SRR26216055	3411098	67854	3343244
SRR26216056	4374900	474945	3899955
SRR26216057	3849810	927631	2922179
SRR26216058	4192100	753715	3438385
SRR26216059	4194584	3709760	484824
SRR26216060	4811586	2681478	2130108
SRR26216061	4848952	4512130	336822
SRR26216062	5112302	1451937	3660365
SRR26216063	5009614	995758	4013856
SRR26216064	4482588	1080464	3402124
SRR26216065	4756334	1147730	3608604
SRR26216066	4331962	636179	3695783
SRR26216067	4640764	956127	3684637
SRR26216068	4835712	111908	4723804
SRR26216069	4480662	1219882	3260780
SRR26216070	4312174	416588	3895586
SRR26216071	4667760	814435	3853325
SRR26216072	4612128	1189316	3422812
SRR26216073	4594678	3979464	615214
SRR26216074	4327632	3063776	1263856
SRR26216075	3902676	2848292	1054384
SRR26216076	4256510	3038489	1218021
SRR26216077	4166758	3611444	555314
SRR26216078	4731424	754430	3976994
SRR26216079	4198786	46098	4152688
SRR26216080	4357200	1044584	3312616
SRR26216081	4536128	996820	3539308
SRR26216082	4385050	994890	3390160
SRR26216083	4599246	957358	3641888
SRR26216084	4916910	353433	4563477
SRR26216085	4937710	1050902	3886808
SRR26216086	4550846	318788	4232058
SRR26216087	3928208	326415	3601793
SRR26216088	4501012	622154	3878858
SRR26216089	4795766	783484	4012282
SRR26216090	4777334	933212	3844122
SRR26216091	4695074	1384927	3310147
SRR26216092	5400242	1212708	4187534
SRR26216093	4944210	1034770	3909440
SRR26216094	5132054	1819244	3312810
SRR26216095	4875162	391324	4483838
SRR26216096	5279434	571854	4707580
SRR26216097	3771082	738447	3032635
SRR26216098	4584404	236742	4347662
SRR26216099	5383928	411112	4972816
SRR26216100	4560034	390255	4169779
SRR26216101	4936138	870729	4065409
SRR26216102	4616232	510015	4106217
SRR26216103	4496148	886852	3609296
SRR26216104	4962504	240407	4722097
SRR26216105	4741206	401773	4339433
SRR26216106	5053334	284395	4768939
SRR26216107	4809336	249468	4559868
SRR26216108	4894172	562372	4331800
SRR26216109	4862784	223016	4639768
SRR26216110	4972852	168872	4803980
SRR26216111	4409212	178329	4230883
SRR26216112	4609206	554556	4054650
SRR26216113	412	6	406
SRR26216114	410	8	402
SRR26596524	46372860	226717	46146143
SRR26596525	44459144	326007	44133137
SRR26596526	50750306	246654	50503652
SRR26596527	43128076	118472	43009604
SRR26596528	42630750	204869	42425881
SRR26596529	39083426	212135	38871291
SRR26596530	27873460	110208	27763252
SRR26596531	32159072	162141	31996931
SRR26596532	35387126	191506	35195620
SRR26596533	31553740	193869	31359871
SRR26596534	35785956	194848	35591108
SRR26596535	50229306	205154	50024152
SRR26596536	36745902	260571	36485331
SRR26596537	51568746	201482	51367264
SRR26596538	40448962	187111	40261851
SRR26596539	42477500	239650	42237850
SRR26596540	41971484	231921	41739563
SRR26596541	44816400	221599	44594801
SRR26596542	35500280	156046	35344234
SRR26596543	35031412	223529	34807883
SRR26596544	31460384	161489	31298895
SRR26596545	33359960	150312	33209648
SRR26596546	47089118	160495	46928623
SRR26596547	46084386	191727	45892659
SRR26596548	30857340	159701	30697639
SRR26596549	35444858	163302	35281556
SRR26596550	40825370	176758	40648612
SRR26596551	40416342	238397	40177945
SRR26596552	31568406	184505	31383901
SRR26596553	49519348	534069	48985279
SRR26596554	43975856	202336	43773520
SRR26596555	52738778	261913	52476865
SRR26596556	42654708	188376	42466332
SRR26596557	50437408	190307	50247101
SRR26596558	36175960	296897	35879063
SRR26596559	38882240	320758	38561482
SRR26596560	44527594	188824	44338770
SRR26596561	43284620	234763	43049857
SRR26596562	43135696	402734	42732962
SRR26596563	54009238	359438	53649800
SRR26596564	37226166	292789	36933377
SRR26596565	44679466	230813	44448653
SRR26596566	44391518	483671	43907847
SRR26596567	44502596	208720	44293876
SRR26596568	41860226	206448	41653778
SRR26596569	34597956	166419	34431537
SRR26596570	48783318	174629	48608689
SRR26596571	38906118	179967	38726151
SRR26596572	49413446	185675	49227771
SRR26596573	36434634	90278	36344356
SRR26596574	43932112	232873	43699239
SRR26596575	47097312	180618	46916694
SRR26596576	43728510	176693	43551817
SRR26596577	40535900	359397	40176503
SRR26596578	36469538	202210	36267328
SRR26596579	34693562	219833	34473729
SRR26596580	51751756	222755	51529001
SRR26596581	53299476	599181	52700295
SRR26596582	38019164	429320	37589844
SRR26596583	22275852	86537	22189315
SRR26596584	49608604	250927	49357677
SRR26596585	36275632	240689	36034943
SRR26596586	39448618	562202	38886416
SRR26596587	36551384	535884	36015500
SRR26596588	52044056	225232	51818824
SRR26596589	48829892	728152	48101740
SRR26596590	49025588	513606	48511982
SRR26596591	48278262	451611	47826651
SRR26596592	44200500	315017	43885483
SRR26596593	43063472	211410	42852062
SRR26596594	49706778	367594	49339184
SRR26596595	38921390	404998	38516392
SRR26596596	54910806	232409	54678397
SRR26596597	30528758	192295	30336463
SRR26596598	42354204	207527	42146677
SRR26596599	31235680	159490	31076190
SRR26596600	45252832	382674	44870158
SRR26596601	35518952	142429	35376523
SRR26596602	50582852	292422	50290430
SRR26633014	9141026	47044	9093982
SRR26633015	11437720	30137	11407583
SRR26633016	5257840	12475	5245365
SRR26633017	6186314	50551	6135763
SRR26633018	8350620	102032	8248588
SRR26633019	6947288	18462	6928826
SRR26633020	7943172	21345	7921827
SRR26633021	9315472	202952	9112520
SRR26633022	10418412	94852	10323560
SRR26633023	7842794	25167	7817627
SRR26633024	9631178	23221	9607957
SRR26633025	1244830	6707	1238123
SRR26633026	1248760	6093	1242667
SRR26633027	1022762	8653	1014109
SRR26633028	1246872	2661	1244211
SRR26633029	711126	5534	705592
SRR26633030	4006630	9805	3996825
SRR26633031	405388	5910	399478
SRR26633032	685136	455	684681
SRR26633033	279594	2755	276839
SRR26633034	3320738	52573	3268165
SRR26633035	16429656	59659	16369997
SRR26633036	451848	769	451079
SRR26633037	5517148	14652	5502496
SRR26633038	6650234	112380	6537854
SRR26633039	746868	13469	733399
SRR26633040	1001322	2636	998686
SRR26633041	1681210	4634	1676576
SRR26633042	2012316	26434	1985882
SRR26633043	719354	3442	715912
SRR26633044	500400	1336	499064
SRR26633045	822320	2100	820220
SRR26633046	11954458	245824	11708634
SRR26633047	4997200	22580	4974620
SRR26633048	5300222	86909	5213313
SRR26633049	4938606	12035	4926571
SRR26633050	3192996	7555	3185441
SRR26633051	3438220	18303	3419917
SRR26633052	13599562	97732	13501830
SRR26633053	5676226	15621	5660605
SRR26633054	4796202	24671	4771531
SRR26633055	2762394	4256	2758138
SRR26633056	3300164	8050	3292114
SRR26633057	3929566	11674	3917892
SRR26633058	4597652	10877	4586775
SRR26633059	5766496	41040	5725456
SRR26633060	4825104	124885	4700219
SRR26633061	2854984	8605	2846379
SRR26633062	4737132	13178	4723954
SRR26633063	4037146	34582	4002564
SRR26633064	4837256	11442	4825814
SRR26633065	2346872	5752	2341120
SRR26633066	5894964	64006	5830958
SRR26633067	511584	2494	509090
SRR26633068	3360052	7988	3352064
SRR26633069	542956	15160	527796
SRR26633070	399722	513	399209
SRR26633071	7765646	34977	7730669
SRR26633072	7201982	17564	7184418
SRR26633073	3198130	3600	3194530
SRR26633074	3111830	50323	3061507
SRR26633075	716104	1453	714651
SRR26633076	6386962	18461	6368501
SRR26633077	5866764	38861	5827903
SRR26633078	3789096	5520	3783576
SRR26633079	3419204	34252	3384952
SRR26633080	5106438	28265	5078173
SRR27278105	73742246	261783	73480463
SRR27278106	52315278	291201	52024077
SRR27278107	36330196	50393	36279803
SRR27278108	74694364	426059	74268305
SRR27278109	41905766	331164	41574602
SRR27278110	51757044	327888	51429156
SRR27278111	35130394	250202	34880192
SRR27278112	43134700	49051	43085649
SRR27278113	26798284	57014	26741270
SRR27278114	56092144	322918	55769226
SRR27278115	24689408	211632	24477776
SRR27278116	45148082	312745	44835337
SRR27278117	36199074	263076	35935998
SRR27278118	50814510	249385	50565125
SRR27278119	2027748	2851	2024897
SRR27278120	31103992	19671	31084321
SRR27278121	66223172	370617	65852555
SRR27278122	37948756	236606	37712150
SRR27278123	38929104	179251	38749853
SRR27278124	39755270	280284	39474986
SRR27278125	71486084	109497	71376587
SRR27278126	46258750	316307	45942443
SRR27278127	49331372	63402	49267970
SRR27278128	30435282	86453	30348829
SRR27278129	36869856	64821	36805035
SRR27278130	24487534	150949	24336585
SRR27278131	20405566	172994	20232572
SRR27278132	25846442	130816	25715626
SRR27278133	32532960	294188	32238772
SRR27278134	28655446	32176	28623270
SRR27278135	25267448	45096	25222352
SRR27278136	65285488	284048	65001440
SRR27278137	26043872	45495	25998377
SRR27278138	15344	104	15240
SRR27278139	50186990	199242	49987748
SRR27278140	24441918	60568	24381350
SRR27278141	39072542	375786	38696756
SRR27278142	211950702	1097652	210853050
SRR27278143	29429604	256796	29172808
SRR27278144	55603040	227381	55375659
SRR27278145	142365550	810141	141555409
SRR27278146	142799512	425649	142373863
SRR27278147	56177854	125274	56052580
SRR27278148	38400300	275635	38124665
SRR27278149	26046738	71560	25975178
SRR27278150	80351138	400938	79950200
SRR27278151	21308592	19841	21288751
SRR27278152	33128174	41107	33087067
SRR27278153	74749086	122467	74626619
SRR27278154	114696592	71055	114625537
SRR27278155	47956536	305853	47650683
SRR27278156	47049146	388601	46660545
SRR27278157	47042188	36632	47005556
SRR27278158	66945570	130837	66814733
SRR27278159	39267794	168880	39098914
SRR27278160	54402836	63713	54339123
SRR27278161	30932588	151247	30781341
SRR27278162	29211332	77531	29133801
SRR27278163	33786822	169008	33617814
SRR27278164	51959080	57670	51901410
SRR27278165	77729894	200598	77529296
SRR27278166	43318918	192916	43126002
SRR27278167	50816358	107232	50709126
SRR27278168	35292482	125475	35167007
SRR27278169	82817294	377337	82439957
SRR27278170	77810536	444786	77365750
SRR27278171	63982508	367856	63614652
SRR27278172	28089680	223932	27865748
SRR27278173	65666580	404084	65262496
SRR27278174	69270764	403665	68867099
SRR27278175	52252022	215733	52036289
SRR27278176	93395286	471118	92924168
SRR27278177	37516112	105760	37410352
SRR27278178	61642992	324867	61318125
SRR27278179	71111820	385437	70726383
SRR27278180	59406342	331816	59074526
SRR27278181	66908250	406583	66501667
SRR27278182	62790790	939184	61851606
SRR27278183	75428006	496297	74931709
SRR27278184	63522134	304876	63217258
SRR27278185	56246064	226847	56019217
SRR27278186	87413586	1144215	86269371
SRR27278187	67558150	378194	67179956
SRR27278188	10328460	11738	10316722
SRR27278189	57269262	245076	57024186
SRR27278190	75993876	367350	75626526
SRR27278191	52356050	199069	52156981
SRR27278192	51745450	211471	51533979
SRR27278193	70083186	409593	69673593
SRR27278194	62704838	399643	62305195
SRR27278195	79561400	235452	79325948
SRR27278196	83234896	389807	82845089
SRR27278197	54520258	31904	54488354
SRR27278198	66379342	447792	65931550
SRR27278199	43175976	200467	42975509
SRR27278200	55584278	234517	55349761
SRR27278201	52383582	362220	52021362
SRR27278202	56579026	316257	56262769
SRR27278203	73594768	351316	73243452
SRR27278204	31296706	120576	31176130
SRR27278205	59363022	302199	59060823
SRR27278206	51695288	218542	51476746
SRR27278207	51432524	308329	51124195
SRR27278208	58194872	338160	57856712
SRR27278209	58355188	311899	58043289
SRR27278210	62825006	319731	62505275
SRR27278211	66969564	343664	66625900
SRR27278212	55908666	301948	55606718
SRR27278213	59017494	763441	58254053
SRR27278214	63102210	335495	62766715
SRR27278215	43629536	44836	43584700
SRR27278216	74494360	397573	74096787
SRR27278217	62526688	314986	62211702
SRR27278218	69330000	370607	68959393
SRR27278219	71439410	412837	71026573
SRR27278220	77092572	483896	76608676
SRR27278221	55335196	315333	55019863
SRR27278222	85575234	441809	85133425
SRR27278223	82150328	648959	81501369
SRR27278224	69935632	442436	69493196
SRR27278225	57764752	314418	57450334
SRR27278226	48807656	296637	48511019
SRR27278227	66203428	355675	65847753
SRR27278228	25551906	45810	25506096
SRR27278229	25701662	39553	25662109
SRR27278230	29112344	37088	29075256
SRR27593151	4154692	233231	3921461
SRR27593152	6778494	121449	6657045
SRR27593153	3996180	40009	3956171
SRR27593154	3826192	93040	3733152
SRR27593155	13607892	81091	13526801
SRR27593156	24870914	314558	24556356
SRR27593157	3821542	45245	3776297
SRR27593158	7879102	259323	7619779
SRR27593159	4188852	38499	4150353
SRR27593160	11979144	6645119	5334025
SRR27593161	4650334	66029	4584305
SRR27593162	50	7	43
SRR27593163	10484170	272078	10212092
SRR27593164	11186248	10852080	334168
SRR27593165	9760780	80654	9680126
SRR27593166	78	9	69
SRR27593167	3615680	48986	3566694
SRR27593168	3141292	25861	3115431
SRR27593169	3261710	399841	2861869
SRR27593170	3369990	35752	3334238
SRR27593171	5970158	41268	5928890
SRR27593172	3351978	268123	3083855
SRR27593173	2862302	157146	2705156
SRR27593174	16829834	687771	16142063
SRR27593175	4046598	1443841	2602757
SRR27593176	7451616	488710	6962906
SRR27593177	2940072	24809	2915263
SRR27593178	3301296	23400	3277896
SRR27593179	6023328	447617	5575711
SRR27593180	5909096	61022	5848074
SRR27593181	6572356	67376	6504980
SRR27593182	3056446	25473	3030973
SRR27593183	5322666	416628	4906038
SRR27593184	4160788	38563	4122225
SRR27593185	68	2	66
SRR27593186	4395474	41381	4354093
SRR27593187	3178264	27630	3150634
SRR27593188	6268494	40181	6228313
SRR27593189	5666996	90923	5576073
SRR27593190	3668324	29786	3638538
SRR27593191	5478148	38027	5440121
SRR27593192	7514536	934262	6580274
SRR27593193	4767108	946511	3820597
SRR27593194	5430768	55359	5375409
SRR27593195	3342508	27475	3315033
SRR27593196	1866636	16622	1850014
SRR27593197	6211568	49820	6161748
SRR27593198	3003466	18282	2985184
SRR27593199	3678032	45444	3632588
SRR27593200	4285190	57958	4227232
SRR27593201	4156548	79282	4077266
SRR27593202	3842048	35882	3806166
SRR27593203	5169694	37143	5132551
SRR27593204	9599604	44545	9555059
SRR27593205	5122706	26085	5096621
SRR27593206	3297520	20717	3276803
SRR27593207	5118948	51857	5067091
SRR27593208	4733954	314528	4419426
SRR27593209	4124942	3575538	549404
SRR27593210	4267908	1233649	3034259
SRR27593211	4895516	117450	4778066
SRR27593212	5088966	44431	5044535
SRR27593213	72	8	64
SRR27593214	719470	4658	714812
SRR27593215	13882076	120561	13761515
SRR27593216	2398256	42392	2355864
SRR27593217	7373464	7120717	252747
SRR27593218	4708334	68453	4639881
SRR27593219	13367972	4254068	9113904
SRR27593220	4688022	39445	4648577
SRR27593221	4950552	1269984	3680568
SRR27593222	8573460	8324621	248839
SRR27593223	3377174	498086	2879088
SRR27593224	13316480	211273	13105207
SRR27593225	8750196	626052	8124144
SRR27593226	2513318	24969	2488349
SRR27593227	3121908	106076	3015832
SRR27593228	4156066	27756	4128310
SRR27593229	9286220	141780	9144440
SRR27593230	3780706	57505	3723201
SRR27593231	5647430	247869	5399561
SRR27593232	5763886	114307	5649579
SRR27593233	3460088	187848	3272240
SRR27593234	12531150	2917033	9614117
SRR27593235	2435946	35313	2400633
SRR27593236	2508548	11942	2496606
SRR27593237	3961962	1727776	2234186
SRR27593238	2459406	68700	2390706
SRR27593239	4578908	1483418	3095490
SRR27593240	5075136	30332	5044804
SRR27593241	4348296	28018	4320278
SRR28235345	41709750	214888	41494862
SRR28235346	26359544	162547	26196997
SRR28235347	27729902	164383	27565519
SRR28235348	18141250	78169	18063081
SRR28235349	19937488	87231	19850257
SRR28235350	78992264	734565	78257699
SRR28235351	43172458	255749	42916709
SRR28235352	43930882	172280	43758602
SRR28235353	25209778	106574	25103204
SRR28235354	48835992	228566	48607426
SRR28235355	20768510	104720	20663790
SRR28235356	24591070	112856	24478214
SRR28235357	27612738	216998	27395740
SRR28235358	38047144	228131	37819013
SRR28235359	23817616	112132	23705484
SRR28235360	35050164	180282	34869882
SRR28235361	24077680	109361	23968319
SRR28235362	28514856	135629	28379227
SRR28235363	28191154	124602	28066552
SRR28235364	22229912	114711	22115201
SRR28235365	30724132	153117	30571015
SRR28235366	24692166	132562	24559604
SRR28235367	80963484	297655	80665829
SRR28235368	16160020	119515	16040505
SRR28235369	39875594	258181	39617413
SRR28235370	25967296	307483	25659813
SRR28235371	44787402	324802	44462600
SRR28235372	39707662	256341	39451321
SRR28235373	13816510	92197	13724313
SRR28235374	25203278	172049	25031229
SRR28235375	23376156	148480	23227676
SRR28235376	28157224	196038	27961186
SRR28235377	77799576	889667	76909909
SRR28235378	40296000	273733	40022267
SRR28235379	28605670	173229	28432441
SRR28235380	17430144	111933	17318211
SRR28235381	32036720	181475	31855245
SRR28235382	22495026	129929	22365097
SRR28235383	32086732	203358	31883374
SRR28235384	28384506	162701	28221805
SRR28235385	22880366	148498	22731868
SRR28235386	33359756	189623	33170133
SRR28235387	25366230	158982	25207248
SRR28235388	20856722	88881	20767841
SRR28235389	70557110	236235	70320875
SRR28235390	28618164	126040	28492124
SRR28235391	17535554	80631	17454923
SRR28235392	55564292	272701	55291591
SRR28235393	25373252	138031	25235221
SRR28523063	82626256	329353	82296903
SRR28523069	70618290	300941	70317349
SRR28523073	77174858	260052	76914806
SRR28523079	54556934	202091	54354843
SRR28523080	65686192	257586	65428606
SRR28523081	86140812	166559	85974253
SRR28523084	84121956	277200	83844756
SRR28523086	73359490	195208	73164282
SRR28523089	41745286	178653	41566633
SRR3017086	34000256	25616998	8383258
SRR3017087	32544978	24517720	8027258
SRR3017088	36781360	34885086	1896274
SRR3017089	32593388	31116528	1476860
SRR3017090	35819342	24789270	11030072
SRR3017091	38188614	26980111	11208503
SRR3017092	32608712	23746385	8862327
SRR3017093	38663122	28434820	10228302
SRR3017094	38067892	34488009	3579883
SRR3017095	37741904	33921230	3820674
SRR3017096	36098918	31436118	4662800
SRR3017097	36534718	32809480	3725238
SRR3017098	32472380	26075991	6396389
SRR3017099	33689802	27370668	6319134
SRR3017100	37179192	34705968	2473224
SRR3017101	34706326	32217256	2489070
SRR3017102	35134464	31837588	3296876
SRR3017103	37980300	34295746	3684554
SRR3017104	34783306	32432365	2350941
SRR3017105	34321394	31527511	2793883
SRR31887147	28272820	169346	28103474
SRR31887148	31752504	727133	31025371
SRR31887149	14108242	212719	13895523
SRR31887150	31892790	1139660	30753130
SRR31887151	1008	6	1002
SRR31887152	24339822	326587	24013235
SRR31887153	60762098	250480	60511618
SRR31887154	31473698	274495	31199203
SRR31887155	40867686	140019	40727667
SRR31887156	21422632	63192	21359440
SRR31887157	57273248	157403	57115845
SRR31887158	48923966	254637	48669329
SRR31887159	99262718	2261122	97001596
SRR31887160	22373510	136556	22236954
SRR31887161	30496814	173199	30323615
SRR31887162	21382534	106800	21275734
SRR31887163	31249436	160603	31088833
SRR31887164	30171816	147829	30023987
SRR31887165	20534780	88807	20445973
SRR31887166	33909510	103562	33805948
SRR31887167	22228552	100046	22128506
SRR31887168	43629050	215189	43413861
SRR31887169	14105856	1000349	13105507
SRR31887170	18469602	98325	18371277
SRR31887171	21992536	106692	21885844
SRR31887172	27612808	216991	27395817
SRR31887173	33155848	212005	32943843
SRR31887174	30996422	169047	30827375
SRR31887175	21358964	103075	21255889
SRR31887176	25489126	128076	25361050
SRR31887177	24741608	116309	24625299
SRR31887178	19687574	107963	19579611
SRR31887179	32660162	143876	32516286
SRR31887180	43028294	257343	42770951
SRR31887181	44245910	282612	43963298
SRR31887182	20486704	115497	20371207
SRR31887183	12833680	26560	12807120
SRR31887184	30613774	75209	30538565
SRR31887185	16739788	46695	16693093
SRR31887186	12688640	24732	12663908
SRR31887187	19361756	49686	19312070
SRR31887188	18794326	84451	18709875
SRR31887189	24043422	46761	23996661
SRR31887190	10740304	19353	10720951
SRR31887191	24729862	55088	24674774
SRR31887192	9172340	45584	9126756
SRR31887193	26839562	117130	26722432
SRR31887194	35541182	72531	35468651
SRR31887195	20012114	30803	19981311
SRR31887196	20792450	39486	20752964
SRR31887197	17286800	103519	17183281
SRR31887198	22876640	48205	22828435
SRR31887199	63046072	221826	62824246
SRR31887200	29889008	103264	29785744
SRR31887201	24670866	4772965	19897901
SRR31887202	14932096	567620	14364476
SRR31887203	16685730	2380047	14305683
SRR31887204	63654	1951	61703
SRR31887205	19644258	2193335	17450923
SRR31887206	18554850	244602	18310248
SRR31887207	91220	355	90865
SRR31887208	39019240	105589	38913651
SRR31887209	11356594	34392	11322202
SRR31887210	25450352	118536	25331816
SRR31887211	16624966	45709	16579257
SRR31887212	29469750	52039	29417711
SRR31887213	9439934	17361	9422573
SRR31887214	1748562	7033	1741529
SRR31887215	5343998	9011	5334987
SRR31887216	21348376	38781	21309595
SRR31887217	9839654	21801	9817853
SRR31887218	36571822	66976	36504846
SRR31887219	18922054	27544	18894510
SRR31887220	48185226	90504	48094722
SRR31887221	15067100	74579	14992521
SRR31887222	23508288	62287	23446001
SRR31887223	38222204	76457	38145747
SRR31887224	39055918	121285	38934633
SRR31887225	13496526	38725	13457801
SRR31887226	9172998	18213	9154785
SRR31887227	18799126	38523	18760603
SRR31887228	27247088	47007	27200081
SRR31887229	2006184	4661	2001523
SRR31887230	22177464	42873	22134591
SRR31887231	3556072	10995	3545077
SRR31887232	37121844	201510	36920334
SRR31887233	943650	4092	939558
SRR31887234	15149726	31363	15118363
SRR31887235	19656094	44782	19611312
SRR31887236	39369288	75441	39293847
SRR31887237	48679960	72593	48607367
SRR31887238	15779534	30990	15748544
SRR31887239	49561490	78216	49483274
SRR31887240	27193156	894812	26298344
SRR31887241	42147306	234808	41912498
SRR31887242	35018308	85894	34932414
SRR31887243	16637230	162205	16475025
SRR31887244	17160824	93760	17067064
SRR31887245	16391906	150404	16241502
SRR31887246	17671670	70195	17601475
SRR31887247	17741502	101900	17639602
SRR31887248	28781562	292959	28488603
SRR31887249	18423070	332383	18090687
SRR31887250	5360818	18407	5342411
SRR31887251	15500796	159996	15340800
SRR31887252	17766504	134030	17632474
SRR31887253	21046170	105298	20940872
SRR31887254	16503538	82700	16420838
SRR31887255	17169590	176972	16992618
SRR31887256	22426172	47293	22378879
SRR31887257	22448166	38456	22409710
SRR31887258	1119106	3037	1116069
SRR31887259	24239776	47257	24192519
SRR31887260	23960314	111878	23848436
SRR31887261	10297274	22325	10274949
SRR31887262	11076882	28379	11048503
SRR31887263	41432316	80160	41352156
SRR31887264	23087382	288660	22798722
SRR31887265	347618	1654	345964
SRR31887266	369418	2056	367362
SRR31887267	2062	6	2056
SRR31887268	550586	1697	548889
SRR31887269	3206	34	3172
SRR31887270	548	0	548
SRR31887271	22019388	42823	21976565
SRR31887272	25254034	104578	25149456
SRR31887273	26772658	176274	26596384
SRR31887274	36121528	202414	35919114
SRR31887275	26862974	142577	26720397
SRR31887276	13461176	195924	13265252
SRR31887277	21732040	124333	21607707
SRR31887278	71102400	277073	70825327
SRR31887279	14423458	111572	14311886
SRR31887280	35532082	242692	35289390
SRR31887281	39679478	303217	39376261
SRR31887282	35206846	239846	34967000
SRR31887283	12453436	87365	12366071
SRR31887284	22453540	161787	22291753
SRR31887285	20831120	139723	20691397
SRR31887286	25109130	184597	24924533
SRR31887287	11704638	524355	11180283
SRR31887288	69034012	818824	68215188
SRR31887289	35899024	255782	35643242
SRR31887290	25444818	162438	25282380
SRR31887291	15538154	105504	15432650
SRR31887292	22495050	129929	22365121
SRR31887293	28613454	191158	28422296
SRR31887294	24860116	151276	24708840
SRR31887295	22880374	148504	22731870
SRR31887296	30042772	179435	29863337
SRR31887297	22572390	149492	22422898
SRR31887298	21831000	87557	21743443
SRR31887301	43018436	208936	42809500
SRR31887302	17362178	117778	17244400
SRR31887303	26844262	159313	26684949
SRR31887304	10540478	33081	10507397
SRR31887305	30118044	108704	30009340
SRR31887306	18827916	76315	18751601
SRR31887307	23372174	152233	23219941
SRR31887308	17152566	40631	17111935
SRR31887309	20186676	65141	20121535
SRR31887310	2933192	6359	2926833
SRR31887311	15740402	45349	15695053
SRR31887312	29745550	68584	29676966
SRR31887313	15984294	28235	15956059
SRR31887314	53814372	111257	53703115
SRR31887315	46334450	181788	46152662
SRR31887316	2947552	5635	2941917
SRR31887317	16993326	31972	16961354
SRR31887318	24662082	154087	24507995
SRR31887319	109080	258	108822
SRR31887320	8625286	15996	8609290
SRR31887321	29966380	49956	29916424
SRR31887322	33935218	64649	33870569
SRR31887323	2260114	5494	2254620
SRR31887324	15167186	49871	15117315
SRR31887325	12496756	32772	12463984
SRR31887326	21514518	291132	21223386
SRR31887327	18551114	77725	18473389
SRR31887328	40087846	346167	39741679
SRR31887329	16205534	73923	16131611
SRR31887330	21010448	73401	20937047
SRR31887331	19014202	213161	18801041
SRR31887332	10195004	88026	10106978
SRR31887333	9222496	320389	8902107
SRR31887334	16683168	35553	16647615
SRR31887335	10236912	46507	10190405
SRR31887336	15084406	26604	15057802
SRR31887337	14197448	524206	13673242
SRR31887338	45385338	654077	44731261
SRR31887339	14009082	58987	13950095
SRR31887340	17784924	82172	17702752
SRR4041248	966244	3873	962371
SRR4041249	1739688	21697	1717991
SRR4041250	327198	797	326401
SRR4041251	331496	2751	328745
SRR4041252	482614	5284	477330
SRR4041253	519796	1011	518785
SRR4041254	1598658	8099	1590559
SRR4041255	41238	19	41219
SRR4075496	33270942	857955	32412987
SRR4075497	33859300	1315984	32543316
SRR4075498	35284784	1988063	33296721
SRR4075499	31797278	129214	31668064
SRR4075500	35358060	1737854	33620206
SRR4075509	36474418	652111	35822307
SRR4075510	31313564	204484	31109080
SRR4075511	26194786	22236966	3957820
SRR4075512	38946082	29595105	9350977
SRR4075513	29597442	23092466	6504976
SRR4075514	29342340	26355483	2986857
SRR4075515	29178736	25869127	3309609
SRR4075516	31336676	1134346	30202330
SRR4075517	31312358	26813250	4499108
SRR4075518	22803786	19529978	3273808
SRR4075519	25966670	23057982	2908688
SRR4075520	29660840	26914777	2746063
SRR4075521	26098598	22296230	3802368
SRR4075522	29045170	23371071	5674099
SRR4075523	24212248	20442435	3769813
SRR4075524	31240750	19903295	11337455
SRR4075525	30538012	22768742	7769270
SRR4075526	34731660	22649812	12081848
SRR4075535	32031910	460289	31571621
SRR4075536	34928530	75841	34852689
SRR4075537	32689014	135628	32553386
SRR4075538	38056568	123520	37933048
SRR4075539	37683044	259067	37423977
SRR4075540	36404566	119973	36284593
SRR4075541	39786908	2707139	37079769
SRR4093306	677414	4211	673203
SRR4101289	550436	8996	541440
SRR4101290	199752	2177	197575
SRR4101291	303078	3679	299399
SRR4101292	774546	10325	764221
SRR4101293	333670	4938	328732
SRR4101294	724298	8964	715334
SRR4101295	701020	9681	691339
SRR4101296	280150	4747	275403
SRR4101297	402606	5126	397480
SRR4101298	361002	5674	355328
SRR4101299	255548	3142	252406
SRR4101300	210502	2663	207839
SRR4101301	926958	13434	913524
SRR4101302	683650	7740	675910
SRR4101303	190242	3054	187188
SRR4101304	201780	2301	199479
SRR4101305	593790	7269	586521
SRR4101306	139470	2431	137039
SRR4101307	185520	2703	182817
SRR4101308	709426	10661	698765
SRR4101309	343686	4890	338796
SRR4101310	306940	3789	303151
SRR4101311	943226	13440	929786
SRR4101312	360898	5712	355186
SRR4101313	140770	2416	138354
SRR4101314	317520	3572	313948
SRR4101315	644916	9016	635900
SRR4101316	254012	3439	250573
SRR4101317	233080	2236	230844
SRR4101318	623246	7624	615622
SRR4101319	2058748	18564	2040184
SRR4101320	645472	10165	635307
SRR4101321	321630	4602	317028
SRR4101322	368180	4714	363466
SRR4101323	560652	8869	551783
SRR4101324	352574	5253	347321
SRR4124949	291984	621	291363
SRR4124950	1626428	3912	1622516
SRR4124951	612720	1962	610758
SRR4124952	453436	1222	452214
SRR4124953	300774	720	300054
SRR4124954	1520876	3621	1517255
SRR4124955	612896	1463	611433
SRR4365563	220670	278	220392
SRR4365564	439932	1162	438770
SRR4365565	722180	2302	719878
SRR4365566	422540	1248	421292
SRR4365567	424340	1159	423181
SRR4365568	1062838	2526	1060312
SRR4365569	269520	645	268875
SRR4450485	2055158	6355	2048803
SRR4450486	578090	1321	576769
SRR4450487	1405276	3416	1401860
SRR4450488	382826	1574	381252
SRR4450489	284420	562	283858
SRR4450490	48508	35	48473
SRR4450491	735766	2767	732999
SRR4450492	164696	683	164013
SRR4450493	913300	6213	907087
SRR4450494	2763412	22727	2740685
SRR4450495	701428	1424	700004
SRR4450496	711204	7821	703383
SRR4450497	686922	1376	685546
SRR4450498	1984156	16657	1967499
SRR4450499	2604502	7295	2597207
SRR4450500	292574	661	291913
SRR4450501	470516	1141	469375
SRR4450502	460738	2076	458662
SRR4450503	892582	5226	887356
SRR4450504	387968	1471	386497
SRR4450505	508586	4435	504151
SRR4450506	1329790	2615	1327175
SRR4450507	405476	2091	403385
SRR4450508	547334	1281	546053
SRR4450509	505568	3660	501908
SRR4875278	3440016	38112	3401904
SRR4875279	4451704	65067	4386637
SRR4875280	5733446	33266	5700180
SRR4875281	5906394	16635	5889759
SRR4875282	8778070	34666	8743404
SRR4875283	7163862	16272	7147590
SRR4875284	6021260	58953	5962307
SRR4875285	5949390	25778	5923612
SRR4875286	8907664	46675	8860989
SRR4875287	5522624	53891	5468733
SRR4875288	6529842	35175	6494667
SRR4875289	13793512	79765	13713747
SRR4875290	7346022	24595	7321427
SRR4875291	7800384	54574	7745810
SRR4875292	12264302	61829	12202473
SRR4875293	13710284	54127	13656157
SRR5172884	1593322	1825	1591497
SRR5172922	17887228	63674	17823554
SRR5188317	1921634	2613	1919021
SRR5188336	652844	1913	650931
SRR5208578	403866	8769	395097
SRR5310847	125856	529	125327
SRR5310848	394104	719	393385
SRR5310849	533694	8713	524981
SRR5310850	628710	7928	620782
SRR5310851	553376	5080	548296
SRR5310852	543698	1600	542098
SRR5310853	670066	1630	668436
SRR5310854	774010	2751	771259
SRR5310855	71632	102	71530
SRR5310856	470	0	470
SRR5310857	1109954	6581	1103373
SRR5310858	1885162	2223	1882939
SRR5310859	710052	9593	700459
SRR5310860	927780	6512	921268
SRR5310861	518986	2066	516920
SRR5310862	368990	1041	367949
SRR5310863	474114	2065	472049
SRR5310864	404834	4192	400642
SRR5310865	2650688	6869	2643819
SRR5310866	1079828	2306	1077522
SRR5310867	649214	10822	638392
SRR5310868	276952	899	276053
SRR5310869	384936	632	384304
SRR5310870	245418	139	245279
SRR5310871	1279666	5856	1273810
SRR5310872	798	0	798
SRR5310874	631178	7768	623410
SRR5310875	624	1	623
SRR5310876	262772	1536	261236
SRR5310877	1176504	4585	1171919
SRR5890763	29164854	20894895	8269959
SRR6313181	460854	1893	458961
SRR6313182	590058	3440	586618
SRR6313183	163634	1012	162622
SRR6313184	346944	1135	345809
SRR6337287	466958	7028	459930
SRR6337288	403214	17405	385809
SRR6337289	344502	2627	341875
SRR648391	2930219	75684	2854535
SRR6514655	6844338	100116	6744222
SRR6514656	7483952	107482	7376470
SRR6514657	5490950	79492	5411458
SRR6514658	6608792	99852	6508940
SRR6514659	2846816	44676	2802140
SRR6514660	6975564	102246	6873318
SRR6514661	8080860	126915	7953945
SRR6514662	7690292	96261	7594031
SRR6514663	10444046	177423	10266623
SRR6514664	9253610	150501	9103109
SRR6514665	9776104	123512	9652592
SRR6514666	2744588	49997	2694591
SRR6514667	5082364	77635	5004729
SRR6514668	3129886	9738	3120148
SRR6514669	3233148	10269	3222879
SRR6514670	3391060	10088	3380972
SRR6514671	3397424	10193	3387231
SRR6514672	3591216	11100	3580116
SRR6514673	3451574	10962	3440612
SRR6514674	3670350	11497	3658853
SRR6514675	3587610	11016	3576594
SRR6514676	3642334	11222	3631112
SRR6514677	3488572	10352	3478220
SRR6514678	10149522	142721	10006801
SRR6514679	3607966	10420	3597546
SRR6514680	3412702	10404	3402298
SRR6514681	2573032	7382	2565650
SRR6514682	3461560	10461	3451099
SRR6514683	3747906	11646	3736260
SRR6514684	4275570	13241	4262329
SRR6514685	3275582	11203	3264379
SRR6514686	4061654	10713	4050941
SRR6514687	10661432	162414	10499018
SRR6514688	8223638	132565	8091073
SRR6514689	12972886	198548	12774338
SRR6514690	8993280	131815	8861465
SRR6680337	92311682	56695137	35616545
SRR6680338	76401986	25998119	50403867
SRR6680339	67654540	22988854	44665686
SRR6680340	86984508	30039302	56945206
SRR6680342	86549998	48989087	37560911
SRR6685439	86984506	30039256	56945250
SRR6918185	3893580	11649	3881931
SRR6918186	715630	2748	712882
SRR6918187	1613624	3908	1609716
SRR6918188	271794	916	270878
SRR6918189	45254	52	45202
SRR6918190	302020	636	301384
SRR6966978	465668	1124	464544
SRR6966979	338752	607	338145
SRR6966980	584676	1325	583351
SRR6966981	368454	802	367652
SRR6966982	118978	180	118798
SRR6966983	326556	736	325820
SRR6966984	299782	648	299134
SRR6966985	348300	703	347597
SRR6966986	343090	806	342284
SRR6966987	412398	968	411430
SRR6966988	328356	698	327658
SRR6966989	1430684	3446	1427238
SRR6966990	186302	398	185904
SRR7030677	1202412	945	1201467
SRR7030678	2786	10	2776
SRR7030679	613922	448	613474
SRR7030680	76336	56	76280
SRR7030681	5245826	8836	5236990
SRR7030682	3888	1	3887
SRR7030683	185372	751	184621
SRR7030684	906	2	904
SRR7030685	518918	432	518486
SRR7030686	818878	794	818084
SRR7030687	1348384	1812	1346572
SRR7030688	2524	2	2522
SRR7030689	663330	1530	661800
SRR7030690	288758	162	288596
SRR7262863	3	0	3
SRR7262864	1	0	1
SRR7262865	1	0	1
SRR7262866	1	0	1
SRR7262867	8137412	24772	8112640
SRR7262868	9158721	14255	9144466
SRR7262869	1	0	1
SRR7262870	2	0	2
SRR7262871	8937053	88944	8848109
SRR7262872	6137401	23587	6113814
SRR7262873	1	0	1
SRR7262874	2	0	2
SRR7262875	1	0	1
SRR7262876	8780278	164510	8615768
SRR7262877	8257104	72086	8185018
SRR7262878	10069397	85648	9983749
SRR7262879	2	0	2
SRR7262880	7469110	138646	7330464
SRR7587113	49762	7116	42646
SRR7587114	34616	148	34468
SRR7587116	50562	6774	43788
SRR7587117	37328	11074	26254
SRR7587118	36174	6198	29976
SRR7587119	40214	11979	28235
SRR7587121	4	0	4
SRR7587124	13010	703	12307
SRR7587125	32080	5114	26966
SRR7587126	32348	5757	26591
SRR7587127	25108	2714	22394
SRR7587130	14508	2900	11608
SRR7587131	22816	2637	20179
SRR7587132	10750	3473	7277
SRR7587134	82726	9	82717
SRR7587135	15202	13340	1862
SRR7587136	71568	19	71549
SRR7587138	976	0	976
SRR7587143	25104	4325	20779
SRR7587144	28264	431	27833
SRR7587145	40184	3	40181
SRR7587148	41126	15	41111
SRR7587151	12502	3264	9238
SRR7587158	34872	6	34866
SRR7587160	40680	7544	33136
SRR7587236	19023624	162622	18861002
SRR7587240	28404274	603519	27800755
SRR7589560	0	0	0
SRR7589561	44476	89	44387
SRR765682	3726100	46497	3679603
SRR765683	3345712	61860	3283852
SRR765684	5790268	69947	5720321
SRR765685	8096084	75469	8020615
SRR765686	6161612	56535	6105077
SRR765687	6385802	54189	6331613
SRR8742576	28900596	13687543	15213053
SRR8830666	7919666	62655	7857011
SRR8830667	5874380	31777	5842603
SRR8830668	8511506	61057	8450449
SRR8830669	17800878	145761	17655117
SRR9640343	34113440	4652555	29460885
SRR9640344	32764358	1353252	31411106
SRR9640345	27271380	448355	26823025
SRR9640346	26993036	6978743	20014293
SRR9640347	33821292	960510	32860782
SRR9640348	52207876	783722	51424154
SRR9640350	42639978	273044	42366934
SRR9640351	34668816	539626	34129190
SRR9640352	35886326	406808	35479518
SRR9640353	34340662	3596347	30744315
SRR9640354	23596622	3156232	20440390
SRR9640355	24346484	1763057	22583427
SRR9640356	34510522	4962978	29547544
SRR9646966	34677240	945618	33731622
