File_ID	reads_length	Name	Rank	Lineage	Taxid	sample_name	empo_1	empo_2	empo_3	empo_4	highest_taxa	genus	isyeast	subphylum
ERR5003990	1671252	Phoma herbarum	species	phylum-Ascomycota|class-Dothideomycetes|order-Pleosporales|family-Didymellaceae|genus-Phoma|species-Phoma_herbarum	73001	13114.rohwer.85.s024	Free-living	Saline	Sediment (saline)	Sediment (saline)	Ascomycota	Phoma	N	Pezizomycotina
ERR5003990	1671252	Pyrenochaeta sp. UM 256	species	phylum-Ascomycota|class-Dothideomycetes|order-Pleosporales|family-Cucurbitariaceae|genus-Pyrenochaeta|species-Pyrenochaeta_sp._UM_256	1295359	13114.rohwer.85.s024	Free-living	Saline	Sediment (saline)	Sediment (saline)	Ascomycota	Pyrenochaeta	N	Pezizomycotina
ERR5003990	1671252	Exophiala mesophila	species	phylum-Ascomycota|class-Eurotiomycetes|order-Chaetothyriales|family-Herpotrichiellaceae|genus-Exophiala|species-Exophiala_mesophila	212818	13114.rohwer.85.s024	Free-living	Saline	Sediment (saline)	Sediment (saline)	Ascomycota	Exophiala	Y	Pezizomycotina
ERR5002141	16410362	Stemphylium vesicarium	species	phylum-Ascomycota|class-Dothideomycetes|order-Pleosporales|family-Pleosporaceae|genus-Stemphylium|species-Stemphylium_vesicarium	119933	13114.stegen.37.s004	Free-living	Non-saline	Sediment (non-saline)	Sediment (non-saline)				NA
ERR5005105	17344358	Porites rus	species	phylum-Cnidaria|class-Anthozoa|order-Scleractinia|family-Poritidae|genus-Porites|species-Porites_rus	262591	13114.zaneveld.9.s017	Host-associated	Animal	Animal secretion	Animal secretion (saline)				NA
ERR5005203	28976384	Debaryomyces hansenii CBS767	species	phylum-Ascomycota|class-Saccharomycetes|order-Saccharomycetales|family-Debaryomycetaceae|genus-Debaryomyces|species-Debaryomyces_hansenii	284592	13114.mousseau.88.s032	Host-associated	Animal	Animal distal gut	Animal distal gut (non-saline)	Ascomycota	Debaryomyces	Y	Saccharomycotina
ERR5004976	22312942	Hyaloscypha bicolor E	species	phylum-Ascomycota|class-Leotiomycetes|order-Helotiales|family-Hyaloscyphaceae|genus-Hyaloscypha|species-Hyaloscypha_bicolor	1095630	13114.stegen.38.s017	Free-living	Non-saline	Soil (non-saline)	Soil (non-saline)	Ascomycota	Hyaloscypha	N	Pezizomycotina
ERR5004976	22312942	Cenococcum geophilum 1.58	species	phylum-Ascomycota|class-Dothideomycetes|family-Gloniaceae|genus-Cenococcum|species-Cenococcum_geophilum	794803	13114.stegen.38.s017	Free-living	Non-saline	Soil (non-saline)	Soil (non-saline)	Ascomycota	Cenococcum	N	Pezizomycotina
ERR5004976	22312942	Phialocephala subalpina	species	phylum-Ascomycota|class-Leotiomycetes|order-Helotiales|genus-Phialocephala|species-Phialocephala_subalpina	576137	13114.stegen.38.s017	Free-living	Non-saline	Soil (non-saline)	Soil (non-saline)	Ascomycota	Phialocephala	N	Pezizomycotina
ERR5004976	22312942	Oidiodendron maius Zn	species	phylum-Ascomycota|class-Leotiomycetes|family-Myxotrichaceae|genus-Oidiodendron|species-Oidiodendron_maius	913774	13114.stegen.38.s017	Free-living	Non-saline	Soil (non-saline)	Soil (non-saline)	Ascomycota	Oidiodendron	N	Pezizomycotina
ERR5004976	22312942	Piloderma croceum F 1598	species	phylum-Basidiomycota|class-Agaricomycetes|order-Atheliales|family-Atheliaceae|genus-Piloderma|species-Piloderma_croceum	765440	13114.stegen.38.s017	Free-living	Non-saline	Soil (non-saline)	Soil (non-saline)				NA
ERR5004976	22312942	Hirsutella minnesotensis 3608	species	phylum-Ascomycota|class-Sordariomycetes|order-Hypocreales|family-Ophiocordycipitaceae|genus-Hirsutella|species-Hirsutella_minnesotensis	1043627	13114.stegen.38.s017	Free-living	Non-saline	Soil (non-saline)	Soil (non-saline)	Ascomycota	Hirsutella	N	Pezizomycotina
ERR5004707	4896290	Ostreococcus lucimarinus CCE9901	species	phylum-Chlorophyta|class-Mamiellophyceae|order-Mamiellales|family-Bathycoccaceae|genus-Ostreococcus|species-Ostreococcus_sp._'lucimarinus'	436017	13114.palenik.42.s005	Free-living	Saline	Water (saline)	Water (saline)				NA
ERR5004707	4896290	Bathycoccus prasinos	species	phylum-Chlorophyta|class-Mamiellophyceae|order-Mamiellales|family-Bathycoccaceae|genus-Bathycoccus|species-Bathycoccus_prasinos	41875	13114.palenik.42.s005	Free-living	Saline	Water (saline)	Water (saline)				NA
ERR5004707	4896290	Micromonas bravo	species	phylum-Chlorophyta|class-Mamiellophyceae|order-Mamiellales|family-Mamiellaceae|genus-Micromonas|species-Micromonas_bravo	296588	13114.palenik.42.s005	Free-living	Saline	Water (saline)	Water (saline)				NA
ERR5004707	4896290	Stramenopiles sp. TOSAG23-2	species	species-Stramenopiles_sp._TOSAG23-2	1735743	13114.palenik.42.s005	Free-living	Saline	Water (saline)	Water (saline)				NA
ERR5004707	4896290	Florenciella parvula	species	class-Dictyochophyceae|order-Florenciellales|genus-Florenciella|species-Florenciella_parvula	236787	13114.palenik.42.s005	Free-living	Saline	Water (saline)	Water (saline)				NA
ERR5004707	4896290	Minutocellus polymorphus	species	phylum-Bacillariophyta|class-Mediophyceae|order-Cymatosirales|family-Cymatosiraceae|genus-Minutocellus|species-Minutocellus_polymorphus	265543	13114.palenik.42.s005	Free-living	Saline	Water (saline)	Water (saline)				NA
ERR5004707	4896290	Stramenopiles sp. TOSAG23-3	species	species-Stramenopiles_sp._TOSAG23-3	1735745	13114.palenik.42.s005	Free-living	Saline	Water (saline)	Water (saline)				NA
ERR5004707	4896290	Alexandrium tamarense	species	class-Dinophyceae|order-Gonyaulacales|family-Gonyaulacaceae|genus-Alexandrium|species-Alexandrium_tamarense	2926	13114.palenik.42.s005	Free-living	Saline	Water (saline)	Water (saline)				NA
ERR5004707	4896290	Pelagomonas calceolata	species	class-Pelagophyceae|order-Pelagomonadales|genus-Pelagomonas|species-Pelagomonas_calceolata	35677	13114.palenik.42.s005	Free-living	Saline	Water (saline)	Water (saline)				NA
ERR5004714	15452616	Bathycoccus prasinos	species	phylum-Chlorophyta|class-Mamiellophyceae|order-Mamiellales|family-Bathycoccaceae|genus-Bathycoccus|species-Bathycoccus_prasinos	41875	13114.palenik.42.s012	Free-living	Saline	Water (saline)	Water (saline)				NA
ERR5004714	15452616	Ostreococcus lucimarinus CCE9901	species	phylum-Chlorophyta|class-Mamiellophyceae|order-Mamiellales|family-Bathycoccaceae|genus-Ostreococcus|species-Ostreococcus_sp._'lucimarinus'	436017	13114.palenik.42.s012	Free-living	Saline	Water (saline)	Water (saline)				NA
ERR5004714	15452616	Stramenopiles sp. TOSAG23-2	species	species-Stramenopiles_sp._TOSAG23-2	1735743	13114.palenik.42.s012	Free-living	Saline	Water (saline)	Water (saline)				NA
ERR5004714	15452616	Prasinoderma singulare	species	phylum-Chlorophyta|class-Palmophyllophyceae|order-Prasinococcales|family-Prasinococcaceae|genus-Prasinoderma|species-Prasinoderma_singulare	676789	13114.palenik.42.s012	Free-living	Saline	Water (saline)	Water (saline)				NA
ERR5004714	15452616	Pelagomonas calceolata	species	class-Pelagophyceae|order-Pelagomonadales|genus-Pelagomonas|species-Pelagomonas_calceolata	35677	13114.palenik.42.s012	Free-living	Saline	Water (saline)	Water (saline)				NA
ERR5004714	15452616	Stramenopiles sp. TOSAG23-3	species	species-Stramenopiles_sp._TOSAG23-3	1735745	13114.palenik.42.s012	Free-living	Saline	Water (saline)	Water (saline)				NA
ERR5004714	15452616	Micromonas bravo	species	phylum-Chlorophyta|class-Mamiellophyceae|order-Mamiellales|family-Mamiellaceae|genus-Micromonas|species-Micromonas_bravo	296588	13114.palenik.42.s012	Free-living	Saline	Water (saline)	Water (saline)				NA
ERR5004714	15452616	Gephyrocapsa oceanica	species	phylum-Haptista|class-Haptophyta|order-Isochrysidales|family-Noelaerhabdaceae|genus-Gephyrocapsa|species-Gephyrocapsa_oceanica	38817	13114.palenik.42.s012	Free-living	Saline	Water (saline)	Water (saline)				NA
ERR5004714	15452616	Pseudo-nitzschia arenysensis	species	phylum-Bacillariophyta|class-Bacillariophyceae|order-Bacillariales|family-Bacillariaceae|genus-Pseudo-nitzschia|species-Pseudo-nitzschia_arenysensis	697910	13114.palenik.42.s012	Free-living	Saline	Water (saline)	Water (saline)				NA
ERR5004714	15452616	Pycnococcus provasolii	species	phylum-Chlorophyta|family-Pycnococcaceae|genus-Pycnococcus|species-Pycnococcus_provasolii	41880	13114.palenik.42.s012	Free-living	Saline	Water (saline)	Water (saline)				NA
ERR5004714	15452616	Chloropicon roscoffensis	species	phylum-Chlorophyta|class-Chloropicophyceae|order-Chloropicales|family-Chloropicaceae|genus-Chloropicon|species-Chloropicon_roscoffensis	1461544	13114.palenik.42.s012	Free-living	Saline	Water (saline)	Water (saline)				NA
ERR5004298	4755168	Cladonia uncialis	species	phylum-Ascomycota|class-Lecanoromycetes|order-Lecanorales|family-Cladoniaceae|genus-Cladonia|species-Cladonia_uncialis	174080	13114.uren.82.s009	Host-associated	Fungus	Fungus corpus	Fungus corpus (non-saline)	Ascomycota	Cladonia	N	Pezizomycotina
ERR5005268	15463192	Aspergillus sydowii CBS 593.65	species	phylum-Ascomycota|class-Eurotiomycetes|order-Eurotiales|family-Aspergillaceae|genus-Aspergillus|species-Aspergillus_sydowii	1036612	13114.mousseau.88.s099	Host-associated	Animal	Animal distal gut	Animal distal gut (non-saline)	Ascomycota	Aspergillus	N	Pezizomycotina
ERR5005011	18889392	Chloropicon roscoffensis	species	phylum-Chlorophyta|class-Chloropicophyceae|order-Chloropicales|family-Chloropicaceae|genus-Chloropicon|species-Chloropicon_roscoffensis	1461544	13114.thomas.18.s021	Host-associated	Animal	Animal corpus	Animal corpus (saline)				NA
ERR5004986	17347174	Bathycoccus prasinos	species	phylum-Chlorophyta|class-Mamiellophyceae|order-Mamiellales|family-Bathycoccaceae|genus-Bathycoccus|species-Bathycoccus_prasinos	41875	13114.tait.77.s001	Free-living	Saline	Water (saline)	Water (saline)				NA
ERR5004986	17347174	Tetrahymena thermophila	species	phylum-Ciliophora|class-Oligohymenophorea|order-Hymenostomatida|family-Tetrahymenidae|genus-Tetrahymena|species-Tetrahymena_thermophila	5911	13114.tait.77.s001	Free-living	Saline	Water (saline)	Water (saline)				NA
ERR5004986	17347174	Ostreococcus lucimarinus CCE9901	species	phylum-Chlorophyta|class-Mamiellophyceae|order-Mamiellales|family-Bathycoccaceae|genus-Ostreococcus|species-Ostreococcus_sp._'lucimarinus'	436017	13114.tait.77.s001	Free-living	Saline	Water (saline)	Water (saline)				NA
ERR5004986	17347174	Arcocellulus cornucervis	species	phylum-Bacillariophyta|class-Mediophyceae|order-Cymatosirales|family-Cymatosiraceae|genus-Arcocellulus|species-Arcocellulus_cornucervis	1155433	13114.tait.77.s001	Free-living	Saline	Water (saline)	Water (saline)				NA
ERR5004986	17347174	Stramenopiles sp. TOSAG23-3	species	species-Stramenopiles_sp._TOSAG23-3	1735745	13114.tait.77.s001	Free-living	Saline	Water (saline)	Water (saline)				NA
ERR5004986	17347174	Stramenopiles sp. TOSAG23-2	species	species-Stramenopiles_sp._TOSAG23-2	1735743	13114.tait.77.s001	Free-living	Saline	Water (saline)	Water (saline)				NA
ERR5004986	17347174	Florenciella parvula	species	class-Dictyochophyceae|order-Florenciellales|genus-Florenciella|species-Florenciella_parvula	236787	13114.tait.77.s001	Free-living	Saline	Water (saline)	Water (saline)				NA
ERR5004986	17347174	Micromonas bravo	species	phylum-Chlorophyta|class-Mamiellophyceae|order-Mamiellales|family-Mamiellaceae|genus-Micromonas|species-Micromonas_bravo	296588	13114.tait.77.s001	Free-living	Saline	Water (saline)	Water (saline)				NA
ERR5004986	17347174	Aureococcus anophagefferens	species	class-Pelagophyceae|order-Pelagomonadales|genus-Aureococcus|species-Aureococcus_anophagefferens	44056	13114.tait.77.s001	Free-living	Saline	Water (saline)	Water (saline)				NA
ERR5004986	17347174	Phaeocystis globosa	species	phylum-Haptista|class-Haptophyta|order-Phaeocystales|family-Phaeocystaceae|genus-Phaeocystis|species-Phaeocystis_globosa	33658	13114.tait.77.s001	Free-living	Saline	Water (saline)	Water (saline)				NA
ERR5004986	17347174	Alexandrium tamarense	species	class-Dinophyceae|order-Gonyaulacales|family-Gonyaulacaceae|genus-Alexandrium|species-Alexandrium_tamarense	2926	13114.tait.77.s001	Free-living	Saline	Water (saline)	Water (saline)				NA
ERR5004986	17347174	Minutocellus polymorphus	species	phylum-Bacillariophyta|class-Mediophyceae|order-Cymatosirales|family-Cymatosiraceae|genus-Minutocellus|species-Minutocellus_polymorphus	265543	13114.tait.77.s001	Free-living	Saline	Water (saline)	Water (saline)				NA
ERR5004986	17347174	Pycnococcus provasolii	species	phylum-Chlorophyta|family-Pycnococcaceae|genus-Pycnococcus|species-Pycnococcus_provasolii	41880	13114.tait.77.s001	Free-living	Saline	Water (saline)	Water (saline)				NA
ERR5004986	17347174	Bicosta minor	species	class-Choanoflagellata|order-Craspedida|family-Salpingoecidae|genus-Bicosta|species-Bicosta_minor	1864616	13114.tait.77.s001	Free-living	Saline	Water (saline)	Water (saline)				NA
ERR5003947	17629558	Leucoagaricus gongylophorus Ac12	species	phylum-Basidiomycota|class-Agaricomycetes|order-Agaricales|family-Agaricaceae|genus-Leucoagaricus|species-Leucoagaricus_gongylophorus	1258663	13114.pinto.63.s013	Host-associated	Plant	Plant corpus	Plant corpus (non-saline)	Basidiomycota	Leucoagaricus	N	Agaricomycotina
ERR5004779	335332	Pyrenochaeta sp. UM 256	species	phylum-Ascomycota|class-Dothideomycetes|order-Pleosporales|family-Cucurbitariaceae|genus-Pyrenochaeta|species-Pyrenochaeta_sp._UM_256	1295359	13114.rohwer.85.s026	Free-living	Saline	Sediment (saline)	Sediment (saline)	Ascomycota	Pyrenochaeta	N	Pezizomycotina
ERR5004779	335332	Exophiala mesophila	species	phylum-Ascomycota|class-Eurotiomycetes|order-Chaetothyriales|family-Herpotrichiellaceae|genus-Exophiala|species-Exophiala_mesophila	212818	13114.rohwer.85.s026	Free-living	Saline	Sediment (saline)	Sediment (saline)	Ascomycota	Exophiala	Y	Pezizomycotina
ERR5004779	335332	Exophiala spinifera	species	phylum-Ascomycota|class-Eurotiomycetes|order-Chaetothyriales|family-Herpotrichiellaceae|genus-Exophiala|species-Exophiala_spinifera	91928	13114.rohwer.85.s026	Free-living	Saline	Sediment (saline)	Sediment (saline)				NA
ERR5003109	7325404	Pezoloma ericae	species	phylum-Ascomycota|class-Leotiomycetes|order-Helotiales|family-Leotiaceae|genus-Pezoloma|species-Pezoloma_ericae	1745343	13114.king.27.s005	Free-living	Non-saline	Soil (non-saline)	Soil (non-saline)				NA
ERR5003109	7325404	Trichoderma koningiopsis	species	phylum-Ascomycota|class-Sordariomycetes|order-Hypocreales|family-Hypocreaceae|genus-Trichoderma|species-Trichoderma_koningiopsis	337941	13114.king.27.s005	Free-living	Non-saline	Soil (non-saline)	Soil (non-saline)				NA
ERR5004739	23146142	Penicillium citrinum	species	phylum-Ascomycota|class-Eurotiomycetes|order-Eurotiales|family-Aspergillaceae|genus-Penicillium|species-Penicillium_citrinum	5077	13114.pinto.63.s018	Host-associated	Plant	Plant corpus	Plant corpus (non-saline)	Ascomycota	Penicillium	N	Pezizomycotina
ERR5004739	23146142	Aspergillus tamarii	species	phylum-Ascomycota|class-Eurotiomycetes|order-Eurotiales|family-Aspergillaceae|genus-Aspergillus|species-Aspergillus_tamarii	41984	13114.pinto.63.s018	Host-associated	Plant	Plant corpus	Plant corpus (non-saline)				NA
ERR5004739	23146142	Lichtheimia ramosa	species	phylum-Mucoromycota|class-Mucoromycetes|order-Mucorales|family-Lichtheimiaceae|genus-Lichtheimia|species-Lichtheimia_ramosa	688394	13114.pinto.63.s018	Host-associated	Plant	Plant corpus	Plant corpus (non-saline)	Mucoromycota	Lichtheimia	N	Mucoromycotina
ERR5003059	20074884	Cyclotella meneghiniana	species	phylum-Bacillariophyta|class-Coscinodiscophyceae|order-Thalassiosirales|family-Stephanodiscaceae|genus-Cyclotella|species-Cyclotella_meneghiniana	29205	13114.bowen.74.s015	Free-living	Saline	Sediment (saline)	Sediment (saline)				NA
ERR5003059	20074884	Detonula confervacea	species	phylum-Bacillariophyta|class-Coscinodiscophyceae|order-Thalassiosirales|family-Thalassiosiraceae|genus-Detonula|species-Detonula_confervacea	83371	13114.bowen.74.s015	Free-living	Saline	Sediment (saline)	Sediment (saline)				NA
ERR5004748	19794180	Frieseomelitta varia	species	phylum-Arthropoda|class-Insecta|order-Hymenoptera|family-Apidae|genus-Frieseomelitta|species-Frieseomelitta_varia	561572	13114.pinto.63.s027	Host-associated	Plant	Plant corpus	Plant corpus (non-saline)				NA
ERR5004748	19794180	Tetragonula hockingsi	species	phylum-Arthropoda|class-Insecta|order-Hymenoptera|family-Apidae|genus-Tetragonula|species-Tetragonula_hockingsi	270528	13114.pinto.63.s027	Host-associated	Plant	Plant corpus	Plant corpus (non-saline)				NA
ERR5004748	19794180	Melipona quadrifasciata	species	phylum-Arthropoda|class-Insecta|order-Hymenoptera|family-Apidae|genus-Melipona|species-Melipona_quadrifasciata	166423	13114.pinto.63.s027	Host-associated	Plant	Plant corpus	Plant corpus (non-saline)				NA
ERR5003423	3846336	Hyaloscypha variabilis F	species	phylum-Ascomycota|class-Leotiomycetes|order-Helotiales|family-Hyaloscyphaceae|genus-Hyaloscypha|species-Hyaloscypha_variabilis	1149755	13114.stegen.38.s003	Free-living	Non-saline	Soil (non-saline)	Soil (non-saline)				NA
ERR5003423	3846336	Oidiodendron maius Zn	species	phylum-Ascomycota|class-Leotiomycetes|family-Myxotrichaceae|genus-Oidiodendron|species-Oidiodendron_maius	913774	13114.stegen.38.s003	Free-living	Non-saline	Soil (non-saline)	Soil (non-saline)	Ascomycota	Oidiodendron	N	Pezizomycotina
ERR5003423	3846336	Cenococcum geophilum 1.58	species	phylum-Ascomycota|class-Dothideomycetes|family-Gloniaceae|genus-Cenococcum|species-Cenococcum_geophilum	794803	13114.stegen.38.s003	Free-living	Non-saline	Soil (non-saline)	Soil (non-saline)	Ascomycota	Cenococcum	N	Pezizomycotina
ERR5004756	20902698	Cordyceps confragosa RCEF 1005	species	phylum-Ascomycota|class-Sordariomycetes|order-Hypocreales|family-Cordycipitaceae|genus-Cordyceps|species-Cordyceps_confragosa	1081108	13114.rohwer.85.s003	Free-living	Saline	Sediment (saline)	Sediment (saline)	Ascomycota	Cordyceps	N	Pezizomycotina
ERR5001929	21110084	Tricholoma terreum	species	phylum-Basidiomycota|class-Agaricomycetes|order-Agaricales|family-Tricholomataceae|genus-Tricholoma|species-Tricholoma_terreum	76328	13114.myrold.59.s006	Free-living	Non-saline	Soil (non-saline)	Soil (non-saline)	Basidiomycota	Tricholoma	N	Agaricomycotina
ERR5001929	21110084	Bifiguratus adelaidae	species	phylum-Mucoromycota|class-Endogonomycetes|order-Endogonales|genus-Bifiguratus|species-Bifiguratus_adelaidae	1938954	13114.myrold.59.s006	Free-living	Non-saline	Soil (non-saline)	Soil (non-saline)	Mucoromycota	Bifiguratus	N	Mucoromycotina
ERR5001929	21110084	Rhizopogon salebrosus	species	phylum-Basidiomycota|class-Agaricomycetes|order-Boletales|family-Rhizopogonaceae|genus-Rhizopogon|species-Rhizopogon_salebrosus	176626	13114.myrold.59.s006	Free-living	Non-saline	Soil (non-saline)	Soil (non-saline)	Basidiomycota	Rhizopogon	N	Agaricomycotina
ERR5001929	21110084	Phialocephala subalpina	species	phylum-Ascomycota|class-Leotiomycetes|order-Helotiales|genus-Phialocephala|species-Phialocephala_subalpina	576137	13114.myrold.59.s006	Free-living	Non-saline	Soil (non-saline)	Soil (non-saline)				NA
ERR5003742	17610084	Fragilaria radians	species	phylum-Bacillariophyta|class-Fragilariophyceae|order-Fragilariales|family-Fragilariaceae|genus-Fragilaria|species-Fragilaria_radians	2109649	13114.mayer.34.s007	Free-living	Non-saline	Sediment (non-saline)	Sediment (non-saline)				NA
ERR5004922	10310766	Saccharomyces cerevisiae S288C	species	phylum-Ascomycota|class-Saccharomycetes|order-Saccharomycetales|family-Saccharomycetaceae|genus-Saccharomyces|species-Saccharomyces_cerevisiae	559292	13114.song.53.s007	Host-associated	Animal	Animal distal gut	Animal distal gut (non-saline)	Ascomycota	Saccharomyces	Y	Saccharomycotina
ERR5004922	10310766	Bathycoccus prasinos	species	phylum-Chlorophyta|class-Mamiellophyceae|order-Mamiellales|family-Bathycoccaceae|genus-Bathycoccus|species-Bathycoccus_prasinos	41875	13114.song.53.s007	Host-associated	Animal	Animal distal gut	Animal distal gut (non-saline)				NA
ERR5004922	10310766	Ustilago hordei	species	phylum-Basidiomycota|class-Ustilaginomycetes|order-Ustilaginales|family-Ustilaginaceae|genus-Ustilago|species-Ustilago_hordei	120017	13114.song.53.s007	Host-associated	Animal	Animal distal gut	Animal distal gut (non-saline)				NA
ERR5004151	23390706	Phialocephala subalpina	species	phylum-Ascomycota|class-Leotiomycetes|order-Helotiales|genus-Phialocephala|species-Phialocephala_subalpina	576137	13114.stegen.36.s004	Free-living	Non-saline	Soil (non-saline)	Soil (non-saline)	Ascomycota	Phialocephala	N	Pezizomycotina
ERR5004973	16936082	Oidiodendron maius Zn	species	phylum-Ascomycota|class-Leotiomycetes|family-Myxotrichaceae|genus-Oidiodendron|species-Oidiodendron_maius	913774	13114.stegen.38.s014	Free-living	Non-saline	Soil (non-saline)	Soil (non-saline)	Ascomycota	Oidiodendron	N	Pezizomycotina
ERR5004973	16936082	Pezoloma ericae	species	phylum-Ascomycota|class-Leotiomycetes|order-Helotiales|family-Leotiaceae|genus-Pezoloma|species-Pezoloma_ericae	1745343	13114.stegen.38.s014	Free-living	Non-saline	Soil (non-saline)	Soil (non-saline)	Ascomycota	Pezoloma	N	Pezizomycotina
ERR5004973	16936082	Hyaloscypha variabilis F	species	phylum-Ascomycota|class-Leotiomycetes|order-Helotiales|family-Hyaloscyphaceae|genus-Hyaloscypha|species-Hyaloscypha_variabilis	1149755	13114.stegen.38.s014	Free-living	Non-saline	Soil (non-saline)	Soil (non-saline)				NA
ERR5004973	16936082	Pezicula radicicola	species	phylum-Ascomycota|class-Leotiomycetes|order-Helotiales|family-Dermateaceae|genus-Pezicula|species-Pezicula_radicicola	1663500	13114.stegen.38.s014	Free-living	Non-saline	Soil (non-saline)	Soil (non-saline)	Ascomycota	Pezicula	N	Pezizomycotina
ERR5004973	16936082	Phialocephala subalpina	species	phylum-Ascomycota|class-Leotiomycetes|order-Helotiales|genus-Phialocephala|species-Phialocephala_subalpina	576137	13114.stegen.38.s014	Free-living	Non-saline	Soil (non-saline)	Soil (non-saline)	Ascomycota	Phialocephala	N	Pezizomycotina
ERR5003313	5448764	Chloropicon mariensis	species	phylum-Chlorophyta|class-Chloropicophyceae|order-Chloropicales|family-Chloropicaceae|genus-Chloropicon|species-Chloropicon_mariensis	1606511	13114.sandin.54.s013	Host-associated	Animal	Animal proximal gut	Animal proximal gut (saline)				NA
ERR5003313	5448764	Prasinoderma coloniale	species	phylum-Chlorophyta|class-Palmophyllophyceae|order-Prasinococcales|family-Prasinococcaceae|genus-Prasinoderma|species-Prasinoderma_coloniale	156133	13114.sandin.54.s013	Host-associated	Animal	Animal proximal gut	Animal proximal gut (saline)				NA
ERR5004872	22836694	Verruconis gallopava	species	phylum-Ascomycota|class-Dothideomycetes|order-Venturiales|family-Sympoventuriaceae|genus-Verruconis|species-Verruconis_gallopava	253628	13114.shade.23.s010	Free-living	Non-saline	Soil (non-saline)	Soil (non-saline)				NA
ERR5004872	22836694	Thermothielavioides terrestris NRRL 8126	species	phylum-Ascomycota|class-Sordariomycetes|order-Sordariales|family-Chaetomiaceae|genus-Thermothielavioides|species-Thermothielavioides_terrestris	578455	13114.shade.23.s010	Free-living	Non-saline	Soil (non-saline)	Soil (non-saline)	Ascomycota	Thermothielavioides	N	Pezizomycotina
ERR5004542	16474568	Mortierella elongata AG-77	species	phylum-Mucoromycota|class-Mortierellomycetes|order-Mortierellales|family-Mortierellaceae|genus-Mortierella|species-Mortierella_elongata	1314771	13114.metcalf.40.s007	Free-living	Non-saline	Soil (non-saline)	Soil (non-saline)	Mucoromycota	Mortierella	N	Mortierellomycotina
ERR5004542	16474568	Phialocephala subalpina	species	phylum-Ascomycota|class-Leotiomycetes|order-Helotiales|genus-Phialocephala|species-Phialocephala_subalpina	576137	13114.metcalf.40.s007	Free-living	Non-saline	Soil (non-saline)	Soil (non-saline)				NA
ERR5003234	4454200	Bathycoccus prasinos	species	phylum-Chlorophyta|class-Mamiellophyceae|order-Mamiellales|family-Bathycoccaceae|genus-Bathycoccus|species-Bathycoccus_prasinos	41875	13114.palenik.42.s016	Free-living	Saline	Water (saline)	Water (saline)				NA
ERR5003234	4454200	Stramenopiles sp. TOSAG23-2	species	species-Stramenopiles_sp._TOSAG23-2	1735743	13114.palenik.42.s016	Free-living	Saline	Water (saline)	Water (saline)				NA
ERR5003234	4454200	Ostreococcus lucimarinus CCE9901	species	phylum-Chlorophyta|class-Mamiellophyceae|order-Mamiellales|family-Bathycoccaceae|genus-Ostreococcus|species-Ostreococcus_sp._'lucimarinus'	436017	13114.palenik.42.s016	Free-living	Saline	Water (saline)	Water (saline)				NA
ERR5005297	41374154	Blastocystis sp. subtype 3	species	class-Bigyra|order-Opalinata|family-Blastocystidae|genus-Blastocystis|species-Blastocystis_sp._subtype_3	944168	13114.song.51.s016	Host-associated	Animal	Animal distal gut	Animal distal gut (non-saline)				NA
ERR5005082	5000172	Ustilago maydis 521	species	phylum-Basidiomycota|class-Ustilaginomycetes|order-Ustilaginales|family-Ustilaginaceae|genus-Ustilago|species-Ustilago_maydis	237631	13114.uren.82.s006	Host-associated	Fungus	Fungus corpus	Fungus corpus (non-saline)				NA
ERR5004310	21811820	Porites rus	species	phylum-Cnidaria|class-Anthozoa|order-Scleractinia|family-Poritidae|genus-Porites|species-Porites_rus	262591	13114.zaneveld.9.s009	Host-associated	Animal	Animal secretion	Animal secretion (saline)				NA
ERR5004871	19678860	Verruconis gallopava	species	phylum-Ascomycota|class-Dothideomycetes|order-Venturiales|family-Sympoventuriaceae|genus-Verruconis|species-Verruconis_gallopava	253628	13114.shade.23.s009	Free-living	Non-saline	Soil (non-saline)	Soil (non-saline)				NA
ERR5004871	19678860	Rhizophagus clarus	species	phylum-Mucoromycota|class-Glomeromycetes|order-Glomerales|family-Glomeraceae|genus-Rhizophagus|species-Rhizophagus_clarus	94130	13114.shade.23.s009	Free-living	Non-saline	Soil (non-saline)	Soil (non-saline)				NA
ERR5003960	4482928	Wickerhamiella versatilis	species	phylum-Ascomycota|class-Saccharomycetes|order-Saccharomycetales|family-Trichomonascaceae|genus-Wickerhamiella|species-Wickerhamiella_versatilis	27304	13114.pinto.63.s026	Host-associated	Plant	Plant corpus	Plant corpus (non-saline)	Ascomycota	Wickerhamiella	Y	Saccharomycotina
ERR5003960	4482928	Frieseomelitta varia	species	phylum-Arthropoda|class-Insecta|order-Hymenoptera|family-Apidae|genus-Frieseomelitta|species-Frieseomelitta_varia	561572	13114.pinto.63.s026	Host-associated	Plant	Plant corpus	Plant corpus (non-saline)				NA
ERR5004078	16497058	Pisolithus tinctorius Marx 270	species	phylum-Basidiomycota|class-Agaricomycetes|order-Boletales|family-Pisolithaceae|genus-Pisolithus|species-Pisolithus_tinctorius	870435	13114.shade.23.s003	Free-living	Non-saline	Soil (non-saline)	Soil (non-saline)	Basidiomycota	Pisolithus	N	Agaricomycotina
ERR5004078	16497058	Oidiodendron maius Zn	species	phylum-Ascomycota|class-Leotiomycetes|family-Myxotrichaceae|genus-Oidiodendron|species-Oidiodendron_maius	913774	13114.shade.23.s003	Free-living	Non-saline	Soil (non-saline)	Soil (non-saline)	Ascomycota	Oidiodendron	N	Pezizomycotina
ERR5004071	42771352	Chaetomium globosum CBS 148.51	species	phylum-Ascomycota|class-Sordariomycetes|order-Sordariales|family-Chaetomiaceae|genus-Chaetomium|species-Chaetomium_globosum	306901	13114.seedorf.71.s010	Free-living	Non-saline	Soil (non-saline)	Soil (non-saline)	Ascomycota	Chaetomium	N	Pezizomycotina
ERR5004071	42771352	Gongronella sp. w5	species	phylum-Mucoromycota|class-Mucoromycetes|order-Mucorales|family-Cunninghamellaceae|genus-Gongronella|species-Gongronella_sp._w5	483437	13114.seedorf.71.s010	Free-living	Non-saline	Soil (non-saline)	Soil (non-saline)	Mucoromycota	Gongronella	N	Mucoromycotina
ERR5005043	9591264	Prasinococcaceae sp. CCMP 1430	species	phylum-Chlorophyta|class-Palmophyllophyceae|order-Prasinococcales|family-Prasinococcaceae|species-Prasinococcaceae_sp._CCMP_1430	2489100	13114.thomas.18.s055	Host-associated	Animal	Animal corpus	Animal corpus (saline)				NA
ERR5004184	29624118	Hyaloscypha variabilis F	species	phylum-Ascomycota|class-Leotiomycetes|order-Helotiales|family-Hyaloscyphaceae|genus-Hyaloscypha|species-Hyaloscypha_variabilis	1149755	13114.stegen.38.s012	Free-living	Non-saline	Soil (non-saline)	Soil (non-saline)				NA
ERR5004184	29624118	Teunomyces cretensis	species	phylum-Ascomycota|class-Saccharomycetes|order-Saccharomycetales|family-Debaryomycetaceae|genus-Teunomyces|species-Teunomyces_cretensis	268492	13114.stegen.38.s012	Free-living	Non-saline	Soil (non-saline)	Soil (non-saline)				NA
ERR5003930	17293986	Bathycoccus prasinos	species	phylum-Chlorophyta|class-Mamiellophyceae|order-Mamiellales|family-Bathycoccaceae|genus-Bathycoccus|species-Bathycoccus_prasinos	41875	13114.palenik.42.s015	Free-living	Saline	Water (saline)	Water (saline)				NA
ERR5003930	17293986	Stramenopiles sp. TOSAG23-2	species	species-Stramenopiles_sp._TOSAG23-2	1735743	13114.palenik.42.s015	Free-living	Saline	Water (saline)	Water (saline)				NA
ERR5003930	17293986	Ostreococcus lucimarinus CCE9901	species	phylum-Chlorophyta|class-Mamiellophyceae|order-Mamiellales|family-Bathycoccaceae|genus-Ostreococcus|species-Ostreococcus_sp._'lucimarinus'	436017	13114.palenik.42.s015	Free-living	Saline	Water (saline)	Water (saline)				NA
ERR5003930	17293986	Triparma laevis	species	class-Bolidophyceae|order-Parmales|family-Triparmaceae|genus-Triparma|species-Triparma_laevis	1534972	13114.palenik.42.s015	Free-living	Saline	Water (saline)	Water (saline)				NA
ERR5003930	17293986	Stramenopiles sp. TOSAG23-3	species	species-Stramenopiles_sp._TOSAG23-3	1735745	13114.palenik.42.s015	Free-living	Saline	Water (saline)	Water (saline)				NA
ERR5003930	17293986	Micromonas bravo	species	phylum-Chlorophyta|class-Mamiellophyceae|order-Mamiellales|family-Mamiellaceae|genus-Micromonas|species-Micromonas_bravo	296588	13114.palenik.42.s015	Free-living	Saline	Water (saline)	Water (saline)				NA
ERR5003930	17293986	Gephyrocapsa oceanica	species	phylum-Haptista|class-Haptophyta|order-Isochrysidales|family-Noelaerhabdaceae|genus-Gephyrocapsa|species-Gephyrocapsa_oceanica	38817	13114.palenik.42.s015	Free-living	Saline	Water (saline)	Water (saline)				NA
ERR5004228	13889854	Ostreococcus sp. SAG10	species	phylum-Chlorophyta|class-Mamiellophyceae|order-Mamiellales|family-Bathycoccaceae|genus-Ostreococcus|species-Ostreococcus_sp._SAG10	2590005	13114.thomas.18.s026	Host-associated	Animal	Animal corpus	Animal corpus (saline)				NA
ERR5004403	22914326	Cyclotella meneghiniana	species	phylum-Bacillariophyta|class-Coscinodiscophyceae|order-Thalassiosirales|family-Stephanodiscaceae|genus-Cyclotella|species-Cyclotella_meneghiniana	29205	13114.bowen.74.s002	Free-living	Saline	Sediment (saline)	Sediment (saline)				NA
ERR5004403	22914326	Detonula confervacea	species	phylum-Bacillariophyta|class-Coscinodiscophyceae|order-Thalassiosirales|family-Thalassiosiraceae|genus-Detonula|species-Detonula_confervacea	83371	13114.bowen.74.s002	Free-living	Saline	Sediment (saline)	Sediment (saline)				NA
ERR5003517	3285798	Cladonia rangiferina	species	phylum-Ascomycota|class-Lecanoromycetes|order-Lecanorales|family-Cladoniaceae|genus-Cladonia|species-Cladonia_rangiferina	111670	13114.uren.82.s002	Host-associated	Fungus	Fungus corpus	Fungus corpus (non-saline)	Ascomycota	Cladonia	N	Pezizomycotina
ERR5003517	3285798	Gymnopus androsaceus JB14	species	phylum-Basidiomycota|class-Agaricomycetes|order-Agaricales|family-Omphalotaceae|genus-Gymnopus|species-Gymnopus_androsaceus	1447944	13114.uren.82.s002	Host-associated	Fungus	Fungus corpus	Fungus corpus (non-saline)	Basidiomycota	Gymnopus	N	Agaricomycotina
ERR5003517	3285798	Elaphomyces granulatus	species	phylum-Ascomycota|class-Eurotiomycetes|order-Eurotiales|family-Elaphomycetaceae|genus-Elaphomyces|species-Elaphomyces_granulatus	519963	13114.uren.82.s002	Host-associated	Fungus	Fungus corpus	Fungus corpus (non-saline)	Ascomycota	Elaphomyces	N	Pezizomycotina
ERR5004456	16355216	Vitrella brassicaformis CCMP3155	species	family-Vitrellaceae|genus-Vitrella|species-Vitrella_brassicaformis	1169540	13114.jensen.43.s012	Free-living	Saline	Sediment (saline)	Sediment (saline)				NA
ERR5004077	85721202	Saitozyma podzolica	species	phylum-Basidiomycota|class-Tremellomycetes|order-Tremellales|family-Trimorphomycetaceae|genus-Saitozyma|species-Saitozyma_podzolica	1890683	13114.shade.23.s002	Free-living	Non-saline	Soil (non-saline)	Soil (non-saline)				NA
ERR5004077	85721202	Cryptococcus sp. JCM 24511	species	phylum-Basidiomycota|class-Tremellomycetes|order-Tremellales|family-Cryptococcaceae|genus-Cryptococcus|species-Cryptococcus_sp._JCM_24511	1639000	13114.shade.23.s002	Free-living	Non-saline	Soil (non-saline)	Soil (non-saline)				NA
ERR5004077	85721202	Nadsonia starkeyi-henricii	species	phylum-Ascomycota|class-Saccharomycetes|order-Saccharomycetales|genus-Nadsonia|species-Nadsonia_starkeyi-henricii	43970	13114.shade.23.s002	Free-living	Non-saline	Soil (non-saline)	Soil (non-saline)	Ascomycota	Nadsonia	Y	Saccharomycotina
ERR5004104	45095710	Trichosporon coremiiforme	species	phylum-Basidiomycota|class-Tremellomycetes|order-Trichosporonales|family-Trichosporonaceae|genus-Trichosporon|species-Trichosporon_coremiiforme	82509	13114.song.51.s011	Host-associated	Animal	Animal distal gut	Animal distal gut (non-saline)				NA
ERR5004104	45095710	Penicillium griseofulvum	species	phylum-Ascomycota|class-Eurotiomycetes|order-Eurotiales|family-Aspergillaceae|genus-Penicillium|species-Penicillium_griseofulvum	5078	13114.song.51.s011	Host-associated	Animal	Animal distal gut	Animal distal gut (non-saline)				NA
ERR5004104	45095710	Actias luna	species	phylum-Arthropoda|class-Insecta|order-Lepidoptera|family-Saturniidae|genus-Actias|species-Actias_luna	63976	13114.song.51.s011	Host-associated	Animal	Animal distal gut	Animal distal gut (non-saline)				NA
ERR5004104	45095710	Scedosporium apiospermum	species	phylum-Ascomycota|class-Sordariomycetes|order-Microascales|family-Microascaceae|genus-Scedosporium|species-Scedosporium_apiospermum	563466	13114.song.51.s011	Host-associated	Animal	Animal distal gut	Animal distal gut (non-saline)	Ascomycota	Scedosporium	N	Pezizomycotina
ERR5004104	45095710	Pichia manshurica	species	phylum-Ascomycota|class-Saccharomycetes|order-Saccharomycetales|family-Pichiaceae|genus-Pichia|species-Pichia_manshurica	121235	13114.song.51.s011	Host-associated	Animal	Animal distal gut	Animal distal gut (non-saline)	Ascomycota	Pichia	Y	Saccharomycotina
ERR5003763	24167238	Mortierella alpina ATCC 32222	species	phylum-Mucoromycota|class-Mortierellomycetes|order-Mortierellales|family-Mortierellaceae|genus-Mortierella|species-Mortierella_alpina	685557	13114.metcalf.81.s001	Host-associated	Animal	Animal corpus	Animal corpus (non-saline)				NA
ERR5003763	24167238	Fusarium clavum	species	phylum-Ascomycota|class-Sordariomycetes|order-Hypocreales|family-Nectriaceae|genus-Fusarium|species-Fusarium_clavum	2594811	13114.metcalf.81.s001	Host-associated	Animal	Animal corpus	Animal corpus (non-saline)				NA
ERR5005171	29545216	Hyphopichia burtonii NRRL Y-1933	species	phylum-Ascomycota|class-Saccharomycetes|order-Saccharomycetales|family-Debaryomycetaceae|genus-Hyphopichia|species-Hyphopichia_burtonii	984485	13114.minich.76.s006	Host-associated	Animal	Animal distal gut	Animal distal gut (non-saline)	Ascomycota	Hyphopichia	Y	Saccharomycotina
ERR5005171	29545216	Aspergillus ruber CBS 135680	species	phylum-Ascomycota|class-Eurotiomycetes|order-Eurotiales|family-Aspergillaceae|genus-Aspergillus|species-Aspergillus_ruber	1388766	13114.minich.76.s006	Host-associated	Animal	Animal distal gut	Animal distal gut (non-saline)	Ascomycota	Aspergillus	N	Pezizomycotina
ERR5005171	29545216	Wallemia mellicola CBS 633.66	species	phylum-Basidiomycota|class-Wallemiomycetes|order-Wallemiales|family-Wallemiaceae|genus-Wallemia|species-Wallemia_mellicola	671144	13114.minich.76.s006	Host-associated	Animal	Animal distal gut	Animal distal gut (non-saline)				NA
ERR5005171	29545216	Tyrophagus putrescentiae	species	phylum-Arthropoda|class-Arachnida|order-Sarcoptiformes|family-Acaridae|genus-Tyrophagus|species-Tyrophagus_putrescentiae	59818	13114.minich.76.s006	Host-associated	Animal	Animal distal gut	Animal distal gut (non-saline)				NA
ERR5005171	29545216	Candida metapsilosis	species	phylum-Ascomycota|class-Saccharomycetes|order-Saccharomycetales|family-Debaryomycetaceae|genus-Candida|species-Candida_metapsilosis	273372	13114.minich.76.s006	Host-associated	Animal	Animal distal gut	Animal distal gut (non-saline)	Ascomycota	Candida	Y	Saccharomycotina
ERR5005171	29545216	Millerozyma farinosa	species	phylum-Ascomycota|class-Saccharomycetes|order-Saccharomycetales|family-Debaryomycetaceae|genus-Millerozyma|species-Millerozyma_farinosa	4920	13114.minich.76.s006	Host-associated	Animal	Animal distal gut	Animal distal gut (non-saline)	Ascomycota	Millerozyma	Y	Saccharomycotina
ERR5005171	29545216	Penicillium citrinum	species	phylum-Ascomycota|class-Eurotiomycetes|order-Eurotiales|family-Aspergillaceae|genus-Penicillium|species-Penicillium_citrinum	5077	13114.minich.76.s006	Host-associated	Animal	Animal distal gut	Animal distal gut (non-saline)	Ascomycota	Penicillium	N	Pezizomycotina
ERR5004845	24980132	Mortierella alpina ATCC 32222	species	phylum-Mucoromycota|class-Mortierellomycetes|order-Mortierellales|family-Mortierellaceae|genus-Mortierella|species-Mortierella_alpina	685557	13114.schmidt.56.s023	Free-living	Non-saline	Soil (non-saline)	Soil (non-saline)	Mucoromycota	Mortierella	N	Mortierellomycotina
ERR5003235	15985952	Ostreococcus lucimarinus CCE9901	species	phylum-Chlorophyta|class-Mamiellophyceae|order-Mamiellales|family-Bathycoccaceae|genus-Ostreococcus|species-Ostreococcus_sp._'lucimarinus'	436017	13114.palenik.42.s017	Free-living	Saline	Water (saline)	Water (saline)				NA
ERR5003235	15985952	Bathycoccus prasinos	species	phylum-Chlorophyta|class-Mamiellophyceae|order-Mamiellales|family-Bathycoccaceae|genus-Bathycoccus|species-Bathycoccus_prasinos	41875	13114.palenik.42.s017	Free-living	Saline	Water (saline)	Water (saline)				NA
ERR5003235	15985952	Micromonas bravo	species	phylum-Chlorophyta|class-Mamiellophyceae|order-Mamiellales|family-Mamiellaceae|genus-Micromonas|species-Micromonas_bravo	296588	13114.palenik.42.s017	Free-living	Saline	Water (saline)	Water (saline)				NA
ERR5003235	15985952	Stramenopiles sp. TOSAG23-3	species	species-Stramenopiles_sp._TOSAG23-3	1735745	13114.palenik.42.s017	Free-living	Saline	Water (saline)	Water (saline)				NA
ERR5003235	15985952	Stramenopiles sp. TOSAG23-2	species	species-Stramenopiles_sp._TOSAG23-2	1735743	13114.palenik.42.s017	Free-living	Saline	Water (saline)	Water (saline)				NA
ERR5001919	91233900	Hyaloscypha bicolor E	species	phylum-Ascomycota|class-Leotiomycetes|order-Helotiales|family-Hyaloscyphaceae|genus-Hyaloscypha|species-Hyaloscypha_bicolor	1095630	13114.myrold.5.s008	Free-living	Non-saline	Soil (non-saline)	Soil (non-saline)	Ascomycota	Hyaloscypha	N	Pezizomycotina
ERR5001919	91233900	Cenococcum geophilum 1.58	species	phylum-Ascomycota|class-Dothideomycetes|family-Gloniaceae|genus-Cenococcum|species-Cenococcum_geophilum	794803	13114.myrold.5.s008	Free-living	Non-saline	Soil (non-saline)	Soil (non-saline)	Ascomycota	Cenococcum	N	Pezizomycotina
ERR5001919	91233900	Phialocephala subalpina	species	phylum-Ascomycota|class-Leotiomycetes|order-Helotiales|genus-Phialocephala|species-Phialocephala_subalpina	576137	13114.myrold.5.s008	Free-living	Non-saline	Soil (non-saline)	Soil (non-saline)	Ascomycota	Phialocephala	N	Pezizomycotina
ERR5001919	91233900	Solicoccozyma terricola	species	phylum-Basidiomycota|class-Tremellomycetes|order-Filobasidiales|family-Piskurozymaceae|genus-Solicoccozyma|species-Solicoccozyma_terricola	104414	13114.myrold.5.s008	Free-living	Non-saline	Soil (non-saline)	Soil (non-saline)	Basidiomycota	Solicoccozyma	Y	Agaricomycotina
ERR5001919	91233900	Mortierella verticillata NRRL 6337	species	phylum-Mucoromycota|class-Mortierellomycetes|order-Mortierellales|family-Mortierellaceae|genus-Mortierella|species-Mortierella_verticillata	1069443	13114.myrold.5.s008	Free-living	Non-saline	Soil (non-saline)	Soil (non-saline)	Mucoromycota	Mortierella	N	Mortierellomycotina
ERR5001731	4621476	Saccharomyces cerevisiae S288C	species	phylum-Ascomycota|class-Saccharomycetes|order-Saccharomycetales|family-Saccharomycetaceae|genus-Saccharomyces|species-Saccharomyces_cerevisiae	559292	13114.angenent.65.s009	Host-associated	Animal	Animal proximal gut	Animal proximal gut (non-saline)	Ascomycota	Saccharomyces	Y	Saccharomycotina
ERR5001731	4621476	Yarrowia lipolytica CLIB122	species	phylum-Ascomycota|class-Saccharomycetes|order-Saccharomycetales|family-Dipodascaceae|genus-Yarrowia|species-Yarrowia_lipolytica	284591	13114.angenent.65.s009	Host-associated	Animal	Animal proximal gut	Animal proximal gut (non-saline)	Ascomycota	Yarrowia	Y	Saccharomycotina
ERR5003910	11231540	Cenococcum geophilum 1.58	species	phylum-Ascomycota|class-Dothideomycetes|family-Gloniaceae|genus-Cenococcum|species-Cenococcum_geophilum	794803	13114.myrold.59.s017	Free-living	Non-saline	Soil (non-saline)	Soil (non-saline)				NA
ERR5003910	11231540	Russula foetens	species	phylum-Basidiomycota|class-Agaricomycetes|order-Russulales|family-Russulaceae|genus-Russula|species-Russula_foetens	131541	13114.myrold.59.s017	Free-living	Non-saline	Soil (non-saline)	Soil (non-saline)	Basidiomycota	Russula	N	Agaricomycotina
ERR5003910	11231540	Hyaloscypha bicolor E	species	phylum-Ascomycota|class-Leotiomycetes|order-Helotiales|family-Hyaloscyphaceae|genus-Hyaloscypha|species-Hyaloscypha_bicolor	1095630	13114.myrold.59.s017	Free-living	Non-saline	Soil (non-saline)	Soil (non-saline)	Ascomycota	Hyaloscypha	N	Pezizomycotina
ERR5003034	17651038	Papiliotrema laurentii RY1	species	phylum-Basidiomycota|class-Tremellomycetes|order-Tremellales|family-Rhynchogastremataceae|genus-Papiliotrema|species-Papiliotrema_laurentii	1354741	13114.bittleston.68.s003	Host-associated	Plant	Plant surface	Plant surface (non-saline)				NA
ERR5005108	24580110	Porites rus	species	phylum-Cnidaria|class-Anthozoa|order-Scleractinia|family-Poritidae|genus-Porites|species-Porites_rus	262591	13114.zaneveld.9.s020	Host-associated	Animal	Animal secretion	Animal secretion (saline)				NA
ERR5005103	23901612	Pocillopora verrucosa	species	phylum-Cnidaria|class-Anthozoa|order-Scleractinia|family-Pocilloporidae|genus-Pocillopora|species-Pocillopora_verrucosa	203993	13114.zaneveld.9.s015	Host-associated	Animal	Animal secretion	Animal secretion (saline)				NA
ERR5004738	22450722	Leucoagaricus gongylophorus Ac12	species	phylum-Basidiomycota|class-Agaricomycetes|order-Agaricales|family-Agaricaceae|genus-Leucoagaricus|species-Leucoagaricus_gongylophorus	1258663	13114.pinto.63.s017	Host-associated	Plant	Plant corpus	Plant corpus (non-saline)				NA
ERR5004738	22450722	Diutina rugosa	species	phylum-Ascomycota|class-Saccharomycetes|order-Saccharomycetales|genus-Diutina|species-Diutina_rugosa	5481	13114.pinto.63.s017	Host-associated	Plant	Plant corpus	Plant corpus (non-saline)	Ascomycota	Diutina	Y	Saccharomycotina
ERR5004738	22450722	Aspergillus tamarii	species	phylum-Ascomycota|class-Eurotiomycetes|order-Eurotiales|family-Aspergillaceae|genus-Aspergillus|species-Aspergillus_tamarii	41984	13114.pinto.63.s017	Host-associated	Plant	Plant corpus	Plant corpus (non-saline)				NA
ERR5004738	22450722	Lichtheimia corymbifera JMRC:FSU:9682	species	phylum-Mucoromycota|class-Mucoromycetes|order-Mucorales|family-Lichtheimiaceae|genus-Lichtheimia|species-Lichtheimia_corymbifera	1263082	13114.pinto.63.s017	Host-associated	Plant	Plant corpus	Plant corpus (non-saline)	Mucoromycota	Lichtheimia	N	Mucoromycotina
ERR5005079	949934	Cladonia rangiferina	species	phylum-Ascomycota|class-Lecanoromycetes|order-Lecanorales|family-Cladoniaceae|genus-Cladonia|species-Cladonia_rangiferina	111670	13114.uren.82.s003	Host-associated	Fungus	Fungus corpus	Fungus corpus (non-saline)	Ascomycota	Cladonia	N	Pezizomycotina
ERR5004182	1089230	Hyaloscypha variabilis F	species	phylum-Ascomycota|class-Leotiomycetes|order-Helotiales|family-Hyaloscyphaceae|genus-Hyaloscypha|species-Hyaloscypha_variabilis	1149755	13114.stegen.38.s010	Free-living	Non-saline	Soil (non-saline)	Soil (non-saline)	Ascomycota	Hyaloscypha	N	Pezizomycotina
ERR5003181	13573334	Coniosporium apollinis CBS 100218	species	phylum-Ascomycota|class-Dothideomycetes|genus-Coniosporium|species-Coniosporium_apollinis	1168221	13114.metcalf.40.s014	Free-living	Non-saline	Soil (non-saline)	Soil (non-saline)	Ascomycota	Coniosporium	N	Pezizomycotina
ERR5003575	18152396	Saccharomyces cerevisiae S288C	species	phylum-Ascomycota|class-Saccharomycetes|order-Saccharomycetales|family-Saccharomycetaceae|genus-Saccharomyces|species-Saccharomyces_cerevisiae	559292	13114.angenent.65.s001	Host-associated	Animal	Animal proximal gut	Animal proximal gut (non-saline)				NA
ERR5005165	31029546	Bathycoccus prasinos	species	phylum-Chlorophyta|class-Mamiellophyceae|order-Mamiellales|family-Bathycoccaceae|genus-Bathycoccus|species-Bathycoccus_prasinos	41875	13114.girguis.50.s012	Host-associated	Animal	Animal distal gut	Animal distal gut (saline)				NA
ERR5004209	29348094	Arcocellulus cornucervis	species	phylum-Bacillariophyta|class-Mediophyceae|order-Cymatosirales|family-Cymatosiraceae|genus-Arcocellulus|species-Arcocellulus_cornucervis	1155433	13114.tait.78.s002	Free-living	Saline	Sediment (saline)	Sediment (saline)				NA
ERR5004209	29348094	Minutocellus polymorphus	species	phylum-Bacillariophyta|class-Mediophyceae|order-Cymatosirales|family-Cymatosiraceae|genus-Minutocellus|species-Minutocellus_polymorphus	265543	13114.tait.78.s002	Free-living	Saline	Sediment (saline)	Sediment (saline)				NA
ERR5004209	29348094	Phaeocystis antarctica	species	phylum-Haptista|class-Haptophyta|order-Phaeocystales|family-Phaeocystaceae|genus-Phaeocystis|species-Phaeocystis_antarctica	33657	13114.tait.78.s002	Free-living	Saline	Sediment (saline)	Sediment (saline)				NA
ERR5004731	5075246	Aspergillus tamarii	species	phylum-Ascomycota|class-Eurotiomycetes|order-Eurotiales|family-Aspergillaceae|genus-Aspergillus|species-Aspergillus_tamarii	41984	13114.pinto.63.s010	Host-associated	Plant	Plant corpus	Plant corpus (non-saline)				NA
ERR5004726	18251112	Leucoagaricus gongylophorus Ac12	species	phylum-Basidiomycota|class-Agaricomycetes|order-Agaricales|family-Agaricaceae|genus-Leucoagaricus|species-Leucoagaricus_gongylophorus	1258663	13114.pinto.63.s005	Host-associated	Plant	Plant corpus	Plant corpus (non-saline)	Basidiomycota	Leucoagaricus	N	Agaricomycotina
ERR5004710	24161414	Micromonas bravo	species	phylum-Chlorophyta|class-Mamiellophyceae|order-Mamiellales|family-Mamiellaceae|genus-Micromonas|species-Micromonas_bravo	296588	13114.palenik.42.s008	Free-living	Saline	Water (saline)	Water (saline)				NA
ERR5004710	24161414	Ostreococcus lucimarinus CCE9901	species	phylum-Chlorophyta|class-Mamiellophyceae|order-Mamiellales|family-Bathycoccaceae|genus-Ostreococcus|species-Ostreococcus_sp._'lucimarinus'	436017	13114.palenik.42.s008	Free-living	Saline	Water (saline)	Water (saline)				NA
ERR5004710	24161414	Bathycoccus prasinos	species	phylum-Chlorophyta|class-Mamiellophyceae|order-Mamiellales|family-Bathycoccaceae|genus-Bathycoccus|species-Bathycoccus_prasinos	41875	13114.palenik.42.s008	Free-living	Saline	Water (saline)	Water (saline)				NA
ERR5004710	24161414	Tetrahymena thermophila	species	phylum-Ciliophora|class-Oligohymenophorea|order-Hymenostomatida|family-Tetrahymenidae|genus-Tetrahymena|species-Tetrahymena_thermophila	5911	13114.palenik.42.s008	Free-living	Saline	Water (saline)	Water (saline)				NA
ERR5004710	24161414	Aureococcus anophagefferens	species	class-Pelagophyceae|order-Pelagomonadales|genus-Aureococcus|species-Aureococcus_anophagefferens	44056	13114.palenik.42.s008	Free-living	Saline	Water (saline)	Water (saline)				NA
ERR5004710	24161414	Florenciella parvula	species	class-Dictyochophyceae|order-Florenciellales|genus-Florenciella|species-Florenciella_parvula	236787	13114.palenik.42.s008	Free-living	Saline	Water (saline)	Water (saline)				NA
ERR5004710	24161414	Stramenopiles sp. TOSAG23-2	species	species-Stramenopiles_sp._TOSAG23-2	1735743	13114.palenik.42.s008	Free-living	Saline	Water (saline)	Water (saline)				NA
ERR5004710	24161414	Alexandrium tamarense	species	class-Dinophyceae|order-Gonyaulacales|family-Gonyaulacaceae|genus-Alexandrium|species-Alexandrium_tamarense	2926	13114.palenik.42.s008	Free-living	Saline	Water (saline)	Water (saline)				NA
ERR5004710	24161414	Pycnococcus provasolii	species	phylum-Chlorophyta|family-Pycnococcaceae|genus-Pycnococcus|species-Pycnococcus_provasolii	41880	13114.palenik.42.s008	Free-living	Saline	Water (saline)	Water (saline)				NA
ERR5004989	16668198	Ostreococcus lucimarinus CCE9901	species	phylum-Chlorophyta|class-Mamiellophyceae|order-Mamiellales|family-Bathycoccaceae|genus-Ostreococcus|species-Ostreococcus_sp._'lucimarinus'	436017	13114.tait.77.s004	Free-living	Saline	Water (saline)	Water (saline)				NA
ERR5004989	16668198	Stramenopiles sp. TOSAG23-2	species	species-Stramenopiles_sp._TOSAG23-2	1735743	13114.tait.77.s004	Free-living	Saline	Water (saline)	Water (saline)				NA
ERR5004989	16668198	Phaeocystis antarctica	species	phylum-Haptista|class-Haptophyta|order-Phaeocystales|family-Phaeocystaceae|genus-Phaeocystis|species-Phaeocystis_antarctica	33657	13114.tait.77.s004	Free-living	Saline	Water (saline)	Water (saline)				NA
ERR5004989	16668198	Oikopleura dioica	species	phylum-Chordata|class-Appendicularia|order-Copelata|family-Oikopleuridae|genus-Oikopleura|species-Oikopleura_dioica	34765	13114.tait.77.s004	Free-living	Saline	Water (saline)	Water (saline)				NA
ERR5004989	16668198	Phaeocystis globosa	species	phylum-Haptista|class-Haptophyta|order-Phaeocystales|family-Phaeocystaceae|genus-Phaeocystis|species-Phaeocystis_globosa	33658	13114.tait.77.s004	Free-living	Saline	Water (saline)	Water (saline)				NA
ERR5004989	16668198	Bicosta minor	species	class-Choanoflagellata|order-Craspedida|family-Salpingoecidae|genus-Bicosta|species-Bicosta_minor	1864616	13114.tait.77.s004	Free-living	Saline	Water (saline)	Water (saline)				NA
ERR5004989	16668198	Florenciella parvula	species	class-Dictyochophyceae|order-Florenciellales|genus-Florenciella|species-Florenciella_parvula	236787	13114.tait.77.s004	Free-living	Saline	Water (saline)	Water (saline)				NA
ERR5004989	16668198	Bathycoccus prasinos	species	phylum-Chlorophyta|class-Mamiellophyceae|order-Mamiellales|family-Bathycoccaceae|genus-Bathycoccus|species-Bathycoccus_prasinos	41875	13114.tait.77.s004	Free-living	Saline	Water (saline)	Water (saline)				NA
ERR5004989	16668198	Arcocellulus cornucervis	species	phylum-Bacillariophyta|class-Mediophyceae|order-Cymatosirales|family-Cymatosiraceae|genus-Arcocellulus|species-Arcocellulus_cornucervis	1155433	13114.tait.77.s004	Free-living	Saline	Water (saline)	Water (saline)				NA
ERR5004989	16668198	Pseudo-nitzschia delicatissima	species	phylum-Bacillariophyta|class-Bacillariophyceae|order-Bacillariales|family-Bacillariaceae|genus-Pseudo-nitzschia|species-Pseudo-nitzschia_delicatissima	44447	13114.tait.77.s004	Free-living	Saline	Water (saline)	Water (saline)				NA
ERR5004989	16668198	Stramenopiles sp. TOSAG23-3	species	species-Stramenopiles_sp._TOSAG23-3	1735745	13114.tait.77.s004	Free-living	Saline	Water (saline)	Water (saline)				NA
ERR5004989	16668198	Haptolina brevifila	species	phylum-Haptista|class-Haptophyta|order-Prymnesiales|family-Prymnesiaceae|genus-Haptolina|species-Haptolina_brevifila	156173	13114.tait.77.s004	Free-living	Saline	Water (saline)	Water (saline)				NA
ERR5004989	16668198	Malassezia restricta	species	phylum-Basidiomycota|class-Malasseziomycetes|order-Malasseziales|family-Malasseziaceae|genus-Malassezia|species-Malassezia_restricta	76775	13114.tait.77.s004	Free-living	Saline	Water (saline)	Water (saline)	Basidiomycota	Malassezia	Y	Ustilaginomycotina
ERR5005202	2164356	Eimeria falciformis	species	phylum-Apicomplexa|class-Conoidasida|order-Eucoccidiorida|family-Eimeriidae|genus-Eimeria|species-Eimeria_falciformis	84963	13114.mousseau.88.s031	Host-associated	Animal	Animal distal gut	Animal distal gut (non-saline)				NA
ERR5005319	22280374	Meira nashicola	species	phylum-Basidiomycota|class-Exobasidiomycetes|order-Exobasidiales|family-Brachybasidiaceae|genus-Meira|species-Meira_nashicola	286112	13114.song.53.s003	Host-associated	Animal	Animal distal gut	Animal distal gut (non-saline)				NA
ERR5005319	22280374	Onygena corvina	species	phylum-Ascomycota|class-Eurotiomycetes|order-Onygenales|family-Onygenaceae|genus-Onygena|species-Onygena_corvina	180788	13114.song.53.s003	Host-associated	Animal	Animal distal gut	Animal distal gut (non-saline)	Ascomycota	Onygena	N	Pezizomycotina
ERR5005319	22280374	Auxenochlorella protothecoides	species	phylum-Chlorophyta|class-Trebouxiophyceae|order-Chlorellales|family-Chlorellaceae|genus-Auxenochlorella|species-Auxenochlorella_protothecoides	3075	13114.song.53.s003	Host-associated	Animal	Animal distal gut	Animal distal gut (non-saline)				NA
ERR5003935	13420420	Leucoagaricus gongylophorus Ac12	species	phylum-Basidiomycota|class-Agaricomycetes|order-Agaricales|family-Agaricaceae|genus-Leucoagaricus|species-Leucoagaricus_gongylophorus	1258663	13114.pinto.63.s001	Host-associated	Plant	Plant corpus	Plant corpus (non-saline)				NA
ERR5003935	13420420	Atta cephalotes	species	phylum-Arthropoda|class-Insecta|order-Hymenoptera|family-Formicidae|genus-Atta|species-Atta_cephalotes	12957	13114.pinto.63.s001	Host-associated	Plant	Plant corpus	Plant corpus (non-saline)				NA
ERR5003935	13420420	Trachymyrmex cornetzi	species	phylum-Arthropoda|class-Insecta|order-Hymenoptera|family-Formicidae|genus-Trachymyrmex|species-Trachymyrmex_cornetzi	471704	13114.pinto.63.s001	Host-associated	Plant	Plant corpus	Plant corpus (non-saline)				NA
ERR5004733	19509388	Leucoagaricus gongylophorus Ac12	species	phylum-Basidiomycota|class-Agaricomycetes|order-Agaricales|family-Agaricaceae|genus-Leucoagaricus|species-Leucoagaricus_gongylophorus	1258663	13114.pinto.63.s012	Host-associated	Plant	Plant corpus	Plant corpus (non-saline)	Basidiomycota	Leucoagaricus	N	Agaricomycotina
ERR5004733	19509388	Atta colombica	species	phylum-Arthropoda|class-Insecta|order-Hymenoptera|family-Formicidae|genus-Atta|species-Atta_colombica	520822	13114.pinto.63.s012	Host-associated	Plant	Plant corpus	Plant corpus (non-saline)				NA
ERR5004682	44289226	Purpureocillium lilacinum	species	phylum-Ascomycota|class-Sordariomycetes|order-Hypocreales|family-Ophiocordycipitaceae|genus-Purpureocillium|species-Purpureocillium_lilacinum	33203	13114.myrold.59.s002	Free-living	Non-saline	Soil (non-saline)	Soil (non-saline)				NA
ERR5004755	21039334	Pyrenochaeta sp. UM 256	species	phylum-Ascomycota|class-Dothideomycetes|order-Pleosporales|family-Cucurbitariaceae|genus-Pyrenochaeta|species-Pyrenochaeta_sp._UM_256	1295359	13114.rohwer.85.s002	Free-living	Saline	Sediment (saline)	Sediment (saline)	Ascomycota	Pyrenochaeta	N	Pezizomycotina
ERR5004755	21039334	Cordyceps confragosa RCEF 1005	species	phylum-Ascomycota|class-Sordariomycetes|order-Hypocreales|family-Cordycipitaceae|genus-Cordyceps|species-Cordyceps_confragosa	1081108	13114.rohwer.85.s002	Free-living	Saline	Sediment (saline)	Sediment (saline)	Ascomycota	Cordyceps	N	Pezizomycotina
ERR5003345	59438706	Hyaloscypha bicolor E	species	phylum-Ascomycota|class-Leotiomycetes|order-Helotiales|family-Hyaloscyphaceae|genus-Hyaloscypha|species-Hyaloscypha_bicolor	1095630	13114.shade.23.s008	Free-living	Non-saline	Soil (non-saline)	Soil (non-saline)	Ascomycota	Hyaloscypha	N	Pezizomycotina
ERR5003345	59438706	Jimgerdemannia flammicorona	species	phylum-Mucoromycota|class-Endogonomycetes|order-Endogonales|family-Endogonaceae|genus-Jimgerdemannia|species-Jimgerdemannia_flammicorona	994334	13114.shade.23.s008	Free-living	Non-saline	Soil (non-saline)	Soil (non-saline)	Mucoromycota	Jimgerdemannia	N	Mucoromycotina
ERR5003345	59438706	Solicoccozyma terricola	species	phylum-Basidiomycota|class-Tremellomycetes|order-Filobasidiales|family-Piskurozymaceae|genus-Solicoccozyma|species-Solicoccozyma_terricola	104414	13114.shade.23.s008	Free-living	Non-saline	Soil (non-saline)	Soil (non-saline)				NA
ERR5003894	15309182	Solicoccozyma phenolica	species	phylum-Basidiomycota|class-Tremellomycetes|order-Filobasidiales|family-Piskurozymaceae|genus-Solicoccozyma|species-Solicoccozyma_phenolica	104411	13114.myrold.59.s001	Free-living	Non-saline	Soil (non-saline)	Soil (non-saline)				NA
ERR5004525	19353108	Phialocephala subalpina	species	phylum-Ascomycota|class-Leotiomycetes|order-Helotiales|genus-Phialocephala|species-Phialocephala_subalpina	576137	13114.mayer.34.s003	Free-living	Non-saline	Sediment (non-saline)	Sediment (non-saline)	Ascomycota	Phialocephala	N	Pezizomycotina
ERR5004525	19353108	Hyaloscypha bicolor E	species	phylum-Ascomycota|class-Leotiomycetes|order-Helotiales|family-Hyaloscyphaceae|genus-Hyaloscypha|species-Hyaloscypha_bicolor	1095630	13114.mayer.34.s003	Free-living	Non-saline	Sediment (non-saline)	Sediment (non-saline)	Ascomycota	Hyaloscypha	N	Pezizomycotina
ERR5004525	19353108	Solicoccozyma terricola	species	phylum-Basidiomycota|class-Tremellomycetes|order-Filobasidiales|family-Piskurozymaceae|genus-Solicoccozyma|species-Solicoccozyma_terricola	104414	13114.mayer.34.s003	Free-living	Non-saline	Sediment (non-saline)	Sediment (non-saline)	Basidiomycota	Solicoccozyma	Y	Agaricomycotina
ERR5004974	66055084	Pezoloma ericae	species	phylum-Ascomycota|class-Leotiomycetes|order-Helotiales|family-Leotiaceae|genus-Pezoloma|species-Pezoloma_ericae	1745343	13114.stegen.38.s015	Free-living	Non-saline	Soil (non-saline)	Soil (non-saline)				NA
ERR5004974	66055084	Cenococcum geophilum 1.58	species	phylum-Ascomycota|class-Dothideomycetes|family-Gloniaceae|genus-Cenococcum|species-Cenococcum_geophilum	794803	13114.stegen.38.s015	Free-living	Non-saline	Soil (non-saline)	Soil (non-saline)	Ascomycota	Cenococcum	N	Pezizomycotina
ERR5004974	66055084	Oidiodendron maius Zn	species	phylum-Ascomycota|class-Leotiomycetes|family-Myxotrichaceae|genus-Oidiodendron|species-Oidiodendron_maius	913774	13114.stegen.38.s015	Free-living	Non-saline	Soil (non-saline)	Soil (non-saline)				NA
ERR5004974	66055084	Hyaloscypha variabilis F	species	phylum-Ascomycota|class-Leotiomycetes|order-Helotiales|family-Hyaloscyphaceae|genus-Hyaloscypha|species-Hyaloscypha_variabilis	1149755	13114.stegen.38.s015	Free-living	Non-saline	Soil (non-saline)	Soil (non-saline)				NA
ERR5004974	66055084	Phialocephala subalpina	species	phylum-Ascomycota|class-Leotiomycetes|order-Helotiales|genus-Phialocephala|species-Phialocephala_subalpina	576137	13114.stegen.38.s015	Free-living	Non-saline	Soil (non-saline)	Soil (non-saline)	Ascomycota	Phialocephala	N	Pezizomycotina
ERR5003663	20673946	Porites rus	species	phylum-Cnidaria|class-Anthozoa|order-Scleractinia|family-Poritidae|genus-Porites|species-Porites_rus	262591	13114.jensen.43.s006	Free-living	Saline	Sediment (saline)	Sediment (saline)				NA
ERR5004547	23364692	Acrobeloides nanus	species	phylum-Nematoda|class-Chromadorea|order-Rhabditida|family-Cephalobidae|genus-Acrobeloides|species-Acrobeloides_nanus	290746	13114.metcalf.40.s012	Free-living	Non-saline	Soil (non-saline)	Soil (non-saline)				NA
ERR5004415	18633862	Detonula confervacea	species	phylum-Bacillariophyta|class-Coscinodiscophyceae|order-Thalassiosirales|family-Thalassiosiraceae|genus-Detonula|species-Detonula_confervacea	83371	13114.bowen.74.s014	Free-living	Saline	Sediment (saline)	Sediment (saline)				NA
ERR5004415	18633862	Cyclotella meneghiniana	species	phylum-Bacillariophyta|class-Coscinodiscophyceae|order-Thalassiosirales|family-Stephanodiscaceae|genus-Cyclotella|species-Cyclotella_meneghiniana	29205	13114.bowen.74.s014	Free-living	Saline	Sediment (saline)	Sediment (saline)				NA
ERR5004404	18665760	Detonula confervacea	species	phylum-Bacillariophyta|class-Coscinodiscophyceae|order-Thalassiosirales|family-Thalassiosiraceae|genus-Detonula|species-Detonula_confervacea	83371	13114.bowen.74.s003	Free-living	Saline	Sediment (saline)	Sediment (saline)				NA
ERR5004404	18665760	Leucoagaricus gongylophorus Ac12	species	phylum-Basidiomycota|class-Agaricomycetes|order-Agaricales|family-Agaricaceae|genus-Leucoagaricus|species-Leucoagaricus_gongylophorus	1258663	13114.bowen.74.s003	Free-living	Saline	Sediment (saline)	Sediment (saline)	Basidiomycota	Leucoagaricus	N	Agaricomycotina
ERR5003006	6527168	Saccharomyces cerevisiae S288C	species	phylum-Ascomycota|class-Saccharomycetes|order-Saccharomycetales|family-Saccharomycetaceae|genus-Saccharomyces|species-Saccharomyces_cerevisiae	559292	13114.angenent.65.s004	Host-associated	Animal	Animal proximal gut	Animal proximal gut (non-saline)	Ascomycota	Saccharomyces	Y	Saccharomycotina
ERR5003006	6527168	Candida parapsilosis	species	phylum-Ascomycota|class-Saccharomycetes|order-Saccharomycetales|family-Debaryomycetaceae|genus-Candida|species-Candida_parapsilosis	5480	13114.angenent.65.s004	Host-associated	Animal	Animal proximal gut	Animal proximal gut (non-saline)	Ascomycota	Candida	Y	Saccharomycotina
ERR5004703	22082624	Bathycoccus prasinos	species	phylum-Chlorophyta|class-Mamiellophyceae|order-Mamiellales|family-Bathycoccaceae|genus-Bathycoccus|species-Bathycoccus_prasinos	41875	13114.palenik.42.s001	Free-living	Saline	Water (saline)	Water (saline)				NA
ERR5004703	22082624	Micromonas bravo	species	phylum-Chlorophyta|class-Mamiellophyceae|order-Mamiellales|family-Mamiellaceae|genus-Micromonas|species-Micromonas_bravo	296588	13114.palenik.42.s001	Free-living	Saline	Water (saline)	Water (saline)				NA
ERR5004703	22082624	Ostreococcus lucimarinus CCE9901	species	phylum-Chlorophyta|class-Mamiellophyceae|order-Mamiellales|family-Bathycoccaceae|genus-Ostreococcus|species-Ostreococcus_sp._'lucimarinus'	436017	13114.palenik.42.s001	Free-living	Saline	Water (saline)	Water (saline)				NA
ERR5004703	22082624	Arcocellulus cornucervis	species	phylum-Bacillariophyta|class-Mediophyceae|order-Cymatosirales|family-Cymatosiraceae|genus-Arcocellulus|species-Arcocellulus_cornucervis	1155433	13114.palenik.42.s001	Free-living	Saline	Water (saline)	Water (saline)				NA
ERR5004703	22082624	Tetrahymena thermophila	species	phylum-Ciliophora|class-Oligohymenophorea|order-Hymenostomatida|family-Tetrahymenidae|genus-Tetrahymena|species-Tetrahymena_thermophila	5911	13114.palenik.42.s001	Free-living	Saline	Water (saline)	Water (saline)				NA
ERR5004703	22082624	Aureococcus anophagefferens	species	class-Pelagophyceae|order-Pelagomonadales|genus-Aureococcus|species-Aureococcus_anophagefferens	44056	13114.palenik.42.s001	Free-living	Saline	Water (saline)	Water (saline)				NA
ERR5004703	22082624	Florenciella parvula	species	class-Dictyochophyceae|order-Florenciellales|genus-Florenciella|species-Florenciella_parvula	236787	13114.palenik.42.s001	Free-living	Saline	Water (saline)	Water (saline)				NA
ERR5004703	22082624	Stramenopiles sp. TOSAG23-2	species	species-Stramenopiles_sp._TOSAG23-2	1735743	13114.palenik.42.s001	Free-living	Saline	Water (saline)	Water (saline)				NA
ERR5004703	22082624	Minutocellus polymorphus	species	phylum-Bacillariophyta|class-Mediophyceae|order-Cymatosirales|family-Cymatosiraceae|genus-Minutocellus|species-Minutocellus_polymorphus	265543	13114.palenik.42.s001	Free-living	Saline	Water (saline)	Water (saline)				NA
ERR5004703	22082624	Chaetoceros neogracilis	species	phylum-Bacillariophyta|class-Coscinodiscophyceae|order-Chaetocerotales|family-Chaetocerotaceae|genus-Chaetoceros|species-Chaetoceros_neogracilis	240364	13114.palenik.42.s001	Free-living	Saline	Water (saline)	Water (saline)				NA
ERR5004703	22082624	Alexandrium tamarense	species	class-Dinophyceae|order-Gonyaulacales|family-Gonyaulacaceae|genus-Alexandrium|species-Alexandrium_tamarense	2926	13114.palenik.42.s001	Free-living	Saline	Water (saline)	Water (saline)				NA
ERR5004703	22082624	Chloropicon roscoffensis	species	phylum-Chlorophyta|class-Chloropicophyceae|order-Chloropicales|family-Chloropicaceae|genus-Chloropicon|species-Chloropicon_roscoffensis	1461544	13114.palenik.42.s001	Free-living	Saline	Water (saline)	Water (saline)				NA
ERR5004703	22082624	Pycnococcus provasolii	species	phylum-Chlorophyta|family-Pycnococcaceae|genus-Pycnococcus|species-Pycnococcus_provasolii	41880	13114.palenik.42.s001	Free-living	Saline	Water (saline)	Water (saline)				NA
ERR5004703	22082624	Pelagomonas calceolata	species	class-Pelagophyceae|order-Pelagomonadales|genus-Pelagomonas|species-Pelagomonas_calceolata	35677	13114.palenik.42.s001	Free-living	Saline	Water (saline)	Water (saline)				NA
ERR5005231	11823322	Leucoagaricus gongylophorus Ac12	species	phylum-Basidiomycota|class-Agaricomycetes|order-Agaricales|family-Agaricaceae|genus-Leucoagaricus|species-Leucoagaricus_gongylophorus	1258663	13114.mousseau.88.s062	Host-associated	Animal	Animal distal gut	Animal distal gut (non-saline)	Basidiomycota	Leucoagaricus	N	Agaricomycotina
ERR5002234	2794174	Ostreococcus lucimarinus CCE9901	species	phylum-Chlorophyta|class-Mamiellophyceae|order-Mamiellales|family-Bathycoccaceae|genus-Ostreococcus|species-Ostreococcus_sp._'lucimarinus'	436017	13114.tucker.58.s014	Free-living	Non-saline	Water (non-saline)	Water (non-saline)				NA
ERR5003751	4240890	Fusarium hostae	species	phylum-Ascomycota|class-Sordariomycetes|order-Hypocreales|family-Nectriaceae|genus-Fusarium|species-Fusarium_hostae	152502	13114.metcalf.40.s003	Free-living	Non-saline	Soil (non-saline)	Soil (non-saline)	Ascomycota	Fusarium	N	Pezizomycotina
ERR5003751	4240890	Acrobeloides nanus	species	phylum-Nematoda|class-Chromadorea|order-Rhabditida|family-Cephalobidae|genus-Acrobeloides|species-Acrobeloides_nanus	290746	13114.metcalf.40.s003	Free-living	Non-saline	Soil (non-saline)	Soil (non-saline)				NA
ERR5003751	4240890	Mortierella alpina ATCC 32222	species	phylum-Mucoromycota|class-Mortierellomycetes|order-Mortierellales|family-Mortierellaceae|genus-Mortierella|species-Mortierella_alpina	685557	13114.metcalf.40.s003	Free-living	Non-saline	Soil (non-saline)	Soil (non-saline)	Mucoromycota	Mortierella	N	Mortierellomycotina
ERR5003751	4240890	Fusarium clavum	species	phylum-Ascomycota|class-Sordariomycetes|order-Hypocreales|family-Nectriaceae|genus-Fusarium|species-Fusarium_clavum	2594811	13114.metcalf.40.s003	Free-living	Non-saline	Soil (non-saline)	Soil (non-saline)				NA
ERR5004090	24153408	Chloropicon roscoffensis	species	phylum-Chlorophyta|class-Chloropicophyceae|order-Chloropicales|family-Chloropicaceae|genus-Chloropicon|species-Chloropicon_roscoffensis	1461544	13114.smith.39.s005	Host-associated	Plant	Plant surface	Plant surface (saline)				NA
ERR5004090	24153408	Corallochytrium limacisporum	species	genus-Corallochytrium|species-Corallochytrium_limacisporum	98351	13114.smith.39.s005	Host-associated	Plant	Plant surface	Plant surface (saline)				NA
ERR5003237	20539554	Ostreococcus lucimarinus CCE9901	species	phylum-Chlorophyta|class-Mamiellophyceae|order-Mamiellales|family-Bathycoccaceae|genus-Ostreococcus|species-Ostreococcus_sp._'lucimarinus'	436017	13114.palenik.42.s019	Free-living	Saline	Water (saline)	Water (saline)				NA
ERR5003237	20539554	Bathycoccus prasinos	species	phylum-Chlorophyta|class-Mamiellophyceae|order-Mamiellales|family-Bathycoccaceae|genus-Bathycoccus|species-Bathycoccus_prasinos	41875	13114.palenik.42.s019	Free-living	Saline	Water (saline)	Water (saline)				NA
ERR5003237	20539554	Stramenopiles sp. TOSAG23-3	species	species-Stramenopiles_sp._TOSAG23-3	1735745	13114.palenik.42.s019	Free-living	Saline	Water (saline)	Water (saline)				NA
ERR5003237	20539554	Micromonas bravo	species	phylum-Chlorophyta|class-Mamiellophyceae|order-Mamiellales|family-Mamiellaceae|genus-Micromonas|species-Micromonas_bravo	296588	13114.palenik.42.s019	Free-living	Saline	Water (saline)	Water (saline)				NA
ERR5003237	20539554	Emiliania huxleyi CCMP1516	species	phylum-Haptista|class-Haptophyta|order-Isochrysidales|family-Noelaerhabdaceae|genus-Emiliania|species-Emiliania_huxleyi	280463	13114.palenik.42.s019	Free-living	Saline	Water (saline)	Water (saline)				NA
ERR5003237	20539554	Minutocellus polymorphus	species	phylum-Bacillariophyta|class-Mediophyceae|order-Cymatosirales|family-Cymatosiraceae|genus-Minutocellus|species-Minutocellus_polymorphus	265543	13114.palenik.42.s019	Free-living	Saline	Water (saline)	Water (saline)				NA
ERR5003237	20539554	Arcocellulus cornucervis	species	phylum-Bacillariophyta|class-Mediophyceae|order-Cymatosirales|family-Cymatosiraceae|genus-Arcocellulus|species-Arcocellulus_cornucervis	1155433	13114.palenik.42.s019	Free-living	Saline	Water (saline)	Water (saline)				NA
ERR5003237	20539554	Pycnococcus provasolii	species	phylum-Chlorophyta|family-Pycnococcaceae|genus-Pycnococcus|species-Pycnococcus_provasolii	41880	13114.palenik.42.s019	Free-living	Saline	Water (saline)	Water (saline)				NA
ERR5003237	20539554	Pelagococcus subviridis	species	class-Pelagophyceae|order-Pelagomonadales|genus-Pelagococcus|species-Pelagococcus_subviridis	35679	13114.palenik.42.s019	Free-living	Saline	Water (saline)	Water (saline)				NA
ERR5003237	20539554	Thalassiosira oceanica	species	phylum-Bacillariophyta|class-Coscinodiscophyceae|order-Thalassiosirales|family-Thalassiosiraceae|genus-Thalassiosira|species-Thalassiosira_oceanica	159749	13114.palenik.42.s019	Free-living	Saline	Water (saline)	Water (saline)				NA
ERR5003237	20539554	Gephyrocapsa oceanica	species	phylum-Haptista|class-Haptophyta|order-Isochrysidales|family-Noelaerhabdaceae|genus-Gephyrocapsa|species-Gephyrocapsa_oceanica	38817	13114.palenik.42.s019	Free-living	Saline	Water (saline)	Water (saline)				NA
ERR5003237	20539554	Prasinoderma singulare	species	phylum-Chlorophyta|class-Palmophyllophyceae|order-Prasinococcales|family-Prasinococcaceae|genus-Prasinoderma|species-Prasinoderma_singulare	676789	13114.palenik.42.s019	Free-living	Saline	Water (saline)	Water (saline)				NA
ERR5003237	20539554	Bicosta minor	species	class-Choanoflagellata|order-Craspedida|family-Salpingoecidae|genus-Bicosta|species-Bicosta_minor	1864616	13114.palenik.42.s019	Free-living	Saline	Water (saline)	Water (saline)				NA
ERR5003237	20539554	Florenciella parvula	species	class-Dictyochophyceae|order-Florenciellales|genus-Florenciella|species-Florenciella_parvula	236787	13114.palenik.42.s019	Free-living	Saline	Water (saline)	Water (saline)				NA
ERR5004966	25017836	Hyaloscypha bicolor E	species	phylum-Ascomycota|class-Leotiomycetes|order-Helotiales|family-Hyaloscyphaceae|genus-Hyaloscypha|species-Hyaloscypha_bicolor	1095630	13114.stegen.38.s007	Free-living	Non-saline	Soil (non-saline)	Soil (non-saline)	Ascomycota	Hyaloscypha	N	Pezizomycotina
ERR5004966	25017836	Mortierella verticillata NRRL 6337	species	phylum-Mucoromycota|class-Mortierellomycetes|order-Mortierellales|family-Mortierellaceae|genus-Mortierella|species-Mortierella_verticillata	1069443	13114.stegen.38.s007	Free-living	Non-saline	Soil (non-saline)	Soil (non-saline)	Mucoromycota	Mortierella	N	Mortierellomycotina
ERR5004966	25017836	Cenococcum geophilum 1.58	species	phylum-Ascomycota|class-Dothideomycetes|family-Gloniaceae|genus-Cenococcum|species-Cenococcum_geophilum	794803	13114.stegen.38.s007	Free-living	Non-saline	Soil (non-saline)	Soil (non-saline)	Ascomycota	Cenococcum	N	Pezizomycotina
ERR5004966	25017836	Phialocephala subalpina	species	phylum-Ascomycota|class-Leotiomycetes|order-Helotiales|genus-Phialocephala|species-Phialocephala_subalpina	576137	13114.stegen.38.s007	Free-living	Non-saline	Soil (non-saline)	Soil (non-saline)	Ascomycota	Phialocephala	N	Pezizomycotina
ERR5004966	25017836	Oidiodendron maius Zn	species	phylum-Ascomycota|class-Leotiomycetes|family-Myxotrichaceae|genus-Oidiodendron|species-Oidiodendron_maius	913774	13114.stegen.38.s007	Free-living	Non-saline	Soil (non-saline)	Soil (non-saline)				NA
ERR5002122	8243484	Epicoccum nigrum	species	phylum-Ascomycota|class-Dothideomycetes|order-Pleosporales|family-Didymellaceae|genus-Epicoccum|species-Epicoccum_nigrum	105696	13114.song.53.s013	Host-associated	Animal	Animal distal gut	Animal distal gut (non-saline)	Ascomycota	Epicoccum	N	Pezizomycotina
ERR5004034	22559710	Chloropicon mariensis	species	phylum-Chlorophyta|class-Chloropicophyceae|order-Chloropicales|family-Chloropicaceae|genus-Chloropicon|species-Chloropicon_mariensis	1606511	13114.sandin.54.s014	Host-associated	Animal	Animal proximal gut	Animal proximal gut (saline)				NA
ERR5004034	22559710	Chloropicon roscoffensis	species	phylum-Chlorophyta|class-Chloropicophyceae|order-Chloropicales|family-Chloropicaceae|genus-Chloropicon|species-Chloropicon_roscoffensis	1461544	13114.sandin.54.s014	Host-associated	Animal	Animal proximal gut	Animal proximal gut (saline)				NA
ERR5004034	22559710	Prasinoderma coloniale	species	phylum-Chlorophyta|class-Palmophyllophyceae|order-Prasinococcales|family-Prasinococcaceae|genus-Prasinoderma|species-Prasinoderma_coloniale	156133	13114.sandin.54.s014	Host-associated	Animal	Animal proximal gut	Animal proximal gut (saline)				NA
ERR5004034	22559710	Prasinococcaceae sp. CCMP 1430	species	phylum-Chlorophyta|class-Palmophyllophyceae|order-Prasinococcales|family-Prasinococcaceae|species-Prasinococcaceae_sp._CCMP_1430	2489100	13114.sandin.54.s014	Host-associated	Animal	Animal proximal gut	Animal proximal gut (saline)				NA
ERR5004226	19630368	Chloropicon roscoffensis	species	phylum-Chlorophyta|class-Chloropicophyceae|order-Chloropicales|family-Chloropicaceae|genus-Chloropicon|species-Chloropicon_roscoffensis	1461544	13114.thomas.18.s024	Host-associated	Animal	Animal corpus	Animal corpus (saline)				NA
ERR5003769	9241736	Hyphopichia burtonii NRRL Y-1933	species	phylum-Ascomycota|class-Saccharomycetes|order-Saccharomycetales|family-Debaryomycetaceae|genus-Hyphopichia|species-Hyphopichia_burtonii	984485	13114.minich.76.s004	Host-associated	Animal	Animal distal gut	Animal distal gut (non-saline)	Ascomycota	Hyphopichia	Y	Saccharomycotina
ERR5003769	9241736	Debaryomyces nepalensis	species	phylum-Ascomycota|class-Saccharomycetes|order-Saccharomycetales|family-Debaryomycetaceae|genus-Debaryomyces|species-Debaryomyces_nepalensis	27299	13114.minich.76.s004	Host-associated	Animal	Animal distal gut	Animal distal gut (non-saline)	Ascomycota	Debaryomyces	Y	Saccharomycotina
ERR5003769	9241736	Millerozyma farinosa	species	phylum-Ascomycota|class-Saccharomycetes|order-Saccharomycetales|family-Debaryomycetaceae|genus-Millerozyma|species-Millerozyma_farinosa	4920	13114.minich.76.s004	Host-associated	Animal	Animal distal gut	Animal distal gut (non-saline)	Ascomycota	Millerozyma	Y	Saccharomycotina
ERR5004743	5338044	Bathycoccus prasinos	species	phylum-Chlorophyta|class-Mamiellophyceae|order-Mamiellales|family-Bathycoccaceae|genus-Bathycoccus|species-Bathycoccus_prasinos	41875	13114.pinto.63.s022	Host-associated	Plant	Plant corpus	Plant corpus (non-saline)				NA
ERR5004743	5338044	Ostreococcus lucimarinus CCE9901	species	phylum-Chlorophyta|class-Mamiellophyceae|order-Mamiellales|family-Bathycoccaceae|genus-Ostreococcus|species-Ostreococcus_sp._'lucimarinus'	436017	13114.pinto.63.s022	Host-associated	Plant	Plant corpus	Plant corpus (non-saline)				NA
ERR5005295	33865240	Penicillium paneum FM227	species	phylum-Ascomycota|class-Eurotiomycetes|order-Eurotiales|family-Aspergillaceae|genus-Penicillium|species-Penicillium_paneum	1439348	13114.song.51.s014	Host-associated	Animal	Animal distal gut	Animal distal gut (non-saline)				NA
ERR5005109	22321788	Micromonas pusilla	species	phylum-Chlorophyta|class-Mamiellophyceae|order-Mamiellales|family-Mamiellaceae|genus-Micromonas|species-Micromonas_pusilla	38833	13114.zaneveld.9.s021	Free-living	Saline	Water (saline)	Water (saline)				NA
ERR5005109	22321788	Ostreococcus sp. SAG10	species	phylum-Chlorophyta|class-Mamiellophyceae|order-Mamiellales|family-Bathycoccaceae|genus-Ostreococcus|species-Ostreococcus_sp._SAG10	2590005	13114.zaneveld.9.s021	Free-living	Saline	Water (saline)	Water (saline)				NA
ERR5005109	22321788	Bathycoccus sp. TOSAG39-1	species	phylum-Chlorophyta|class-Mamiellophyceae|order-Mamiellales|family-Bathycoccaceae|genus-Bathycoccus|species-Bathycoccus_sp._TOSAG39-1	1735750	13114.zaneveld.9.s021	Free-living	Saline	Water (saline)	Water (saline)				NA
ERR5005109	22321788	Stramenopiles sp. TOSAG41-1	species	species-Stramenopiles_sp._TOSAG41-1	1735744	13114.zaneveld.9.s021	Free-living	Saline	Water (saline)	Water (saline)				NA
ERR5005109	22321788	Chloropicon roscoffensis	species	phylum-Chlorophyta|class-Chloropicophyceae|order-Chloropicales|family-Chloropicaceae|genus-Chloropicon|species-Chloropicon_roscoffensis	1461544	13114.zaneveld.9.s021	Free-living	Saline	Water (saline)	Water (saline)				NA
ERR5005109	22321788	Pelagomonas calceolata	species	class-Pelagophyceae|order-Pelagomonadales|genus-Pelagomonas|species-Pelagomonas_calceolata	35677	13114.zaneveld.9.s021	Free-living	Saline	Water (saline)	Water (saline)				NA
ERR5005109	22321788	Acropora millepora	species	phylum-Cnidaria|class-Anthozoa|order-Scleractinia|family-Acroporidae|genus-Acropora|species-Acropora_millepora	45264	13114.zaneveld.9.s021	Free-living	Saline	Water (saline)	Water (saline)				NA
ERR5004728	24790678	Leucoagaricus gongylophorus Ac12	species	phylum-Basidiomycota|class-Agaricomycetes|order-Agaricales|family-Agaricaceae|genus-Leucoagaricus|species-Leucoagaricus_gongylophorus	1258663	13114.pinto.63.s007	Host-associated	Plant	Plant corpus	Plant corpus (non-saline)	Basidiomycota	Leucoagaricus	N	Agaricomycotina
ERR5002222	6968988	Chloropicon roscoffensis	species	phylum-Chlorophyta|class-Chloropicophyceae|order-Chloropicales|family-Chloropicaceae|genus-Chloropicon|species-Chloropicon_roscoffensis	1461544	13114.thomas.19.s022	Host-associated	Plant	Plant surface	Plant surface (saline)				NA
ERR5002222	6968988	Aplanochytrium kerguelense	species	class-Bigyra|order-Labyrinthulomycetes|family-Thraustochytriaceae|genus-Aplanochytrium|species-Aplanochytrium_kerguelense	87111	13114.thomas.19.s022	Host-associated	Plant	Plant surface	Plant surface (saline)				NA
ERR5003443	16695652	Ostreococcus sp. SAG10	species	phylum-Chlorophyta|class-Mamiellophyceae|order-Mamiellales|family-Bathycoccaceae|genus-Ostreococcus|species-Ostreococcus_sp._SAG10	2590005	13114.stewart.26.s007	Free-living	Saline	Water (saline)	Water (saline)				NA
ERR5003443	16695652	Bathycoccus sp. TOSAG39-1	species	phylum-Chlorophyta|class-Mamiellophyceae|order-Mamiellales|family-Bathycoccaceae|genus-Bathycoccus|species-Bathycoccus_sp._TOSAG39-1	1735750	13114.stewart.26.s007	Free-living	Saline	Water (saline)	Water (saline)				NA
ERR5003443	16695652	Stramenopiles sp. TOSAG23-2	species	species-Stramenopiles_sp._TOSAG23-2	1735743	13114.stewart.26.s007	Free-living	Saline	Water (saline)	Water (saline)				NA
ERR5003443	16695652	Pelagomonas calceolata	species	class-Pelagophyceae|order-Pelagomonadales|genus-Pelagomonas|species-Pelagomonas_calceolata	35677	13114.stewart.26.s007	Free-living	Saline	Water (saline)	Water (saline)				NA
ERR5005318	31721380	Clavispora lusitaniae ATCC 42720	species	phylum-Ascomycota|class-Saccharomycetes|order-Saccharomycetales|family-Metschnikowiaceae|genus-Clavispora|species-Clavispora_lusitaniae	306902	13114.song.53.s002	Host-associated	Animal	Animal distal gut	Animal distal gut (non-saline)	Ascomycota	Clavispora	Y	Saccharomycotina
ERR5005318	31721380	Candida parapsilosis	species	phylum-Ascomycota|class-Saccharomycetes|order-Saccharomycetales|family-Debaryomycetaceae|genus-Candida|species-Candida_parapsilosis	5480	13114.song.53.s002	Host-associated	Animal	Animal distal gut	Animal distal gut (non-saline)				NA
ERR5005318	31721380	Armadillidium nasatum	species	phylum-Arthropoda|class-Malacostraca|order-Isopoda|family-Armadillidiidae|genus-Armadillidium|species-Armadillidium_nasatum	96803	13114.song.53.s002	Host-associated	Animal	Animal distal gut	Animal distal gut (non-saline)				NA
ERR5005318	31721380	Malassezia furfur	species	phylum-Basidiomycota|class-Malasseziomycetes|order-Malasseziales|family-Malasseziaceae|genus-Malassezia|species-Malassezia_furfur	55194	13114.song.53.s002	Host-associated	Animal	Animal distal gut	Animal distal gut (non-saline)				NA
ERR5004744	20575834	Frieseomelitta varia	species	phylum-Arthropoda|class-Insecta|order-Hymenoptera|family-Apidae|genus-Frieseomelitta|species-Frieseomelitta_varia	561572	13114.pinto.63.s023	Host-associated	Plant	Plant corpus	Plant corpus (non-saline)				NA
ERR5004744	20575834	Melipona quadrifasciata	species	phylum-Arthropoda|class-Insecta|order-Hymenoptera|family-Apidae|genus-Melipona|species-Melipona_quadrifasciata	166423	13114.pinto.63.s023	Host-associated	Plant	Plant corpus	Plant corpus (non-saline)				NA
ERR5004744	20575834	Tetragonula hockingsi	species	phylum-Arthropoda|class-Insecta|order-Hymenoptera|family-Apidae|genus-Tetragonula|species-Tetragonula_hockingsi	270528	13114.pinto.63.s023	Host-associated	Plant	Plant corpus	Plant corpus (non-saline)				NA
ERR5004535	29496840	Exophiala oligosperma	species	phylum-Ascomycota|class-Eurotiomycetes|order-Chaetothyriales|family-Herpotrichiellaceae|genus-Exophiala|species-Exophiala_oligosperma	215243	13114.mcmahon.21.s010	Free-living	Non-saline	Water (non-saline)	Water (non-saline)				NA
ERR5004683	9898660	Saitozyma podzolica	species	phylum-Basidiomycota|class-Tremellomycetes|order-Tremellales|family-Trimorphomycetaceae|genus-Saitozyma|species-Saitozyma_podzolica	1890683	13114.myrold.59.s003	Free-living	Non-saline	Soil (non-saline)	Soil (non-saline)	Basidiomycota	Saitozyma	Y	Agaricomycotina
ERR5003499	5079776	Phoma herbarum	species	phylum-Ascomycota|class-Dothideomycetes|order-Pleosporales|family-Didymellaceae|genus-Phoma|species-Phoma_herbarum	73001	13114.thomas.19.s020	Host-associated	Plant	Plant surface	Plant surface (saline)				NA
ERR5003248	19273576	Leucoagaricus gongylophorus Ac12	species	phylum-Basidiomycota|class-Agaricomycetes|order-Agaricales|family-Agaricaceae|genus-Leucoagaricus|species-Leucoagaricus_gongylophorus	1258663	13114.pinto.63.s011	Host-associated	Plant	Plant corpus	Plant corpus (non-saline)	Basidiomycota	Leucoagaricus	N	Agaricomycotina
ERR5004990	17234924	Ostreococcus lucimarinus CCE9901	species	phylum-Chlorophyta|class-Mamiellophyceae|order-Mamiellales|family-Bathycoccaceae|genus-Ostreococcus|species-Ostreococcus_sp._'lucimarinus'	436017	13114.tait.77.s005	Free-living	Saline	Water (saline)	Water (saline)				NA
ERR5004990	17234924	Stramenopiles sp. TOSAG23-2	species	species-Stramenopiles_sp._TOSAG23-2	1735743	13114.tait.77.s005	Free-living	Saline	Water (saline)	Water (saline)				NA
ERR5004990	17234924	Phaeocystis globosa	species	phylum-Haptista|class-Haptophyta|order-Phaeocystales|family-Phaeocystaceae|genus-Phaeocystis|species-Phaeocystis_globosa	33658	13114.tait.77.s005	Free-living	Saline	Water (saline)	Water (saline)				NA
ERR5004990	17234924	Pycnococcus provasolii	species	phylum-Chlorophyta|family-Pycnococcaceae|genus-Pycnococcus|species-Pycnococcus_provasolii	41880	13114.tait.77.s005	Free-living	Saline	Water (saline)	Water (saline)				NA
ERR5004990	17234924	Bathycoccus prasinos	species	phylum-Chlorophyta|class-Mamiellophyceae|order-Mamiellales|family-Bathycoccaceae|genus-Bathycoccus|species-Bathycoccus_prasinos	41875	13114.tait.77.s005	Free-living	Saline	Water (saline)	Water (saline)				NA
ERR5004990	17234924	Pseudo-nitzschia delicatissima	species	phylum-Bacillariophyta|class-Bacillariophyceae|order-Bacillariales|family-Bacillariaceae|genus-Pseudo-nitzschia|species-Pseudo-nitzschia_delicatissima	44447	13114.tait.77.s005	Free-living	Saline	Water (saline)	Water (saline)				NA
ERR5004990	17234924	Arcocellulus cornucervis	species	phylum-Bacillariophyta|class-Mediophyceae|order-Cymatosirales|family-Cymatosiraceae|genus-Arcocellulus|species-Arcocellulus_cornucervis	1155433	13114.tait.77.s005	Free-living	Saline	Water (saline)	Water (saline)				NA
ERR5004191	10400484	Thecamonas trahens ATCC 50062	species	family-Apusomonadidae|genus-Thecamonas|species-Thecamonas_trahens	461836	13114.stewart.26.s001	Free-living	Saline	Water (saline)	Water (saline)				NA
ERR5005018	20564408	Chloropicon roscoffensis	species	phylum-Chlorophyta|class-Chloropicophyceae|order-Chloropicales|family-Chloropicaceae|genus-Chloropicon|species-Chloropicon_roscoffensis	1461544	13114.thomas.18.s030	Host-associated	Animal	Animal corpus	Animal corpus (saline)				NA
ERR5003509	464338	Saccharomyces cerevisiae S288C	species	phylum-Ascomycota|class-Saccharomycetes|order-Saccharomycetales|family-Saccharomycetaceae|genus-Saccharomyces|species-Saccharomyces_cerevisiae	559292	13114.tucker.58.s008	Free-living	Non-saline	Subsurface (non-saline)	Subsurface (non-saline)				NA
ERR5003764	20352622	Mortierella elongata AG-77	species	phylum-Mucoromycota|class-Mortierellomycetes|order-Mortierellales|family-Mortierellaceae|genus-Mortierella|species-Mortierella_elongata	1314771	13114.metcalf.81.s002	Host-associated	Animal	Animal corpus	Animal corpus (non-saline)	Mucoromycota	Mortierella	N	Mortierellomycotina
ERR5004691	33596730	Solicoccozyma terricola	species	phylum-Basidiomycota|class-Tremellomycetes|order-Filobasidiales|family-Piskurozymaceae|genus-Solicoccozyma|species-Solicoccozyma_terricola	104414	13114.myrold.59.s011	Free-living	Non-saline	Soil (non-saline)	Soil (non-saline)	Basidiomycota	Solicoccozyma	Y	Agaricomycotina
ERR5005081	17133318	Cladonia uncialis	species	phylum-Ascomycota|class-Lecanoromycetes|order-Lecanorales|family-Cladoniaceae|genus-Cladonia|species-Cladonia_uncialis	174080	13114.uren.82.s005	Host-associated	Fungus	Fungus corpus	Fungus corpus (non-saline)	Ascomycota	Cladonia	N	Pezizomycotina
ERR5004587	76444842	Debaryomyces hansenii CBS767	species	phylum-Ascomycota|class-Saccharomycetes|order-Saccharomycetales|family-Debaryomycetaceae|genus-Debaryomyces|species-Debaryomyces_hansenii	284592	13114.mousseau.88.s029	Host-associated	Animal	Animal distal gut	Animal distal gut (non-saline)	Ascomycota	Debaryomyces	Y	Saccharomycotina
ERR5004761	600610	Phoma herbarum	species	phylum-Ascomycota|class-Dothideomycetes|order-Pleosporales|family-Didymellaceae|genus-Phoma|species-Phoma_herbarum	73001	13114.rohwer.85.s008	Free-living	Saline	Sediment (saline)	Sediment (saline)	Ascomycota	Phoma	N	Pezizomycotina
ERR5004536	21459132	Pestalotiopsis sp. JCM 9685	species	phylum-Ascomycota|class-Sordariomycetes|order-Xylariales|family-Sporocadaceae|genus-Pestalotiopsis|species-Pestalotiopsis_sp._JCM_9685	1633207	13114.metcalf.40.s001	Free-living	Non-saline	Soil (non-saline)	Soil (non-saline)	Ascomycota	Pestalotiopsis	N	Pezizomycotina
ERR5003922	22963314	Micromonas bravo	species	phylum-Chlorophyta|class-Mamiellophyceae|order-Mamiellales|family-Mamiellaceae|genus-Micromonas|species-Micromonas_bravo	296588	13114.palenik.42.s007	Free-living	Saline	Water (saline)	Water (saline)				NA
ERR5003922	22963314	Bathycoccus prasinos	species	phylum-Chlorophyta|class-Mamiellophyceae|order-Mamiellales|family-Bathycoccaceae|genus-Bathycoccus|species-Bathycoccus_prasinos	41875	13114.palenik.42.s007	Free-living	Saline	Water (saline)	Water (saline)				NA
ERR5003922	22963314	Ostreococcus lucimarinus CCE9901	species	phylum-Chlorophyta|class-Mamiellophyceae|order-Mamiellales|family-Bathycoccaceae|genus-Ostreococcus|species-Ostreococcus_sp._'lucimarinus'	436017	13114.palenik.42.s007	Free-living	Saline	Water (saline)	Water (saline)				NA
ERR5003922	22963314	Tetrahymena thermophila	species	phylum-Ciliophora|class-Oligohymenophorea|order-Hymenostomatida|family-Tetrahymenidae|genus-Tetrahymena|species-Tetrahymena_thermophila	5911	13114.palenik.42.s007	Free-living	Saline	Water (saline)	Water (saline)				NA
ERR5003922	22963314	Asterionellopsis glacialis	species	phylum-Bacillariophyta|class-Fragilariophyceae|order-Fragilariales|family-Fragilariaceae|genus-Asterionellopsis|species-Asterionellopsis_glacialis	33640	13114.palenik.42.s007	Free-living	Saline	Water (saline)	Water (saline)				NA
ERR5003922	22963314	Chrysochromulina rotalis	species	phylum-Haptista|class-Haptophyta|order-Prymnesiales|family-Chrysochromulinaceae|genus-Chrysochromulina|species-Chrysochromulina_rotalis	412157	13114.palenik.42.s007	Free-living	Saline	Water (saline)	Water (saline)				NA
ERR5003922	22963314	Florenciella parvula	species	class-Dictyochophyceae|order-Florenciellales|genus-Florenciella|species-Florenciella_parvula	236787	13114.palenik.42.s007	Free-living	Saline	Water (saline)	Water (saline)				NA
ERR5003922	22963314	Telonema subtile	species	order-Telonemida|genus-Telonema|species-Telonema_subtile	232287	13114.palenik.42.s007	Free-living	Saline	Water (saline)	Water (saline)				NA
ERR5004616	6103536	Leucoagaricus gongylophorus Ac12	species	phylum-Basidiomycota|class-Agaricomycetes|order-Agaricales|family-Agaricaceae|genus-Leucoagaricus|species-Leucoagaricus_gongylophorus	1258663	13114.mousseau.88.s059	Host-associated	Animal	Animal distal gut	Animal distal gut (non-saline)	Basidiomycota	Leucoagaricus	N	Agaricomycotina
ERR5003242	21014118	Leucoagaricus gongylophorus Ac12	species	phylum-Basidiomycota|class-Agaricomycetes|order-Agaricales|family-Agaricaceae|genus-Leucoagaricus|species-Leucoagaricus_gongylophorus	1258663	13114.pinto.63.s004	Host-associated	Plant	Plant corpus	Plant corpus (non-saline)	Basidiomycota	Leucoagaricus	N	Agaricomycotina
ERR5003242	21014118	Atta colombica	species	phylum-Arthropoda|class-Insecta|order-Hymenoptera|family-Formicidae|genus-Atta|species-Atta_colombica	520822	13114.pinto.63.s004	Host-associated	Plant	Plant corpus	Plant corpus (non-saline)				NA
ERR5003962	16809322	Penicillium citrinum	species	phylum-Ascomycota|class-Eurotiomycetes|order-Eurotiales|family-Aspergillaceae|genus-Penicillium|species-Penicillium_citrinum	5077	13114.pinto.63.s028	Host-associated	Plant	Plant corpus	Plant corpus (non-saline)	Ascomycota	Penicillium	N	Pezizomycotina
ERR5003645	24710030	Mycosphaerella populi pn0402	species	phylum-Ascomycota|class-Dothideomycetes|order-Capnodiales|family-Mycosphaerellaceae|genus-Mycosphaerella|species-Mycosphaerella_populi	1367537	13114.distel.72.s015	Free-living	Saline	Surface (saline)	Surface (saline)				NA
ERR5003289	15574286	Penicillium chrysogenum	species	phylum-Ascomycota|class-Eurotiomycetes|order-Eurotiales|family-Aspergillaceae|genus-Penicillium|species-Penicillium_chrysogenum	5076	13114.rohwer.85.s022	Free-living	Saline	Sediment (saline)	Sediment (saline)				NA
ERR5003932	23761762	Ostreococcus lucimarinus CCE9901	species	phylum-Chlorophyta|class-Mamiellophyceae|order-Mamiellales|family-Bathycoccaceae|genus-Ostreococcus|species-Ostreococcus_sp._'lucimarinus'	436017	13114.palenik.42.s018	Free-living	Saline	Water (saline)	Water (saline)				NA
ERR5003932	23761762	Bathycoccus prasinos	species	phylum-Chlorophyta|class-Mamiellophyceae|order-Mamiellales|family-Bathycoccaceae|genus-Bathycoccus|species-Bathycoccus_prasinos	41875	13114.palenik.42.s018	Free-living	Saline	Water (saline)	Water (saline)				NA
ERR5003932	23761762	Micromonas bravo	species	phylum-Chlorophyta|class-Mamiellophyceae|order-Mamiellales|family-Mamiellaceae|genus-Micromonas|species-Micromonas_bravo	296588	13114.palenik.42.s018	Free-living	Saline	Water (saline)	Water (saline)				NA
ERR5003932	23761762	Stramenopiles sp. TOSAG23-3	species	species-Stramenopiles_sp._TOSAG23-3	1735745	13114.palenik.42.s018	Free-living	Saline	Water (saline)	Water (saline)				NA
ERR5003932	23761762	Triparma laevis	species	class-Bolidophyceae|order-Parmales|family-Triparmaceae|genus-Triparma|species-Triparma_laevis	1534972	13114.palenik.42.s018	Free-living	Saline	Water (saline)	Water (saline)				NA
ERR5003991	98200	Phoma herbarum	species	phylum-Ascomycota|class-Dothideomycetes|order-Pleosporales|family-Didymellaceae|genus-Phoma|species-Phoma_herbarum	73001	13114.rohwer.85.s025	Free-living	Saline	Sediment (saline)	Sediment (saline)				NA
ERR5004977	16130162	Hyaloscypha bicolor E	species	phylum-Ascomycota|class-Leotiomycetes|order-Helotiales|family-Hyaloscyphaceae|genus-Hyaloscypha|species-Hyaloscypha_bicolor	1095630	13114.stegen.38.s018	Free-living	Non-saline	Soil (non-saline)	Soil (non-saline)	Ascomycota	Hyaloscypha	N	Pezizomycotina
ERR5004977	16130162	Cenococcum geophilum 1.58	species	phylum-Ascomycota|class-Dothideomycetes|family-Gloniaceae|genus-Cenococcum|species-Cenococcum_geophilum	794803	13114.stegen.38.s018	Free-living	Non-saline	Soil (non-saline)	Soil (non-saline)	Ascomycota	Cenococcum	N	Pezizomycotina
ERR5004977	16130162	Phialocephala subalpina	species	phylum-Ascomycota|class-Leotiomycetes|order-Helotiales|genus-Phialocephala|species-Phialocephala_subalpina	576137	13114.stegen.38.s018	Free-living	Non-saline	Soil (non-saline)	Soil (non-saline)	Ascomycota	Phialocephala	N	Pezizomycotina
ERR5004979	7376572	Micromonas bravo	species	phylum-Chlorophyta|class-Mamiellophyceae|order-Mamiellales|family-Mamiellaceae|genus-Micromonas|species-Micromonas_bravo	296588	13114.stewart.26.s002	Free-living	Saline	Water (saline)	Water (saline)				NA
ERR5004979	7376572	Ostreococcus lucimarinus CCE9901	species	phylum-Chlorophyta|class-Mamiellophyceae|order-Mamiellales|family-Bathycoccaceae|genus-Ostreococcus|species-Ostreococcus_sp._'lucimarinus'	436017	13114.stewart.26.s002	Free-living	Saline	Water (saline)	Water (saline)				NA
ERR5004979	7376572	Bathycoccus prasinos	species	phylum-Chlorophyta|class-Mamiellophyceae|order-Mamiellales|family-Bathycoccaceae|genus-Bathycoccus|species-Bathycoccus_prasinos	41875	13114.stewart.26.s002	Free-living	Saline	Water (saline)	Water (saline)				NA
ERR5004979	7376572	Malassezia restricta	species	phylum-Basidiomycota|class-Malasseziomycetes|order-Malasseziales|family-Malasseziaceae|genus-Malassezia|species-Malassezia_restricta	76775	13114.stewart.26.s002	Free-living	Saline	Water (saline)	Water (saline)				NA
ERR5004852	24011706	Lasiodiplodia theobromae	species	phylum-Ascomycota|class-Dothideomycetes|order-Botryosphaeriales|family-Botryosphaeriaceae|genus-Lasiodiplodia|species-Lasiodiplodia_theobromae	45133	13114.seedorf.71.s004	Free-living	Non-saline	Soil (non-saline)	Soil (non-saline)	Ascomycota	Lasiodiplodia	N	Pezizomycotina
ERR5004852	24011706	Purpureocillium lilacinum	species	phylum-Ascomycota|class-Sordariomycetes|order-Hypocreales|family-Ophiocordycipitaceae|genus-Purpureocillium|species-Purpureocillium_lilacinum	33203	13114.seedorf.71.s004	Free-living	Non-saline	Soil (non-saline)	Soil (non-saline)				NA
ERR5004860	20848386	Memnoniella echinata	species	phylum-Ascomycota|class-Sordariomycetes|order-Hypocreales|family-Stachybotryaceae|genus-Memnoniella|species-Memnoniella_echinata	80383	13114.seedorf.71.s012	Free-living	Non-saline	Soil (non-saline)	Soil (non-saline)	Ascomycota	Memnoniella	N	Pezizomycotina
ERR5003067	7630616	Strombidium inclinatum	species	phylum-Ciliophora|class-Spirotrichea|family-Strombidiidae|genus-Strombidium|species-Strombidium_inclinatum	197538	13114.distel.72.s007	Host-associated	Animal	Animal proximal gut	Animal proximal gut (saline)				NA
ERR5004910	33347958	Tetrapisispora fleetii	species	phylum-Ascomycota|class-Saccharomycetes|order-Saccharomycetales|family-Saccharomycetaceae|genus-Tetrapisispora|species-Tetrapisispora_fleetii	300277	13114.song.52.s010	Host-associated	Animal	Animal distal gut	Animal distal gut (non-saline)	Ascomycota	Tetrapisispora	Y	Saccharomycotina
ERR5004119	32812416	[Candida] intermedia	species	phylum-Ascomycota|class-Saccharomycetes|order-Saccharomycetales|family-Metschnikowiaceae|genus-Clavispora|species-[Candida]_intermedia	45354	13114.song.52.s006	Host-associated	Animal	Animal distal gut	Animal distal gut (non-saline)	Ascomycota	[Candida]	N	Saccharomycotina
ERR5004200	18283236	Bathycoccus prasinos	species	phylum-Chlorophyta|class-Mamiellophyceae|order-Mamiellales|family-Bathycoccaceae|genus-Bathycoccus|species-Bathycoccus_prasinos	41875	13114.tait.77.s002	Free-living	Saline	Water (saline)	Water (saline)				NA
ERR5004200	18283236	Tetrahymena thermophila	species	phylum-Ciliophora|class-Oligohymenophorea|order-Hymenostomatida|family-Tetrahymenidae|genus-Tetrahymena|species-Tetrahymena_thermophila	5911	13114.tait.77.s002	Free-living	Saline	Water (saline)	Water (saline)				NA
ERR5004200	18283236	Lithomelissa setosa	species	class-Polycystinea|order-Nassellaria|family-Plagiacanthidae|genus-Lithomelissa|species-Lithomelissa_setosa	1054399	13114.tait.77.s002	Free-living	Saline	Water (saline)	Water (saline)				NA
ERR5004200	18283236	Ostreococcus lucimarinus CCE9901	species	phylum-Chlorophyta|class-Mamiellophyceae|order-Mamiellales|family-Bathycoccaceae|genus-Ostreococcus|species-Ostreococcus_sp._'lucimarinus'	436017	13114.tait.77.s002	Free-living	Saline	Water (saline)	Water (saline)				NA
ERR5004200	18283236	Stramenopiles sp. TOSAG23-2	species	species-Stramenopiles_sp._TOSAG23-2	1735743	13114.tait.77.s002	Free-living	Saline	Water (saline)	Water (saline)				NA
ERR5004200	18283236	Stramenopiles sp. TOSAG23-3	species	species-Stramenopiles_sp._TOSAG23-3	1735745	13114.tait.77.s002	Free-living	Saline	Water (saline)	Water (saline)				NA
ERR5004200	18283236	Arcocellulus cornucervis	species	phylum-Bacillariophyta|class-Mediophyceae|order-Cymatosirales|family-Cymatosiraceae|genus-Arcocellulus|species-Arcocellulus_cornucervis	1155433	13114.tait.77.s002	Free-living	Saline	Water (saline)	Water (saline)				NA
ERR5004200	18283236	Alexandrium tamarense	species	class-Dinophyceae|order-Gonyaulacales|family-Gonyaulacaceae|genus-Alexandrium|species-Alexandrium_tamarense	2926	13114.tait.77.s002	Free-living	Saline	Water (saline)	Water (saline)				NA
ERR5004200	18283236	Micromonas bravo	species	phylum-Chlorophyta|class-Mamiellophyceae|order-Mamiellales|family-Mamiellaceae|genus-Micromonas|species-Micromonas_bravo	296588	13114.tait.77.s002	Free-living	Saline	Water (saline)	Water (saline)				NA
ERR5003280	10988718	Phoma herbarum	species	phylum-Ascomycota|class-Dothideomycetes|order-Pleosporales|family-Didymellaceae|genus-Phoma|species-Phoma_herbarum	73001	13114.rohwer.85.s006	Free-living	Saline	Sediment (saline)	Sediment (saline)				NA
ERR5003280	10988718	Pyrenochaeta sp. UM 256	species	phylum-Ascomycota|class-Dothideomycetes|order-Pleosporales|family-Cucurbitariaceae|genus-Pyrenochaeta|species-Pyrenochaeta_sp._UM_256	1295359	13114.rohwer.85.s006	Free-living	Saline	Sediment (saline)	Sediment (saline)				NA
ERR5003280	10988718	Leucoagaricus gongylophorus Ac12	species	phylum-Basidiomycota|class-Agaricomycetes|order-Agaricales|family-Agaricaceae|genus-Leucoagaricus|species-Leucoagaricus_gongylophorus	1258663	13114.rohwer.85.s006	Free-living	Saline	Sediment (saline)	Sediment (saline)	Basidiomycota	Leucoagaricus	N	Agaricomycotina
ERR5004729	475622	Leucoagaricus gongylophorus Ac12	species	phylum-Basidiomycota|class-Agaricomycetes|order-Agaricales|family-Agaricaceae|genus-Leucoagaricus|species-Leucoagaricus_gongylophorus	1258663	13114.pinto.63.s008	Host-associated	Plant	Plant corpus	Plant corpus (non-saline)	Basidiomycota	Leucoagaricus	N	Agaricomycotina
ERR5004774	1160674	Pyrenochaeta sp. UM 256	species	phylum-Ascomycota|class-Dothideomycetes|order-Pleosporales|family-Cucurbitariaceae|genus-Pyrenochaeta|species-Pyrenochaeta_sp._UM_256	1295359	13114.rohwer.85.s021	Free-living	Saline	Sediment (saline)	Sediment (saline)				NA
ERR5004774	1160674	Exophiala mesophila	species	phylum-Ascomycota|class-Eurotiomycetes|order-Chaetothyriales|family-Herpotrichiellaceae|genus-Exophiala|species-Exophiala_mesophila	212818	13114.rohwer.85.s021	Free-living	Saline	Sediment (saline)	Sediment (saline)	Ascomycota	Exophiala	Y	Pezizomycotina
ERR5004774	1160674	Cladosporium sphaerospermum UM 843	species	phylum-Ascomycota|class-Dothideomycetes|order-Capnodiales|family-Cladosporiaceae|genus-Cladosporium|species-Cladosporium_sphaerospermum	1151026	13114.rohwer.85.s021	Free-living	Saline	Sediment (saline)	Sediment (saline)	Ascomycota	Cladosporium	N	Pezizomycotina
ERR5004679	19051944	Hyaloscypha bicolor E	species	phylum-Ascomycota|class-Leotiomycetes|order-Helotiales|family-Hyaloscyphaceae|genus-Hyaloscypha|species-Hyaloscypha_bicolor	1095630	13114.myrold.5.s011	Free-living	Non-saline	Soil (non-saline)	Soil (non-saline)	Ascomycota	Hyaloscypha	N	Pezizomycotina
ERR5005162	37544968	Leucoagaricus gongylophorus Ac12	species	phylum-Basidiomycota|class-Agaricomycetes|order-Agaricales|family-Agaricaceae|genus-Leucoagaricus|species-Leucoagaricus_gongylophorus	1258663	13114.girguis.50.s009	Host-associated	Animal	Animal distal gut	Animal distal gut (saline)	Basidiomycota	Leucoagaricus	N	Agaricomycotina
ERR5005162	37544968	Ostreococcus lucimarinus CCE9901	species	phylum-Chlorophyta|class-Mamiellophyceae|order-Mamiellales|family-Bathycoccaceae|genus-Ostreococcus|species-Ostreococcus_sp._'lucimarinus'	436017	13114.girguis.50.s009	Host-associated	Animal	Animal distal gut	Animal distal gut (saline)				NA
ERR5005023	12698342	Chloropicon roscoffensis	species	phylum-Chlorophyta|class-Chloropicophyceae|order-Chloropicales|family-Chloropicaceae|genus-Chloropicon|species-Chloropicon_roscoffensis	1461544	13114.thomas.18.s035	Host-associated	Animal	Animal corpus	Animal corpus (saline)				NA
ERR5004945	33568874	Cenococcum geophilum 1.58	species	phylum-Ascomycota|class-Dothideomycetes|family-Gloniaceae|genus-Cenococcum|species-Cenococcum_geophilum	794803	13114.stegen.36.s011	Free-living	Non-saline	Soil (non-saline)	Soil (non-saline)	Ascomycota	Cenococcum	N	Pezizomycotina
ERR5004945	33568874	Phialocephala subalpina	species	phylum-Ascomycota|class-Leotiomycetes|order-Helotiales|genus-Phialocephala|species-Phialocephala_subalpina	576137	13114.stegen.36.s011	Free-living	Non-saline	Soil (non-saline)	Soil (non-saline)	Ascomycota	Phialocephala	N	Pezizomycotina
ERR5003129	95691998	Mortierella elongata AG-77	species	phylum-Mucoromycota|class-Mortierellomycetes|order-Mortierellales|family-Mortierellaceae|genus-Mortierella|species-Mortierella_elongata	1314771	13114.macrae.crerar.3.s009	Free-living	Non-saline	Soil (non-saline)	Soil (non-saline)	Mucoromycota	Mortierella	N	Mortierellomycotina
ERR5003129	95691998	Trichoderma gamsii	species	phylum-Ascomycota|class-Sordariomycetes|order-Hypocreales|family-Hypocreaceae|genus-Trichoderma|species-Trichoderma_gamsii	398673	13114.macrae.crerar.3.s009	Free-living	Non-saline	Soil (non-saline)	Soil (non-saline)				NA
ERR5004723	6225784	Leucoagaricus gongylophorus Ac12	species	phylum-Basidiomycota|class-Agaricomycetes|order-Agaricales|family-Agaricaceae|genus-Leucoagaricus|species-Leucoagaricus_gongylophorus	1258663	13114.pinto.63.s002	Host-associated	Plant	Plant corpus	Plant corpus (non-saline)	Basidiomycota	Leucoagaricus	N	Agaricomycotina
ERR5004723	6225784	Atta cephalotes	species	phylum-Arthropoda|class-Insecta|order-Hymenoptera|family-Formicidae|genus-Atta|species-Atta_cephalotes	12957	13114.pinto.63.s002	Host-associated	Plant	Plant corpus	Plant corpus (non-saline)				NA
ERR5004520	27364410	Fragilaria radians	species	phylum-Bacillariophyta|class-Fragilariophyceae|order-Fragilariales|family-Fragilariaceae|genus-Fragilaria|species-Fragilaria_radians	2109649	13114.mayer.33.s005	Free-living	Non-saline	Sediment (non-saline)	Sediment (non-saline)				NA
ERR5004787	122779954	Nannochloris sp. RS	species	phylum-Chlorophyta|class-Trebouxiophyceae|order-Chlorellales|family-Chlorellaceae|genus-Nannochloris|species-Nannochloris_sp._RS	2056400	13114.roy.chowdhury.45.s004	Free-living	Non-saline	Soil (non-saline)	Soil (saline)				NA
ERR5003948	13876276	Acremonium chrysogenum ATCC 11550	species	phylum-Ascomycota|class-Sordariomycetes|order-Hypocreales|genus-Acremonium|species-Acremonium_chrysogenum	857340	13114.pinto.63.s014	Host-associated	Plant	Plant corpus	Plant corpus (non-saline)				NA
ERR5003680	4398938	Verruconis gallopava	species	phylum-Ascomycota|class-Dothideomycetes|order-Venturiales|family-Sympoventuriaceae|genus-Verruconis|species-Verruconis_gallopava	253628	13114.king.27.s004	Free-living	Non-saline	Soil (non-saline)	Soil (non-saline)	Ascomycota	Verruconis	N	Pezizomycotina
ERR5005100	14427912	Aspergillus sydowii CBS 593.65	species	phylum-Ascomycota|class-Eurotiomycetes|order-Eurotiales|family-Aspergillaceae|genus-Aspergillus|species-Aspergillus_sydowii	1036612	13114.zaneveld.9.s012	Host-associated	Animal	Animal secretion	Animal secretion (saline)				NA
ERR5003700	15072172	Trichoderma harzianum CBS 226.95	species	phylum-Ascomycota|class-Sordariomycetes|order-Hypocreales|family-Hypocreaceae|genus-Trichoderma|species-Trichoderma_harzianum	983964	13114.macrae.crerar.3.s003	Free-living	Non-saline	Soil (non-saline)	Soil (non-saline)				NA
ERR5003052	5475146	Bathycoccus prasinos	species	phylum-Chlorophyta|class-Mamiellophyceae|order-Mamiellales|family-Bathycoccaceae|genus-Bathycoccus|species-Bathycoccus_prasinos	41875	13114.bowen.74.s008	Free-living	Saline	Sediment (saline)	Sediment (saline)				NA
ERR5004740	16529526	Lachancea lanzarotensis	species	phylum-Ascomycota|class-Saccharomycetes|order-Saccharomycetales|family-Saccharomycetaceae|genus-Lachancea|species-Lachancea_lanzarotensis	1245769	13114.pinto.63.s019	Host-associated	Plant	Plant corpus	Plant corpus (non-saline)	Ascomycota	Lachancea	Y	Saccharomycotina
ERR5003464	11111236	Chloropicon roscoffensis	species	phylum-Chlorophyta|class-Chloropicophyceae|order-Chloropicales|family-Chloropicaceae|genus-Chloropicon|species-Chloropicon_roscoffensis	1461544	13114.thomas.18.s008	Host-associated	Animal	Animal corpus	Animal corpus (saline)				NA
ERR5003387	33815218	Oscheius tipulae	species	phylum-Nematoda|class-Chromadorea|order-Rhabditida|family-Rhabditidae|genus-Oscheius|species-Oscheius_tipulae	141969	13114.song.52.s014	Host-associated	Animal	Animal distal gut	Animal distal gut (non-saline)				NA
ERR5003676	18044200	Ostreococcus lucimarinus CCE9901	species	phylum-Chlorophyta|class-Mamiellophyceae|order-Mamiellales|family-Bathycoccaceae|genus-Ostreococcus|species-Ostreococcus_sp._'lucimarinus'	436017	13114.jensen.43.s019	Free-living	Saline	Sediment (saline)	Sediment (saline)				NA
ERR5003676	18044200	Bathycoccus prasinos	species	phylum-Chlorophyta|class-Mamiellophyceae|order-Mamiellales|family-Bathycoccaceae|genus-Bathycoccus|species-Bathycoccus_prasinos	41875	13114.jensen.43.s019	Free-living	Saline	Sediment (saline)	Sediment (saline)				NA
ERR5004695	28837920	Mortierella elongata AG-77	species	phylum-Mucoromycota|class-Mortierellomycetes|order-Mortierellales|family-Mortierellaceae|genus-Mortierella|species-Mortierella_elongata	1314771	13114.myrold.59.s015	Free-living	Non-saline	Soil (non-saline)	Soil (non-saline)	Mucoromycota	Mortierella	N	Mortierellomycotina
ERR5004684	33148436	Oidiodendron maius Zn	species	phylum-Ascomycota|class-Leotiomycetes|family-Myxotrichaceae|genus-Oidiodendron|species-Oidiodendron_maius	913774	13114.myrold.59.s004	Free-living	Non-saline	Soil (non-saline)	Soil (non-saline)				NA
ERR5003989	93648	Pyrenochaeta sp. UM 256	species	phylum-Ascomycota|class-Dothideomycetes|order-Pleosporales|family-Cucurbitariaceae|genus-Pyrenochaeta|species-Pyrenochaeta_sp._UM_256	1295359	13114.rohwer.85.s023	Free-living	Saline	Sediment (saline)	Sediment (saline)	Ascomycota	Pyrenochaeta	N	Pezizomycotina
ERR5003618	20005220	Detonula confervacea	species	phylum-Bacillariophyta|class-Coscinodiscophyceae|order-Thalassiosirales|family-Thalassiosiraceae|genus-Detonula|species-Detonula_confervacea	83371	13114.bowen.74.s004	Free-living	Saline	Sediment (saline)	Sediment (saline)				NA
ERR5004712	19213378	Tetrahymena thermophila	species	phylum-Ciliophora|class-Oligohymenophorea|order-Hymenostomatida|family-Tetrahymenidae|genus-Tetrahymena|species-Tetrahymena_thermophila	5911	13114.palenik.42.s010	Free-living	Saline	Water (saline)	Water (saline)				NA
ERR5004712	19213378	Ostreococcus lucimarinus CCE9901	species	phylum-Chlorophyta|class-Mamiellophyceae|order-Mamiellales|family-Bathycoccaceae|genus-Ostreococcus|species-Ostreococcus_sp._'lucimarinus'	436017	13114.palenik.42.s010	Free-living	Saline	Water (saline)	Water (saline)				NA
ERR5004712	19213378	Bathycoccus prasinos	species	phylum-Chlorophyta|class-Mamiellophyceae|order-Mamiellales|family-Bathycoccaceae|genus-Bathycoccus|species-Bathycoccus_prasinos	41875	13114.palenik.42.s010	Free-living	Saline	Water (saline)	Water (saline)				NA
ERR5004712	19213378	Micromonas bravo	species	phylum-Chlorophyta|class-Mamiellophyceae|order-Mamiellales|family-Mamiellaceae|genus-Micromonas|species-Micromonas_bravo	296588	13114.palenik.42.s010	Free-living	Saline	Water (saline)	Water (saline)				NA
ERR5004712	19213378	Florenciella parvula	species	class-Dictyochophyceae|order-Florenciellales|genus-Florenciella|species-Florenciella_parvula	236787	13114.palenik.42.s010	Free-living	Saline	Water (saline)	Water (saline)				NA
ERR5004712	19213378	Aureococcus anophagefferens	species	class-Pelagophyceae|order-Pelagomonadales|genus-Aureococcus|species-Aureococcus_anophagefferens	44056	13114.palenik.42.s010	Free-living	Saline	Water (saline)	Water (saline)				NA
ERR5004712	19213378	Alexandrium tamarense	species	class-Dinophyceae|order-Gonyaulacales|family-Gonyaulacaceae|genus-Alexandrium|species-Alexandrium_tamarense	2926	13114.palenik.42.s010	Free-living	Saline	Water (saline)	Water (saline)				NA
ERR5004174	32445234	Hyaloscypha variabilis F	species	phylum-Ascomycota|class-Leotiomycetes|order-Helotiales|family-Hyaloscyphaceae|genus-Hyaloscypha|species-Hyaloscypha_variabilis	1149755	13114.stegen.38.s002	Free-living	Non-saline	Soil (non-saline)	Soil (non-saline)	Ascomycota	Hyaloscypha	N	Pezizomycotina
ERR5004174	32445234	Cenococcum geophilum 1.58	species	phylum-Ascomycota|class-Dothideomycetes|family-Gloniaceae|genus-Cenococcum|species-Cenococcum_geophilum	794803	13114.stegen.38.s002	Free-living	Non-saline	Soil (non-saline)	Soil (non-saline)				NA
ERR5004174	32445234	Oidiodendron maius Zn	species	phylum-Ascomycota|class-Leotiomycetes|family-Myxotrichaceae|genus-Oidiodendron|species-Oidiodendron_maius	913774	13114.stegen.38.s002	Free-living	Non-saline	Soil (non-saline)	Soil (non-saline)	Ascomycota	Oidiodendron	N	Pezizomycotina
ERR5004174	32445234	Pezoloma ericae	species	phylum-Ascomycota|class-Leotiomycetes|order-Helotiales|family-Leotiaceae|genus-Pezoloma|species-Pezoloma_ericae	1745343	13114.stegen.38.s002	Free-living	Non-saline	Soil (non-saline)	Soil (non-saline)	Ascomycota	Pezoloma	N	Pezizomycotina
ERR5004174	32445234	Chalara longipes BDJ	species	phylum-Ascomycota|class-Leotiomycetes|order-Helotiales|genus-Chalara|species-Chalara_longipes	1379296	13114.stegen.38.s002	Free-living	Non-saline	Soil (non-saline)	Soil (non-saline)	Ascomycota	Chalara	N	Pezizomycotina
ERR5004174	32445234	Cladonia macilenta KoLRI003786	species	phylum-Ascomycota|class-Lecanoromycetes|order-Lecanorales|family-Cladoniaceae|genus-Cladonia|species-Cladonia_macilenta	1353983	13114.stegen.38.s002	Free-living	Non-saline	Soil (non-saline)	Soil (non-saline)	Ascomycota	Cladonia	N	Pezizomycotina
ERR5003142	21665266	Hyaloscypha bicolor E	species	phylum-Ascomycota|class-Leotiomycetes|order-Helotiales|family-Hyaloscyphaceae|genus-Hyaloscypha|species-Hyaloscypha_bicolor	1095630	13114.mayer.34.s002	Free-living	Non-saline	Sediment (non-saline)	Sediment (non-saline)	Ascomycota	Hyaloscypha	N	Pezizomycotina
ERR5003142	21665266	Pezoloma ericae	species	phylum-Ascomycota|class-Leotiomycetes|order-Helotiales|family-Leotiaceae|genus-Pezoloma|species-Pezoloma_ericae	1745343	13114.mayer.34.s002	Free-living	Non-saline	Sediment (non-saline)	Sediment (non-saline)	Ascomycota	Pezoloma	N	Pezizomycotina
ERR5003142	21665266	Phialocephala subalpina	species	phylum-Ascomycota|class-Leotiomycetes|order-Helotiales|genus-Phialocephala|species-Phialocephala_subalpina	576137	13114.mayer.34.s002	Free-living	Non-saline	Sediment (non-saline)	Sediment (non-saline)	Ascomycota	Phialocephala	N	Pezizomycotina
ERR5005101	19037620	Pocillopora verrucosa	species	phylum-Cnidaria|class-Anthozoa|order-Scleractinia|family-Pocilloporidae|genus-Pocillopora|species-Pocillopora_verrucosa	203993	13114.zaneveld.9.s013	Host-associated	Animal	Animal secretion	Animal secretion (saline)				NA
ERR5005101	19037620	Porites rus	species	phylum-Cnidaria|class-Anthozoa|order-Scleractinia|family-Poritidae|genus-Porites|species-Porites_rus	262591	13114.zaneveld.9.s013	Host-associated	Animal	Animal secretion	Animal secretion (saline)				NA
ERR5005101	19037620	Ostreococcus sp. SAG10	species	phylum-Chlorophyta|class-Mamiellophyceae|order-Mamiellales|family-Bathycoccaceae|genus-Ostreococcus|species-Ostreococcus_sp._SAG10	2590005	13114.zaneveld.9.s013	Host-associated	Animal	Animal secretion	Animal secretion (saline)				NA
ERR5005101	19037620	Montipora capitata	species	phylum-Cnidaria|class-Anthozoa|order-Scleractinia|family-Acroporidae|genus-Montipora|species-Montipora_capitata	46704	13114.zaneveld.9.s013	Host-associated	Animal	Animal secretion	Animal secretion (saline)				NA
ERR5005101	19037620	Stylophora pistillata	species	phylum-Cnidaria|class-Anthozoa|order-Scleractinia|family-Pocilloporidae|genus-Stylophora|species-Stylophora_pistillata	50429	13114.zaneveld.9.s013	Host-associated	Animal	Animal secretion	Animal secretion (saline)				NA
ERR5004185	17762848	Phialocephala subalpina	species	phylum-Ascomycota|class-Leotiomycetes|order-Helotiales|genus-Phialocephala|species-Phialocephala_subalpina	576137	13114.stegen.38.s013	Free-living	Non-saline	Soil (non-saline)	Soil (non-saline)	Ascomycota	Phialocephala	N	Pezizomycotina
ERR5004185	17762848	Oidiodendron maius Zn	species	phylum-Ascomycota|class-Leotiomycetes|family-Myxotrichaceae|genus-Oidiodendron|species-Oidiodendron_maius	913774	13114.stegen.38.s013	Free-living	Non-saline	Soil (non-saline)	Soil (non-saline)	Ascomycota	Oidiodendron	N	Pezizomycotina
ERR5004185	17762848	Cenococcum geophilum 1.58	species	phylum-Ascomycota|class-Dothideomycetes|family-Gloniaceae|genus-Cenococcum|species-Cenococcum_geophilum	794803	13114.stegen.38.s013	Free-living	Non-saline	Soil (non-saline)	Soil (non-saline)	Ascomycota	Cenococcum	N	Pezizomycotina
ERR5002252	19180116	Porites rus	species	phylum-Cnidaria|class-Anthozoa|order-Scleractinia|family-Poritidae|genus-Porites|species-Porites_rus	262591	13114.zaneveld.9.s006	Host-associated	Animal	Animal secretion	Animal secretion (saline)				NA
ERR5005025	11775888	Chloropicon roscoffensis	species	phylum-Chlorophyta|class-Chloropicophyceae|order-Chloropicales|family-Chloropicaceae|genus-Chloropicon|species-Chloropicon_roscoffensis	1461544	13114.thomas.18.s037	Host-associated	Animal	Animal corpus	Animal corpus (saline)				NA
ERR5005025	11775888	Pycnococcus provasolii	species	phylum-Chlorophyta|family-Pycnococcaceae|genus-Pycnococcus|species-Pycnococcus_provasolii	41880	13114.thomas.18.s037	Host-associated	Animal	Animal corpus	Animal corpus (saline)				NA
ERR5003578	5175088	Saccharomyces cerevisiae S288C	species	phylum-Ascomycota|class-Saccharomycetes|order-Saccharomycetales|family-Saccharomycetaceae|genus-Saccharomyces|species-Saccharomyces_cerevisiae	559292	13114.angenent.65.s006	Host-associated	Animal	Animal proximal gut	Animal proximal gut (non-saline)	Ascomycota	Saccharomyces	Y	Saccharomycotina
ERR5004780	852664	Pyrenochaeta sp. UM 256	species	phylum-Ascomycota|class-Dothideomycetes|order-Pleosporales|family-Cucurbitariaceae|genus-Pyrenochaeta|species-Pyrenochaeta_sp._UM_256	1295359	13114.rohwer.85.s027	Free-living	Saline	Sediment (saline)	Sediment (saline)				NA
ERR5004780	852664	Exophiala mesophila	species	phylum-Ascomycota|class-Eurotiomycetes|order-Chaetothyriales|family-Herpotrichiellaceae|genus-Exophiala|species-Exophiala_mesophila	212818	13114.rohwer.85.s027	Free-living	Saline	Sediment (saline)	Sediment (saline)	Ascomycota	Exophiala	Y	Pezizomycotina
ERR5004546	23303526	Fusarium solani	species	phylum-Ascomycota|class-Sordariomycetes|order-Hypocreales|family-Nectriaceae|genus-Fusarium|species-Fusarium_solani	169388	13114.metcalf.40.s011	Free-living	Non-saline	Soil (non-saline)	Soil (non-saline)	Ascomycota	Fusarium	N	Pezizomycotina
ERR5003765	24305546	Fusarium sp. AF-4	species	phylum-Ascomycota|class-Sordariomycetes|order-Hypocreales|family-Nectriaceae|genus-Fusarium|species-Fusarium_sp._AF-4	1325735	13114.metcalf.81.s003	Host-associated	Animal	Animal corpus	Animal corpus (non-saline)	Ascomycota	Fusarium	N	Pezizomycotina
ERR5003765	24305546	Fusarium solani	species	phylum-Ascomycota|class-Sordariomycetes|order-Hypocreales|family-Nectriaceae|genus-Fusarium|species-Fusarium_solani	169388	13114.metcalf.81.s003	Host-associated	Animal	Animal corpus	Animal corpus (non-saline)	Ascomycota	Fusarium	N	Pezizomycotina
ERR5004402	26246916	Detonula confervacea	species	phylum-Bacillariophyta|class-Coscinodiscophyceae|order-Thalassiosirales|family-Thalassiosiraceae|genus-Detonula|species-Detonula_confervacea	83371	13114.bowen.74.s001	Free-living	Saline	Sediment (saline)	Sediment (saline)				NA
ERR5004402	26246916	Cyclotella meneghiniana	species	phylum-Bacillariophyta|class-Coscinodiscophyceae|order-Thalassiosirales|family-Stephanodiscaceae|genus-Cyclotella|species-Cyclotella_meneghiniana	29205	13114.bowen.74.s001	Free-living	Saline	Sediment (saline)	Sediment (saline)				NA
ERR5003950	23414694	Leucoagaricus gongylophorus Ac12	species	phylum-Basidiomycota|class-Agaricomycetes|order-Agaricales|family-Agaricaceae|genus-Leucoagaricus|species-Leucoagaricus_gongylophorus	1258663	13114.pinto.63.s016	Host-associated	Plant	Plant corpus	Plant corpus (non-saline)	Basidiomycota	Leucoagaricus	N	Agaricomycotina
ERR5004727	22190432	Leucoagaricus gongylophorus Ac12	species	phylum-Basidiomycota|class-Agaricomycetes|order-Agaricales|family-Agaricaceae|genus-Leucoagaricus|species-Leucoagaricus_gongylophorus	1258663	13114.pinto.63.s006	Host-associated	Plant	Plant corpus	Plant corpus (non-saline)	Basidiomycota	Leucoagaricus	N	Agaricomycotina
ERR5004297	4584276	Cladonia uncialis	species	phylum-Ascomycota|class-Lecanoromycetes|order-Lecanorales|family-Cladoniaceae|genus-Cladonia|species-Cladonia_uncialis	174080	13114.uren.82.s008	Host-associated	Fungus	Fungus corpus	Fungus corpus (non-saline)				NA
ERR5001914	145309534	Solicoccozyma terricola	species	phylum-Basidiomycota|class-Tremellomycetes|order-Filobasidiales|family-Piskurozymaceae|genus-Solicoccozyma|species-Solicoccozyma_terricola	104414	13114.myrold.5.s003	Free-living	Non-saline	Soil (non-saline)	Soil (non-saline)				NA
ERR5001914	145309534	Phialocephala subalpina	species	phylum-Ascomycota|class-Leotiomycetes|order-Helotiales|genus-Phialocephala|species-Phialocephala_subalpina	576137	13114.myrold.5.s003	Free-living	Non-saline	Soil (non-saline)	Soil (non-saline)	Ascomycota	Phialocephala	N	Pezizomycotina
ERR5001914	145309534	Hyaloscypha bicolor E	species	phylum-Ascomycota|class-Leotiomycetes|order-Helotiales|family-Hyaloscyphaceae|genus-Hyaloscypha|species-Hyaloscypha_bicolor	1095630	13114.myrold.5.s003	Free-living	Non-saline	Soil (non-saline)	Soil (non-saline)				NA
ERR5004964	17899520	Hyaloscypha variabilis F	species	phylum-Ascomycota|class-Leotiomycetes|order-Helotiales|family-Hyaloscyphaceae|genus-Hyaloscypha|species-Hyaloscypha_variabilis	1149755	13114.stegen.38.s005	Free-living	Non-saline	Soil (non-saline)	Soil (non-saline)				NA
ERR5004964	17899520	Oidiodendron maius Zn	species	phylum-Ascomycota|class-Leotiomycetes|family-Myxotrichaceae|genus-Oidiodendron|species-Oidiodendron_maius	913774	13114.stegen.38.s005	Free-living	Non-saline	Soil (non-saline)	Soil (non-saline)	Ascomycota	Oidiodendron	N	Pezizomycotina
ERR5004964	17899520	Phialocephala subalpina	species	phylum-Ascomycota|class-Leotiomycetes|order-Helotiales|genus-Phialocephala|species-Phialocephala_subalpina	576137	13114.stegen.38.s005	Free-living	Non-saline	Soil (non-saline)	Soil (non-saline)				NA
ERR5004964	17899520	Pezoloma ericae	species	phylum-Ascomycota|class-Leotiomycetes|order-Helotiales|family-Leotiaceae|genus-Pezoloma|species-Pezoloma_ericae	1745343	13114.stegen.38.s005	Free-living	Non-saline	Soil (non-saline)	Soil (non-saline)	Ascomycota	Pezoloma	N	Pezizomycotina
ERR5004964	17899520	Cenococcum geophilum 1.58	species	phylum-Ascomycota|class-Dothideomycetes|family-Gloniaceae|genus-Cenococcum|species-Cenococcum_geophilum	794803	13114.stegen.38.s005	Free-living	Non-saline	Soil (non-saline)	Soil (non-saline)	Ascomycota	Cenococcum	N	Pezizomycotina
ERR5003977	9825476	Cordyceps confragosa RCEF 1005	species	phylum-Ascomycota|class-Sordariomycetes|order-Hypocreales|family-Cordycipitaceae|genus-Cordyceps|species-Cordyceps_confragosa	1081108	13114.rohwer.85.s011	Free-living	Saline	Sediment (saline)	Sediment (saline)				NA
ERR5003977	9825476	Exophiala xenobiotica	species	phylum-Ascomycota|class-Eurotiomycetes|order-Chaetothyriales|family-Herpotrichiellaceae|genus-Exophiala|species-Exophiala_xenobiotica	348802	13114.rohwer.85.s011	Free-living	Saline	Sediment (saline)	Sediment (saline)				NA
ERR5003791	646110	Porites rus	species	phylum-Cnidaria|class-Anthozoa|order-Scleractinia|family-Poritidae|genus-Porites|species-Porites_rus	262591	13114.mousseau.88.s020	Host-associated	Animal	Animal distal gut	Animal distal gut (non-saline)				NA
ERR5003533	15967840	Porites rus	species	phylum-Cnidaria|class-Anthozoa|order-Scleractinia|family-Poritidae|genus-Porites|species-Porites_rus	262591	13114.zaneveld.9.s008	Host-associated	Animal	Animal secretion	Animal secretion (saline)				NA
ERR5004003	14643980	Micromonas bravo	species	phylum-Chlorophyta|class-Mamiellophyceae|order-Mamiellales|family-Mamiellaceae|genus-Micromonas|species-Micromonas_bravo	296588	13114.roy.chowdhury.45.s007	Free-living	Non-saline	Soil (non-saline)	Soil (saline)				NA
ERR5003690	7629198	Purpureocillium lilacinum	species	phylum-Ascomycota|class-Sordariomycetes|order-Hypocreales|family-Ophiocordycipitaceae|genus-Purpureocillium|species-Purpureocillium_lilacinum	33203	13114.king.27.s014	Free-living	Non-saline	Soil (non-saline)	Soil (non-saline)				NA
ERR5005077	17127640	Cladonia rangiferina	species	phylum-Ascomycota|class-Lecanoromycetes|order-Lecanorales|family-Cladoniaceae|genus-Cladonia|species-Cladonia_rangiferina	111670	13114.uren.82.s001	Host-associated	Fungus	Fungus corpus	Fungus corpus (non-saline)	Ascomycota	Cladonia	N	Pezizomycotina
ERR5005077	17127640	Chalara longipes BDJ	species	phylum-Ascomycota|class-Leotiomycetes|order-Helotiales|genus-Chalara|species-Chalara_longipes	1379296	13114.uren.82.s001	Host-associated	Fungus	Fungus corpus	Fungus corpus (non-saline)	Ascomycota	Chalara	N	Pezizomycotina
ERR5004173	25418686	Hyaloscypha variabilis F	species	phylum-Ascomycota|class-Leotiomycetes|order-Helotiales|family-Hyaloscyphaceae|genus-Hyaloscypha|species-Hyaloscypha_variabilis	1149755	13114.stegen.38.s001	Free-living	Non-saline	Soil (non-saline)	Soil (non-saline)	Ascomycota	Hyaloscypha	N	Pezizomycotina
ERR5004173	25418686	Cenococcum geophilum 1.58	species	phylum-Ascomycota|class-Dothideomycetes|family-Gloniaceae|genus-Cenococcum|species-Cenococcum_geophilum	794803	13114.stegen.38.s001	Free-living	Non-saline	Soil (non-saline)	Soil (non-saline)				NA
ERR5004173	25418686	Oidiodendron maius Zn	species	phylum-Ascomycota|class-Leotiomycetes|family-Myxotrichaceae|genus-Oidiodendron|species-Oidiodendron_maius	913774	13114.stegen.38.s001	Free-living	Non-saline	Soil (non-saline)	Soil (non-saline)				NA
ERR5004173	25418686	Chalara longipes BDJ	species	phylum-Ascomycota|class-Leotiomycetes|order-Helotiales|genus-Chalara|species-Chalara_longipes	1379296	13114.stegen.38.s001	Free-living	Non-saline	Soil (non-saline)	Soil (non-saline)				NA
ERR5003197	31479704	Hyaloscypha bicolor E	species	phylum-Ascomycota|class-Leotiomycetes|order-Helotiales|family-Hyaloscyphaceae|genus-Hyaloscypha|species-Hyaloscypha_bicolor	1095630	13114.myrold.5.s007	Free-living	Non-saline	Soil (non-saline)	Soil (non-saline)	Ascomycota	Hyaloscypha	N	Pezizomycotina
ERR5004417	14446762	Stygamoeba regulata	species	phylum-Discosea|order-Stygamoebida|genus-Stygamoeba|species-Stygamoeba_regulata	1042828	13114.bowen.74.s016	Free-living	Saline	Sediment (saline)	Sediment (saline)				NA
ERR5003388	14929704	Tetrapisispora fleetii	species	phylum-Ascomycota|class-Saccharomycetes|order-Saccharomycetales|family-Saccharomycetaceae|genus-Tetrapisispora|species-Tetrapisispora_fleetii	300277	13114.song.52.s015	Host-associated	Animal	Animal distal gut	Animal distal gut (non-saline)				NA
ERR5004866	21900002	Verruconis gallopava	species	phylum-Ascomycota|class-Dothideomycetes|order-Venturiales|family-Sympoventuriaceae|genus-Verruconis|species-Verruconis_gallopava	253628	13114.shade.23.s004	Free-living	Non-saline	Soil (non-saline)	Soil (non-saline)				NA
ERR5004866	21900002	Rhizophagus clarus	species	phylum-Mucoromycota|class-Glomeromycetes|order-Glomerales|family-Glomeraceae|genus-Rhizophagus|species-Rhizophagus_clarus	94130	13114.shade.23.s004	Free-living	Non-saline	Soil (non-saline)	Soil (non-saline)				NA
ERR5003279	1101904	Aspergillus sp. MA 6037	species	phylum-Ascomycota|class-Eurotiomycetes|order-Eurotiales|family-Aspergillaceae|genus-Aspergillus|species-Aspergillus_sp._MA_6037	2153246	13114.rohwer.85.s005	Free-living	Saline	Sediment (saline)	Sediment (saline)	Ascomycota	Aspergillus	N	Pezizomycotina
ERR5003279	1101904	Aspergillus sp. MA 6041	species	phylum-Ascomycota|class-Eurotiomycetes|order-Eurotiales|family-Aspergillaceae|genus-Aspergillus|species-Aspergillus_sp._MA_6041	2153248	13114.rohwer.85.s005	Free-living	Saline	Sediment (saline)	Sediment (saline)				NA
ERR5003228	22698742	Ostreococcus lucimarinus CCE9901	species	phylum-Chlorophyta|class-Mamiellophyceae|order-Mamiellales|family-Bathycoccaceae|genus-Ostreococcus|species-Ostreococcus_sp._'lucimarinus'	436017	13114.palenik.42.s009	Free-living	Saline	Water (saline)	Water (saline)				NA
ERR5003228	22698742	Micromonas bravo	species	phylum-Chlorophyta|class-Mamiellophyceae|order-Mamiellales|family-Mamiellaceae|genus-Micromonas|species-Micromonas_bravo	296588	13114.palenik.42.s009	Free-living	Saline	Water (saline)	Water (saline)				NA
ERR5003228	22698742	Bathycoccus prasinos	species	phylum-Chlorophyta|class-Mamiellophyceae|order-Mamiellales|family-Bathycoccaceae|genus-Bathycoccus|species-Bathycoccus_prasinos	41875	13114.palenik.42.s009	Free-living	Saline	Water (saline)	Water (saline)				NA
ERR5003228	22698742	Tetrahymena thermophila	species	phylum-Ciliophora|class-Oligohymenophorea|order-Hymenostomatida|family-Tetrahymenidae|genus-Tetrahymena|species-Tetrahymena_thermophila	5911	13114.palenik.42.s009	Free-living	Saline	Water (saline)	Water (saline)				NA
ERR5003228	22698742	Alexandrium tamarense	species	class-Dinophyceae|order-Gonyaulacales|family-Gonyaulacaceae|genus-Alexandrium|species-Alexandrium_tamarense	2926	13114.palenik.42.s009	Free-living	Saline	Water (saline)	Water (saline)				NA
ERR5003228	22698742	Pyramimonas obovata	species	phylum-Chlorophyta|order-Pyramimonadales|family-Pyramimonadaceae|genus-Pyramimonas|species-Pyramimonas_obovata	1411642	13114.palenik.42.s009	Free-living	Saline	Water (saline)	Water (saline)				NA
ERR5005093	23056864	Porites rus	species	phylum-Cnidaria|class-Anthozoa|order-Scleractinia|family-Poritidae|genus-Porites|species-Porites_rus	262591	13114.zaneveld.9.s005	Host-associated	Animal	Animal secretion	Animal secretion (saline)				NA
ERR5003540	9359116	Pocillopora damicornis	species	phylum-Cnidaria|class-Anthozoa|order-Scleractinia|family-Pocilloporidae|genus-Pocillopora|species-Pocillopora_damicornis	46731	13114.zaneveld.9.s016	Host-associated	Animal	Animal secretion	Animal secretion (saline)				NA
ERR5003540	9359116	Exophiala mesophila	species	phylum-Ascomycota|class-Eurotiomycetes|order-Chaetothyriales|family-Herpotrichiellaceae|genus-Exophiala|species-Exophiala_mesophila	212818	13114.zaneveld.9.s016	Host-associated	Animal	Animal secretion	Animal secretion (saline)	Ascomycota	Exophiala	Y	Pezizomycotina
ERR5005014	17336248	Chloropicon roscoffensis	species	phylum-Chlorophyta|class-Chloropicophyceae|order-Chloropicales|family-Chloropicaceae|genus-Chloropicon|species-Chloropicon_roscoffensis	1461544	13114.thomas.18.s025	Host-associated	Animal	Animal corpus	Animal corpus (saline)				NA
ERR5004178	26244986	Phialocephala subalpina	species	phylum-Ascomycota|class-Leotiomycetes|order-Helotiales|genus-Phialocephala|species-Phialocephala_subalpina	576137	13114.stegen.38.s006	Free-living	Non-saline	Soil (non-saline)	Soil (non-saline)				NA
ERR5004178	26244986	Cenococcum geophilum 1.58	species	phylum-Ascomycota|class-Dothideomycetes|family-Gloniaceae|genus-Cenococcum|species-Cenococcum_geophilum	794803	13114.stegen.38.s006	Free-living	Non-saline	Soil (non-saline)	Soil (non-saline)				NA
ERR5003453	21223078	Ostreococcus lucimarinus CCE9901	species	phylum-Chlorophyta|class-Mamiellophyceae|order-Mamiellales|family-Bathycoccaceae|genus-Ostreococcus|species-Ostreococcus_sp._'lucimarinus'	436017	13114.tait.77.s009	Free-living	Saline	Water (saline)	Water (saline)				NA
ERR5003453	21223078	Stramenopiles sp. TOSAG23-2	species	species-Stramenopiles_sp._TOSAG23-2	1735743	13114.tait.77.s009	Free-living	Saline	Water (saline)	Water (saline)				NA
ERR5003453	21223078	Bathycoccus prasinos	species	phylum-Chlorophyta|class-Mamiellophyceae|order-Mamiellales|family-Bathycoccaceae|genus-Bathycoccus|species-Bathycoccus_prasinos	41875	13114.tait.77.s009	Free-living	Saline	Water (saline)	Water (saline)				NA
ERR5003453	21223078	Oikopleura dioica	species	phylum-Chordata|class-Appendicularia|order-Copelata|family-Oikopleuridae|genus-Oikopleura|species-Oikopleura_dioica	34765	13114.tait.77.s009	Free-living	Saline	Water (saline)	Water (saline)				NA
ERR5003453	21223078	Stramenopiles sp. TOSAG23-3	species	species-Stramenopiles_sp._TOSAG23-3	1735745	13114.tait.77.s009	Free-living	Saline	Water (saline)	Water (saline)				NA
ERR5003453	21223078	Fritillaria borealis	species	phylum-Chordata|class-Appendicularia|order-Copelata|family-Fritillariidae|genus-Fritillaria|species-Fritillaria_borealis	2507563	13114.tait.77.s009	Free-living	Saline	Water (saline)	Water (saline)				NA
ERR5003453	21223078	Pseudo-nitzschia delicatissima	species	phylum-Bacillariophyta|class-Bacillariophyceae|order-Bacillariales|family-Bacillariaceae|genus-Pseudo-nitzschia|species-Pseudo-nitzschia_delicatissima	44447	13114.tait.77.s009	Free-living	Saline	Water (saline)	Water (saline)				NA
ERR5003453	21223078	Oithona nana	species	phylum-Arthropoda|class-Hexanauplia|order-Cyclopoida|family-Oithonidae|genus-Oithona|species-Oithona_nana	136191	13114.tait.77.s009	Free-living	Saline	Water (saline)	Water (saline)				NA
ERR5003453	21223078	Phaeocystis globosa	species	phylum-Haptista|class-Haptophyta|order-Phaeocystales|family-Phaeocystaceae|genus-Phaeocystis|species-Phaeocystis_globosa	33658	13114.tait.77.s009	Free-living	Saline	Water (saline)	Water (saline)				NA
ERR5003453	21223078	Micromonas bravo	species	phylum-Chlorophyta|class-Mamiellophyceae|order-Mamiellales|family-Mamiellaceae|genus-Micromonas|species-Micromonas_bravo	296588	13114.tait.77.s009	Free-living	Saline	Water (saline)	Water (saline)				NA
ERR5003339	20949974	Thielaviopsis ethacetica	species	phylum-Ascomycota|class-Sordariomycetes|order-Microascales|family-Ceratocystidaceae|genus-Thielaviopsis|species-Thielaviopsis_ethacetica	1526549	13114.seedorf.71.s014	Free-living	Non-saline	Soil (non-saline)	Soil (non-saline)				NA
ERR5003447	19201798	Tetrahymena thermophila	species	phylum-Ciliophora|class-Oligohymenophorea|order-Hymenostomatida|family-Tetrahymenidae|genus-Tetrahymena|species-Tetrahymena_thermophila	5911	13114.tait.77.s003	Free-living	Saline	Water (saline)	Water (saline)				NA
ERR5003447	19201798	Bathycoccus prasinos	species	phylum-Chlorophyta|class-Mamiellophyceae|order-Mamiellales|family-Bathycoccaceae|genus-Bathycoccus|species-Bathycoccus_prasinos	41875	13114.tait.77.s003	Free-living	Saline	Water (saline)	Water (saline)				NA
ERR5003447	19201798	Arcocellulus cornucervis	species	phylum-Bacillariophyta|class-Mediophyceae|order-Cymatosirales|family-Cymatosiraceae|genus-Arcocellulus|species-Arcocellulus_cornucervis	1155433	13114.tait.77.s003	Free-living	Saline	Water (saline)	Water (saline)				NA
ERR5003447	19201798	Stramenopiles sp. TOSAG23-3	species	species-Stramenopiles_sp._TOSAG23-3	1735745	13114.tait.77.s003	Free-living	Saline	Water (saline)	Water (saline)				NA
ERR5003447	19201798	Ostreococcus lucimarinus CCE9901	species	phylum-Chlorophyta|class-Mamiellophyceae|order-Mamiellales|family-Bathycoccaceae|genus-Ostreococcus|species-Ostreococcus_sp._'lucimarinus'	436017	13114.tait.77.s003	Free-living	Saline	Water (saline)	Water (saline)				NA
ERR5003447	19201798	Pycnococcus provasolii	species	phylum-Chlorophyta|family-Pycnococcaceae|genus-Pycnococcus|species-Pycnococcus_provasolii	41880	13114.tait.77.s003	Free-living	Saline	Water (saline)	Water (saline)				NA
ERR5003447	19201798	Stramenopiles sp. TOSAG23-2	species	species-Stramenopiles_sp._TOSAG23-2	1735743	13114.tait.77.s003	Free-living	Saline	Water (saline)	Water (saline)				NA
ERR5003447	19201798	Micromonas bravo	species	phylum-Chlorophyta|class-Mamiellophyceae|order-Mamiellales|family-Mamiellaceae|genus-Micromonas|species-Micromonas_bravo	296588	13114.tait.77.s003	Free-living	Saline	Water (saline)	Water (saline)				NA
ERR5003447	19201798	Aureococcus anophagefferens	species	class-Pelagophyceae|order-Pelagomonadales|genus-Aureococcus|species-Aureococcus_anophagefferens	44056	13114.tait.77.s003	Free-living	Saline	Water (saline)	Water (saline)				NA
ERR5003447	19201798	Florenciella parvula	species	class-Dictyochophyceae|order-Florenciellales|genus-Florenciella|species-Florenciella_parvula	236787	13114.tait.77.s003	Free-living	Saline	Water (saline)	Water (saline)				NA
ERR5003447	19201798	Alexandrium tamarense	species	class-Dinophyceae|order-Gonyaulacales|family-Gonyaulacaceae|genus-Alexandrium|species-Alexandrium_tamarense	2926	13114.tait.77.s003	Free-living	Saline	Water (saline)	Water (saline)				NA
ERR5003447	19201798	Chloropicon roscoffensis	species	phylum-Chlorophyta|class-Chloropicophyceae|order-Chloropicales|family-Chloropicaceae|genus-Chloropicon|species-Chloropicon_roscoffensis	1461544	13114.tait.77.s003	Free-living	Saline	Water (saline)	Water (saline)				NA
ERR5003447	19201798	Phaeocystis globosa	species	phylum-Haptista|class-Haptophyta|order-Phaeocystales|family-Phaeocystaceae|genus-Phaeocystis|species-Phaeocystis_globosa	33658	13114.tait.77.s003	Free-living	Saline	Water (saline)	Water (saline)				NA
ERR5003447	19201798	Bicosta minor	species	class-Choanoflagellata|order-Craspedida|family-Salpingoecidae|genus-Bicosta|species-Bicosta_minor	1864616	13114.tait.77.s003	Free-living	Saline	Water (saline)	Water (saline)				NA
ERR5003447	19201798	Minutocellus polymorphus	species	phylum-Bacillariophyta|class-Mediophyceae|order-Cymatosirales|family-Cymatosiraceae|genus-Minutocellus|species-Minutocellus_polymorphus	265543	13114.tait.77.s003	Free-living	Saline	Water (saline)	Water (saline)				NA
ERR5003447	19201798	Exophiala xenobiotica	species	phylum-Ascomycota|class-Eurotiomycetes|order-Chaetothyriales|family-Herpotrichiellaceae|genus-Exophiala|species-Exophiala_xenobiotica	348802	13114.tait.77.s003	Free-living	Saline	Water (saline)	Water (saline)				NA
ERR5003447	19201798	Oithona nana	species	phylum-Arthropoda|class-Hexanauplia|order-Cyclopoida|family-Oithonidae|genus-Oithona|species-Oithona_nana	136191	13114.tait.77.s003	Free-living	Saline	Water (saline)	Water (saline)				NA
ERR5003753	19144964	Phialocephala subalpina	species	phylum-Ascomycota|class-Leotiomycetes|order-Helotiales|genus-Phialocephala|species-Phialocephala_subalpina	576137	13114.metcalf.40.s005	Free-living	Non-saline	Soil (non-saline)	Soil (non-saline)				NA
ERR5003753	19144964	Hyaloscypha bicolor E	species	phylum-Ascomycota|class-Leotiomycetes|order-Helotiales|family-Hyaloscyphaceae|genus-Hyaloscypha|species-Hyaloscypha_bicolor	1095630	13114.metcalf.40.s005	Free-living	Non-saline	Soil (non-saline)	Soil (non-saline)	Ascomycota	Hyaloscypha	N	Pezizomycotina
ERR5003753	19144964	Cenococcum geophilum 1.58	species	phylum-Ascomycota|class-Dothideomycetes|family-Gloniaceae|genus-Cenococcum|species-Cenococcum_geophilum	794803	13114.metcalf.40.s005	Free-living	Non-saline	Soil (non-saline)	Soil (non-saline)				NA
ERR5003753	19144964	Mortierella verticillata NRRL 6337	species	phylum-Mucoromycota|class-Mortierellomycetes|order-Mortierellales|family-Mortierellaceae|genus-Mortierella|species-Mortierella_verticillata	1069443	13114.metcalf.40.s005	Free-living	Non-saline	Soil (non-saline)	Soil (non-saline)	Mucoromycota	Mortierella	N	Mortierellomycotina
ERR5004523	28746732	Hyaloscypha bicolor E	species	phylum-Ascomycota|class-Leotiomycetes|order-Helotiales|family-Hyaloscyphaceae|genus-Hyaloscypha|species-Hyaloscypha_bicolor	1095630	13114.mayer.34.s001	Free-living	Non-saline	Sediment (non-saline)	Sediment (non-saline)	Ascomycota	Hyaloscypha	N	Pezizomycotina
ERR5004523	28746732	Malassezia restricta	species	phylum-Basidiomycota|class-Malasseziomycetes|order-Malasseziales|family-Malasseziaceae|genus-Malassezia|species-Malassezia_restricta	76775	13114.mayer.34.s001	Free-living	Non-saline	Sediment (non-saline)	Sediment (non-saline)	Basidiomycota	Malassezia	Y	Ustilaginomycotina
ERR5003343	4762918	Verruconis gallopava	species	phylum-Ascomycota|class-Dothideomycetes|order-Venturiales|family-Sympoventuriaceae|genus-Verruconis|species-Verruconis_gallopava	253628	13114.shade.23.s006	Free-living	Non-saline	Soil (non-saline)	Soil (non-saline)	Ascomycota	Verruconis	N	Pezizomycotina
ERR5004970	18508960	Hyaloscypha variabilis F	species	phylum-Ascomycota|class-Leotiomycetes|order-Helotiales|family-Hyaloscyphaceae|genus-Hyaloscypha|species-Hyaloscypha_variabilis	1149755	13114.stegen.38.s011	Free-living	Non-saline	Soil (non-saline)	Soil (non-saline)				NA
ERR5004970	18508960	Phialocephala subalpina	species	phylum-Ascomycota|class-Leotiomycetes|order-Helotiales|genus-Phialocephala|species-Phialocephala_subalpina	576137	13114.stegen.38.s011	Free-living	Non-saline	Soil (non-saline)	Soil (non-saline)	Ascomycota	Phialocephala	N	Pezizomycotina
ERR5004970	18508960	Cenococcum geophilum 1.58	species	phylum-Ascomycota|class-Dothideomycetes|family-Gloniaceae|genus-Cenococcum|species-Cenococcum_geophilum	794803	13114.stegen.38.s011	Free-living	Non-saline	Soil (non-saline)	Soil (non-saline)				NA
ERR5004970	18508960	Oidiodendron maius Zn	species	phylum-Ascomycota|class-Leotiomycetes|family-Myxotrichaceae|genus-Oidiodendron|species-Oidiodendron_maius	913774	13114.stegen.38.s011	Free-living	Non-saline	Soil (non-saline)	Soil (non-saline)	Ascomycota	Oidiodendron	N	Pezizomycotina
ERR5004112	41514714	Blastocystis sp. subtype 8	species	class-Bigyra|order-Opalinata|family-Blastocystidae|genus-Blastocystis|species-Blastocystis_sp._subtype_8	429571	13114.song.51.s019	Host-associated	Animal	Animal distal gut	Animal distal gut (non-saline)				NA
ERR5005092	24074836	Porites rus	species	phylum-Cnidaria|class-Anthozoa|order-Scleractinia|family-Poritidae|genus-Porites|species-Porites_rus	262591	13114.zaneveld.9.s004	Host-associated	Animal	Animal secretion	Animal secretion (saline)				NA
ERR5005312	38564564	Nannizzia gypsea CBS 118893	species	phylum-Ascomycota|class-Eurotiomycetes|order-Onygenales|family-Arthrodermataceae|genus-Nannizzia|species-Nannizzia_gypsea	535722	13114.song.52.s011	Host-associated	Animal	Animal distal gut	Animal distal gut (non-saline)	Ascomycota	Nannizzia	N	Pezizomycotina
ERR5005080	19785756	Chalara longipes BDJ	species	phylum-Ascomycota|class-Leotiomycetes|order-Helotiales|genus-Chalara|species-Chalara_longipes	1379296	13114.uren.82.s004	Host-associated	Fungus	Fungus corpus	Fungus corpus (non-saline)				NA
ERR5005080	19785756	Cladonia uncialis	species	phylum-Ascomycota|class-Lecanoromycetes|order-Lecanorales|family-Cladoniaceae|genus-Cladonia|species-Cladonia_uncialis	174080	13114.uren.82.s004	Host-associated	Fungus	Fungus corpus	Fungus corpus (non-saline)	Ascomycota	Cladonia	N	Pezizomycotina
ERR5004064	16873506	Purpureocillium lilacinum	species	phylum-Ascomycota|class-Sordariomycetes|order-Hypocreales|family-Ophiocordycipitaceae|genus-Purpureocillium|species-Purpureocillium_lilacinum	33203	13114.seedorf.71.s003	Free-living	Non-saline	Soil (non-saline)	Soil (non-saline)	Ascomycota	Purpureocillium	N	Pezizomycotina
ERR5005287	38041556	Ostreococcus lucimarinus CCE9901	species	phylum-Chlorophyta|class-Mamiellophyceae|order-Mamiellales|family-Bathycoccaceae|genus-Ostreococcus|species-Ostreococcus_sp._'lucimarinus'	436017	13114.song.51.s006	Host-associated	Animal	Animal distal gut	Animal distal gut (non-saline)				NA
ERR5003492	3400836	Grammatophora oceanica	species	phylum-Bacillariophyta|class-Fragilariophyceae|order-Rhabdonematales|family-Grammatophoraceae|genus-Grammatophora|species-Grammatophora_oceanica	210454	13114.thomas.19.s009	Host-associated	Plant	Plant surface	Plant surface (saline)				NA
ERR5004215	24416912	Penicillium chrysogenum	species	phylum-Ascomycota|class-Eurotiomycetes|order-Eurotiales|family-Aspergillaceae|genus-Penicillium|species-Penicillium_chrysogenum	5076	13114.thomas.18.s009	Host-associated	Animal	Animal corpus	Animal corpus (saline)				NA
ERR5004527	21908700	Fragilaria radians	species	phylum-Bacillariophyta|class-Fragilariophyceae|order-Fragilariales|family-Fragilariaceae|genus-Fragilaria|species-Fragilaria_radians	2109649	13114.mayer.34.s005	Free-living	Non-saline	Sediment (non-saline)	Sediment (non-saline)				NA
ERR5004920	42427294	Saccharomyces cerevisiae S288C	species	phylum-Ascomycota|class-Saccharomycetes|order-Saccharomycetales|family-Saccharomycetaceae|genus-Saccharomyces|species-Saccharomyces_cerevisiae	559292	13114.song.53.s005	Host-associated	Animal	Animal distal gut	Animal distal gut (non-saline)	Ascomycota	Saccharomyces	Y	Saccharomycotina
ERR5004920	42427294	Saccharomyces eubayanus	species	phylum-Ascomycota|class-Saccharomycetes|order-Saccharomycetales|family-Saccharomycetaceae|genus-Saccharomyces|species-Saccharomyces_eubayanus	1080349	13114.song.53.s005	Host-associated	Animal	Animal distal gut	Animal distal gut (non-saline)				NA
ERR5004704	27040928	Micromonas bravo	species	phylum-Chlorophyta|class-Mamiellophyceae|order-Mamiellales|family-Mamiellaceae|genus-Micromonas|species-Micromonas_bravo	296588	13114.palenik.42.s002	Free-living	Saline	Water (saline)	Water (saline)				NA
ERR5004704	27040928	Bathycoccus prasinos	species	phylum-Chlorophyta|class-Mamiellophyceae|order-Mamiellales|family-Bathycoccaceae|genus-Bathycoccus|species-Bathycoccus_prasinos	41875	13114.palenik.42.s002	Free-living	Saline	Water (saline)	Water (saline)				NA
ERR5004704	27040928	Ostreococcus lucimarinus CCE9901	species	phylum-Chlorophyta|class-Mamiellophyceae|order-Mamiellales|family-Bathycoccaceae|genus-Ostreococcus|species-Ostreococcus_sp._'lucimarinus'	436017	13114.palenik.42.s002	Free-living	Saline	Water (saline)	Water (saline)				NA
ERR5004704	27040928	Tetrahymena thermophila	species	phylum-Ciliophora|class-Oligohymenophorea|order-Hymenostomatida|family-Tetrahymenidae|genus-Tetrahymena|species-Tetrahymena_thermophila	5911	13114.palenik.42.s002	Free-living	Saline	Water (saline)	Water (saline)				NA
ERR5004704	27040928	Stramenopiles sp. TOSAG23-2	species	species-Stramenopiles_sp._TOSAG23-2	1735743	13114.palenik.42.s002	Free-living	Saline	Water (saline)	Water (saline)				NA
ERR5004704	27040928	Arcocellulus cornucervis	species	phylum-Bacillariophyta|class-Mediophyceae|order-Cymatosirales|family-Cymatosiraceae|genus-Arcocellulus|species-Arcocellulus_cornucervis	1155433	13114.palenik.42.s002	Free-living	Saline	Water (saline)	Water (saline)				NA
ERR5004704	27040928	Pelagomonas calceolata	species	class-Pelagophyceae|order-Pelagomonadales|genus-Pelagomonas|species-Pelagomonas_calceolata	35677	13114.palenik.42.s002	Free-living	Saline	Water (saline)	Water (saline)				NA
ERR5004704	27040928	Aureococcus anophagefferens	species	class-Pelagophyceae|order-Pelagomonadales|genus-Aureococcus|species-Aureococcus_anophagefferens	44056	13114.palenik.42.s002	Free-living	Saline	Water (saline)	Water (saline)				NA
ERR5004704	27040928	Pycnococcus provasolii	species	phylum-Chlorophyta|family-Pycnococcaceae|genus-Pycnococcus|species-Pycnococcus_provasolii	41880	13114.palenik.42.s002	Free-living	Saline	Water (saline)	Water (saline)				NA
ERR5004704	27040928	Emiliania huxleyi CCMP1516	species	phylum-Haptista|class-Haptophyta|order-Isochrysidales|family-Noelaerhabdaceae|genus-Emiliania|species-Emiliania_huxleyi	280463	13114.palenik.42.s002	Free-living	Saline	Water (saline)	Water (saline)				NA
ERR5004704	27040928	Chloropicon roscoffensis	species	phylum-Chlorophyta|class-Chloropicophyceae|order-Chloropicales|family-Chloropicaceae|genus-Chloropicon|species-Chloropicon_roscoffensis	1461544	13114.palenik.42.s002	Free-living	Saline	Water (saline)	Water (saline)				NA
ERR5004704	27040928	Stramenopiles sp. TOSAG23-3	species	species-Stramenopiles_sp._TOSAG23-3	1735745	13114.palenik.42.s002	Free-living	Saline	Water (saline)	Water (saline)				NA
ERR5004704	27040928	Minutocellus polymorphus	species	phylum-Bacillariophyta|class-Mediophyceae|order-Cymatosirales|family-Cymatosiraceae|genus-Minutocellus|species-Minutocellus_polymorphus	265543	13114.palenik.42.s002	Free-living	Saline	Water (saline)	Water (saline)				NA
ERR5004704	27040928	Triparma laevis	species	class-Bolidophyceae|order-Parmales|family-Triparmaceae|genus-Triparma|species-Triparma_laevis	1534972	13114.palenik.42.s002	Free-living	Saline	Water (saline)	Water (saline)				NA
ERR5004704	27040928	Gephyrocapsa oceanica	species	phylum-Haptista|class-Haptophyta|order-Isochrysidales|family-Noelaerhabdaceae|genus-Gephyrocapsa|species-Gephyrocapsa_oceanica	38817	13114.palenik.42.s002	Free-living	Saline	Water (saline)	Water (saline)				NA
ERR5004704	27040928	Chaetoceros neogracilis	species	phylum-Bacillariophyta|class-Coscinodiscophyceae|order-Chaetocerotales|family-Chaetocerotaceae|genus-Chaetoceros|species-Chaetoceros_neogracilis	240364	13114.palenik.42.s002	Free-living	Saline	Water (saline)	Water (saline)				NA
ERR5004704	27040928	Alexandrium tamarense	species	class-Dinophyceae|order-Gonyaulacales|family-Gonyaulacaceae|genus-Alexandrium|species-Alexandrium_tamarense	2926	13114.palenik.42.s002	Free-living	Saline	Water (saline)	Water (saline)				NA
ERR5005083	395596	Cladonia uncialis	species	phylum-Ascomycota|class-Lecanoromycetes|order-Lecanorales|family-Cladoniaceae|genus-Cladonia|species-Cladonia_uncialis	174080	13114.uren.82.s007	Host-associated	Fungus	Fungus corpus	Fungus corpus (non-saline)				NA
ERR5003887	28949330	Mortierella verticillata NRRL 6337	species	phylum-Mucoromycota|class-Mortierellomycetes|order-Mortierellales|family-Mortierellaceae|genus-Mortierella|species-Mortierella_verticillata	1069443	13114.myrold.5.s006	Free-living	Non-saline	Soil (non-saline)	Soil (non-saline)	Mucoromycota	Mortierella	N	Mortierellomycotina
ERR5004766	73372	Phoma herbarum	species	phylum-Ascomycota|class-Dothideomycetes|order-Pleosporales|family-Didymellaceae|genus-Phoma|species-Phoma_herbarum	73001	13114.rohwer.85.s013	Free-living	Saline	Sediment (saline)	Sediment (saline)	Ascomycota	Phoma	N	Pezizomycotina
ERR5004822	23159998	Chloropicon mariensis	species	phylum-Chlorophyta|class-Chloropicophyceae|order-Chloropicales|family-Chloropicaceae|genus-Chloropicon|species-Chloropicon_mariensis	1606511	13114.sandin.54.s015	Host-associated	Animal	Animal proximal gut	Animal proximal gut (saline)				NA
ERR5004822	23159998	Prasinoderma coloniale	species	phylum-Chlorophyta|class-Palmophyllophyceae|order-Prasinococcales|family-Prasinococcaceae|genus-Prasinoderma|species-Prasinoderma_coloniale	156133	13114.sandin.54.s015	Host-associated	Animal	Animal proximal gut	Animal proximal gut (saline)				NA
ERR5004822	23159998	Chloropicon roscoffensis	species	phylum-Chlorophyta|class-Chloropicophyceae|order-Chloropicales|family-Chloropicaceae|genus-Chloropicon|species-Chloropicon_roscoffensis	1461544	13114.sandin.54.s015	Host-associated	Animal	Animal proximal gut	Animal proximal gut (saline)				NA
ERR5003761	18093010	Yarrowia lipolytica CLIB122	species	phylum-Ascomycota|class-Saccharomycetes|order-Saccharomycetales|family-Dipodascaceae|genus-Yarrowia|species-Yarrowia_lipolytica	284591	13114.metcalf.40.s013	Free-living	Non-saline	Soil (non-saline)	Soil (non-saline)				NA
ERR5003761	18093010	Yarrowia deformans	species	phylum-Ascomycota|class-Saccharomycetes|order-Saccharomycetales|family-Dipodascaceae|genus-Yarrowia|species-Yarrowia_deformans	1608523	13114.metcalf.40.s013	Free-living	Non-saline	Soil (non-saline)	Soil (non-saline)	Ascomycota	Yarrowia	Y	Saccharomycotina
ERR5003761	18093010	Epicoccum nigrum	species	phylum-Ascomycota|class-Dothideomycetes|order-Pleosporales|family-Didymellaceae|genus-Epicoccum|species-Epicoccum_nigrum	105696	13114.metcalf.40.s013	Free-living	Non-saline	Soil (non-saline)	Soil (non-saline)				NA
ERR5003761	18093010	Purpureocillium lilacinum	species	phylum-Ascomycota|class-Sordariomycetes|order-Hypocreales|family-Ophiocordycipitaceae|genus-Purpureocillium|species-Purpureocillium_lilacinum	33203	13114.metcalf.40.s013	Free-living	Non-saline	Soil (non-saline)	Soil (non-saline)	Ascomycota	Purpureocillium	N	Pezizomycotina
ERR5003761	18093010	Penicillium chrysogenum	species	phylum-Ascomycota|class-Eurotiomycetes|order-Eurotiales|family-Aspergillaceae|genus-Penicillium|species-Penicillium_chrysogenum	5076	13114.metcalf.40.s013	Free-living	Non-saline	Soil (non-saline)	Soil (non-saline)				NA
ERR5003761	18093010	Penicillium citrinum	species	phylum-Ascomycota|class-Eurotiomycetes|order-Eurotiales|family-Aspergillaceae|genus-Penicillium|species-Penicillium_citrinum	5077	13114.metcalf.40.s013	Free-living	Non-saline	Soil (non-saline)	Soil (non-saline)	Ascomycota	Penicillium	N	Pezizomycotina
ERR5003761	18093010	Mortierella elongata AG-77	species	phylum-Mucoromycota|class-Mortierellomycetes|order-Mortierellales|family-Mortierellaceae|genus-Mortierella|species-Mortierella_elongata	1314771	13114.metcalf.40.s013	Free-living	Non-saline	Soil (non-saline)	Soil (non-saline)	Mucoromycota	Mortierella	N	Mortierellomycotina
ERR5003761	18093010	Candida parapsilosis	species	phylum-Ascomycota|class-Saccharomycetes|order-Saccharomycetales|family-Debaryomycetaceae|genus-Candida|species-Candida_parapsilosis	5480	13114.metcalf.40.s013	Free-living	Non-saline	Soil (non-saline)	Soil (non-saline)	Ascomycota	Candida	Y	Saccharomycotina
ERR5003761	18093010	Preussia sp. BSL10	species	phylum-Ascomycota|class-Dothideomycetes|order-Pleosporales|family-Sporormiaceae|genus-Preussia|species-Preussia_sp._BSL10	1712568	13114.metcalf.40.s013	Free-living	Non-saline	Soil (non-saline)	Soil (non-saline)	Ascomycota	Preussia	N	Pezizomycotina
ERR5003761	18093010	Penicillium brasilianum	species	phylum-Ascomycota|class-Eurotiomycetes|order-Eurotiales|family-Aspergillaceae|genus-Penicillium|species-Penicillium_brasilianum	104259	13114.metcalf.40.s013	Free-living	Non-saline	Soil (non-saline)	Soil (non-saline)	Ascomycota	Penicillium	N	Pezizomycotina
ERR5003761	18093010	Pochonia chlamydosporia 170	species	phylum-Ascomycota|class-Sordariomycetes|order-Hypocreales|family-Clavicipitaceae|genus-Pochonia|species-Pochonia_chlamydosporia	1380566	13114.metcalf.40.s013	Free-living	Non-saline	Soil (non-saline)	Soil (non-saline)	Ascomycota	Pochonia	N	Pezizomycotina
ERR5003761	18093010	Clonostachys rosea	species	phylum-Ascomycota|class-Sordariomycetes|order-Hypocreales|family-Bionectriaceae|genus-Clonostachys|species-Clonostachys_rosea	29856	13114.metcalf.40.s013	Free-living	Non-saline	Soil (non-saline)	Soil (non-saline)	Ascomycota	Clonostachys	N	Pezizomycotina
ERR5003761	18093010	Penicillium sclerotiorum	species	phylum-Ascomycota|class-Eurotiomycetes|order-Eurotiales|family-Aspergillaceae|genus-Penicillium|species-Penicillium_sclerotiorum	69788	13114.metcalf.40.s013	Free-living	Non-saline	Soil (non-saline)	Soil (non-saline)				NA
ERR5003761	18093010	Cladosporium cladosporioides	species	phylum-Ascomycota|class-Dothideomycetes|order-Capnodiales|family-Cladosporiaceae|genus-Cladosporium|species-Cladosporium_cladosporioides	29917	13114.metcalf.40.s013	Free-living	Non-saline	Soil (non-saline)	Soil (non-saline)	Ascomycota	Cladosporium	N	Pezizomycotina
ERR5003761	18093010	Fusarium fujikuroi IMI 58289	species	phylum-Ascomycota|class-Sordariomycetes|order-Hypocreales|family-Nectriaceae|genus-Fusarium|species-Fusarium_fujikuroi	1279085	13114.metcalf.40.s013	Free-living	Non-saline	Soil (non-saline)	Soil (non-saline)				NA
ERR5003761	18093010	Stagonospora sp. SRC1lsM3a	species	phylum-Ascomycota|class-Dothideomycetes|order-Pleosporales|family-Massarinaceae|genus-Stagonospora|species-Stagonospora_sp._SRC1lsM3a	765868	13114.metcalf.40.s013	Free-living	Non-saline	Soil (non-saline)	Soil (non-saline)	Ascomycota	Stagonospora	N	Pezizomycotina
ERR5003761	18093010	Diutina catenulata	species	phylum-Ascomycota|class-Saccharomycetes|order-Saccharomycetales|genus-Diutina|species-Diutina_catenulata	45537	13114.metcalf.40.s013	Free-living	Non-saline	Soil (non-saline)	Soil (non-saline)				NA
ERR5003761	18093010	Pyrenochaeta sp. DS3sAY3a	species	phylum-Ascomycota|class-Dothideomycetes|order-Pleosporales|family-Cucurbitariaceae|genus-Pyrenochaeta|species-Pyrenochaeta_sp._DS3sAY3a	765867	13114.metcalf.40.s013	Free-living	Non-saline	Soil (non-saline)	Soil (non-saline)				NA
ERR5003761	18093010	Cryptococcus sp. JCM 24511	species	phylum-Basidiomycota|class-Tremellomycetes|order-Tremellales|family-Cryptococcaceae|genus-Cryptococcus|species-Cryptococcus_sp._JCM_24511	1639000	13114.metcalf.40.s013	Free-living	Non-saline	Soil (non-saline)	Soil (non-saline)				NA
ERR5003262	15498502	Mycosphaerella populi pn0402	species	phylum-Ascomycota|class-Dothideomycetes|order-Capnodiales|family-Mycosphaerellaceae|genus-Mycosphaerella|species-Mycosphaerella_populi	1367537	13114.pinto.63.s025	Host-associated	Plant	Plant corpus	Plant corpus (non-saline)				NA
ERR5003262	15498502	Aspergillus versicolor CBS 583.65	species	phylum-Ascomycota|class-Eurotiomycetes|order-Eurotiales|family-Aspergillaceae|genus-Aspergillus|species-Aspergillus_versicolor	1036611	13114.pinto.63.s025	Host-associated	Plant	Plant corpus	Plant corpus (non-saline)	Ascomycota	Aspergillus	N	Pezizomycotina
ERR5003262	15498502	Uromyces transversalis	species	phylum-Basidiomycota|class-Pucciniomycetes|order-Pucciniales|family-Pucciniaceae|genus-Uromyces|species-Uromyces_transversalis	462795	13114.pinto.63.s025	Host-associated	Plant	Plant corpus	Plant corpus (non-saline)	Basidiomycota	Uromyces	N	Pucciniomycotina
ERR5003262	15498502	Penicillium citrinum	species	phylum-Ascomycota|class-Eurotiomycetes|order-Eurotiales|family-Aspergillaceae|genus-Penicillium|species-Penicillium_citrinum	5077	13114.pinto.63.s025	Host-associated	Plant	Plant corpus	Plant corpus (non-saline)				NA
ERR5003262	15498502	Purpureocillium lilacinum	species	phylum-Ascomycota|class-Sordariomycetes|order-Hypocreales|family-Ophiocordycipitaceae|genus-Purpureocillium|species-Purpureocillium_lilacinum	33203	13114.pinto.63.s025	Host-associated	Plant	Plant corpus	Plant corpus (non-saline)				NA
ERR5005296	32649818	Blastocystis sp. subtype 3	species	class-Bigyra|order-Opalinata|family-Blastocystidae|genus-Blastocystis|species-Blastocystis_sp._subtype_3	944168	13114.song.51.s015	Host-associated	Animal	Animal distal gut	Animal distal gut (non-saline)				NA
ERR5005027	7090464	Chloropicon roscoffensis	species	phylum-Chlorophyta|class-Chloropicophyceae|order-Chloropicales|family-Chloropicaceae|genus-Chloropicon|species-Chloropicon_roscoffensis	1461544	13114.thomas.18.s039	Host-associated	Animal	Animal corpus	Animal corpus (saline)				NA
ERR5003219	6449082	Hyaloscypha bicolor E	species	phylum-Ascomycota|class-Leotiomycetes|order-Helotiales|family-Hyaloscyphaceae|genus-Hyaloscypha|species-Hyaloscypha_bicolor	1095630	13114.myrold.59.s021	Free-living	Non-saline	Soil (non-saline)	Soil (non-saline)	Ascomycota	Hyaloscypha	N	Pezizomycotina
ERR5005155	40777526	Epicoccum nigrum	species	phylum-Ascomycota|class-Dothideomycetes|order-Pleosporales|family-Didymellaceae|genus-Epicoccum|species-Epicoccum_nigrum	105696	13114.girguis.50.s002	Host-associated	Animal	Animal distal gut	Animal distal gut (saline)	Ascomycota	Epicoccum	N	Pezizomycotina
ERR5004975	12831570	Pezoloma ericae	species	phylum-Ascomycota|class-Leotiomycetes|order-Helotiales|family-Leotiaceae|genus-Pezoloma|species-Pezoloma_ericae	1745343	13114.stegen.38.s016	Free-living	Non-saline	Soil (non-saline)	Soil (non-saline)				NA
ERR5004975	12831570	Hyaloscypha variabilis F	species	phylum-Ascomycota|class-Leotiomycetes|order-Helotiales|family-Hyaloscyphaceae|genus-Hyaloscypha|species-Hyaloscypha_variabilis	1149755	13114.stegen.38.s016	Free-living	Non-saline	Soil (non-saline)	Soil (non-saline)				NA
ERR5004975	12831570	Cenococcum geophilum 1.58	species	phylum-Ascomycota|class-Dothideomycetes|family-Gloniaceae|genus-Cenococcum|species-Cenococcum_geophilum	794803	13114.stegen.38.s016	Free-living	Non-saline	Soil (non-saline)	Soil (non-saline)	Ascomycota	Cenococcum	N	Pezizomycotina
ERR5004975	12831570	Oidiodendron maius Zn	species	phylum-Ascomycota|class-Leotiomycetes|family-Myxotrichaceae|genus-Oidiodendron|species-Oidiodendron_maius	913774	13114.stegen.38.s016	Free-living	Non-saline	Soil (non-saline)	Soil (non-saline)				NA
ERR5004975	12831570	Phialocephala subalpina	species	phylum-Ascomycota|class-Leotiomycetes|order-Helotiales|genus-Phialocephala|species-Phialocephala_subalpina	576137	13114.stegen.38.s016	Free-living	Non-saline	Soil (non-saline)	Soil (non-saline)	Ascomycota	Phialocephala	N	Pezizomycotina
ERR5004705	19293568	Ostreococcus lucimarinus CCE9901	species	phylum-Chlorophyta|class-Mamiellophyceae|order-Mamiellales|family-Bathycoccaceae|genus-Ostreococcus|species-Ostreococcus_sp._'lucimarinus'	436017	13114.palenik.42.s003	Free-living	Saline	Water (saline)	Water (saline)				NA
ERR5004705	19293568	Bathycoccus prasinos	species	phylum-Chlorophyta|class-Mamiellophyceae|order-Mamiellales|family-Bathycoccaceae|genus-Bathycoccus|species-Bathycoccus_prasinos	41875	13114.palenik.42.s003	Free-living	Saline	Water (saline)	Water (saline)				NA
ERR5004705	19293568	Micromonas bravo	species	phylum-Chlorophyta|class-Mamiellophyceae|order-Mamiellales|family-Mamiellaceae|genus-Micromonas|species-Micromonas_bravo	296588	13114.palenik.42.s003	Free-living	Saline	Water (saline)	Water (saline)				NA
ERR5004705	19293568	Pelagomonas calceolata	species	class-Pelagophyceae|order-Pelagomonadales|genus-Pelagomonas|species-Pelagomonas_calceolata	35677	13114.palenik.42.s003	Free-living	Saline	Water (saline)	Water (saline)				NA
ERR5004705	19293568	Stramenopiles sp. TOSAG23-3	species	species-Stramenopiles_sp._TOSAG23-3	1735745	13114.palenik.42.s003	Free-living	Saline	Water (saline)	Water (saline)				NA
ERR5004705	19293568	Stramenopiles sp. TOSAG23-2	species	species-Stramenopiles_sp._TOSAG23-2	1735743	13114.palenik.42.s003	Free-living	Saline	Water (saline)	Water (saline)				NA
ERR5004705	19293568	Arcocellulus cornucervis	species	phylum-Bacillariophyta|class-Mediophyceae|order-Cymatosirales|family-Cymatosiraceae|genus-Arcocellulus|species-Arcocellulus_cornucervis	1155433	13114.palenik.42.s003	Free-living	Saline	Water (saline)	Water (saline)				NA
ERR5004705	19293568	Minutocellus polymorphus	species	phylum-Bacillariophyta|class-Mediophyceae|order-Cymatosirales|family-Cymatosiraceae|genus-Minutocellus|species-Minutocellus_polymorphus	265543	13114.palenik.42.s003	Free-living	Saline	Water (saline)	Water (saline)				NA
ERR5004705	19293568	Aureococcus anophagefferens	species	class-Pelagophyceae|order-Pelagomonadales|genus-Aureococcus|species-Aureococcus_anophagefferens	44056	13114.palenik.42.s003	Free-living	Saline	Water (saline)	Water (saline)				NA
ERR5004705	19293568	Gephyrocapsa oceanica	species	phylum-Haptista|class-Haptophyta|order-Isochrysidales|family-Noelaerhabdaceae|genus-Gephyrocapsa|species-Gephyrocapsa_oceanica	38817	13114.palenik.42.s003	Free-living	Saline	Water (saline)	Water (saline)				NA
ERR5004705	19293568	Chloropicon roscoffensis	species	phylum-Chlorophyta|class-Chloropicophyceae|order-Chloropicales|family-Chloropicaceae|genus-Chloropicon|species-Chloropicon_roscoffensis	1461544	13114.palenik.42.s003	Free-living	Saline	Water (saline)	Water (saline)				NA
ERR5004705	19293568	Alexandrium tamarense	species	class-Dinophyceae|order-Gonyaulacales|family-Gonyaulacaceae|genus-Alexandrium|species-Alexandrium_tamarense	2926	13114.palenik.42.s003	Free-living	Saline	Water (saline)	Water (saline)				NA
ERR5005102	13044088	Pocillopora verrucosa	species	phylum-Cnidaria|class-Anthozoa|order-Scleractinia|family-Pocilloporidae|genus-Pocillopora|species-Pocillopora_verrucosa	203993	13114.zaneveld.9.s014	Host-associated	Animal	Animal secretion	Animal secretion (saline)				NA
ERR5005102	13044088	Pocillopora damicornis	species	phylum-Cnidaria|class-Anthozoa|order-Scleractinia|family-Pocilloporidae|genus-Pocillopora|species-Pocillopora_damicornis	46731	13114.zaneveld.9.s014	Host-associated	Animal	Animal secretion	Animal secretion (saline)				NA
ERR5004532	20497638	Fragilaria radians	species	phylum-Bacillariophyta|class-Fragilariophyceae|order-Fragilariales|family-Fragilariaceae|genus-Fragilaria|species-Fragilaria_radians	2109649	13114.mayer.34.s010	Free-living	Non-saline	Sediment (non-saline)	Sediment (non-saline)				NA
ERR5004929	48220146	Saccharomyces cerevisiae S288C	species	phylum-Ascomycota|class-Saccharomycetes|order-Saccharomycetales|family-Saccharomycetaceae|genus-Saccharomyces|species-Saccharomyces_cerevisiae	559292	13114.song.53.s014	Host-associated	Animal	Animal distal gut	Animal distal gut (non-saline)				NA
ERR5004929	48220146	Papiliotrema flavescens NRRL Y-50378	species	phylum-Basidiomycota|class-Tremellomycetes|order-Tremellales|family-Rhynchogastremataceae|genus-Papiliotrema|species-Papiliotrema_flavescens	1279117	13114.song.53.s014	Host-associated	Animal	Animal distal gut	Animal distal gut (non-saline)	Basidiomycota	Papiliotrema	Y	Agaricomycotina
ERR5004929	48220146	Diutina catenulata	species	phylum-Ascomycota|class-Saccharomycetes|order-Saccharomycetales|genus-Diutina|species-Diutina_catenulata	45537	13114.song.53.s014	Host-associated	Animal	Animal distal gut	Animal distal gut (non-saline)	Ascomycota	Diutina	Y	Saccharomycotina
ERR5004929	48220146	Epicoccum nigrum	species	phylum-Ascomycota|class-Dothideomycetes|order-Pleosporales|family-Didymellaceae|genus-Epicoccum|species-Epicoccum_nigrum	105696	13114.song.53.s014	Host-associated	Animal	Animal distal gut	Animal distal gut (non-saline)	Ascomycota	Epicoccum	N	Pezizomycotina
ERR5004208	27740268	Arcocellulus cornucervis	species	phylum-Bacillariophyta|class-Mediophyceae|order-Cymatosirales|family-Cymatosiraceae|genus-Arcocellulus|species-Arcocellulus_cornucervis	1155433	13114.tait.78.s001	Free-living	Saline	Sediment (saline)	Sediment (saline)				NA
ERR5004670	28876228	Solicoccozyma terricola	species	phylum-Basidiomycota|class-Tremellomycetes|order-Filobasidiales|family-Piskurozymaceae|genus-Solicoccozyma|species-Solicoccozyma_terricola	104414	13114.myrold.5.s002	Free-living	Non-saline	Soil (non-saline)	Soil (non-saline)	Basidiomycota	Solicoccozyma	Y	Agaricomycotina
ERR5004410	21688136	Cyclotella meneghiniana	species	phylum-Bacillariophyta|class-Coscinodiscophyceae|order-Thalassiosirales|family-Stephanodiscaceae|genus-Cyclotella|species-Cyclotella_meneghiniana	29205	13114.bowen.74.s009	Free-living	Saline	Sediment (saline)	Sediment (saline)				NA
ERR5004410	21688136	Detonula confervacea	species	phylum-Bacillariophyta|class-Coscinodiscophyceae|order-Thalassiosirales|family-Thalassiosiraceae|genus-Detonula|species-Detonula_confervacea	83371	13114.bowen.74.s009	Free-living	Saline	Sediment (saline)	Sediment (saline)				NA
ERR5003146	15394676	Fragilaria radians	species	phylum-Bacillariophyta|class-Fragilariophyceae|order-Fragilariales|family-Fragilariaceae|genus-Fragilaria|species-Fragilaria_radians	2109649	13114.mayer.34.s006	Free-living	Non-saline	Sediment (non-saline)	Sediment (non-saline)				NA
ERR5005222	21324224	Eimeria falciformis	species	phylum-Apicomplexa|class-Conoidasida|order-Eucoccidiorida|family-Eimeriidae|genus-Eimeria|species-Eimeria_falciformis	84963	13114.mousseau.88.s052	Host-associated	Animal	Animal distal gut	Animal distal gut (non-saline)				NA
ERR5004005	138626	Chalara longipes BDJ	species	phylum-Ascomycota|class-Leotiomycetes|order-Helotiales|genus-Chalara|species-Chalara_longipes	1379296	13114.roy.chowdhury.45.s009	Free-living	Non-saline	Soil (non-saline)	Soil (saline)	Ascomycota	Chalara	N	Pezizomycotina
ERR5004543	18250088	Hyaloscypha bicolor E	species	phylum-Ascomycota|class-Leotiomycetes|order-Helotiales|family-Hyaloscyphaceae|genus-Hyaloscypha|species-Hyaloscypha_bicolor	1095630	13114.metcalf.40.s008	Free-living	Non-saline	Soil (non-saline)	Soil (non-saline)	Ascomycota	Hyaloscypha	N	Pezizomycotina
ERR5004320	2233604	Porites rus	species	phylum-Cnidaria|class-Anthozoa|order-Scleractinia|family-Poritidae|genus-Porites|species-Porites_rus	262591	13114.zaneveld.9.s019	Host-associated	Animal	Animal secretion	Animal secretion (saline)				NA
ERR5004921	37505458	Malassezia slooffiae	species	phylum-Basidiomycota|class-Malasseziomycetes|order-Malasseziales|family-Malasseziaceae|genus-Malassezia|species-Malassezia_slooffiae	76776	13114.song.53.s006	Host-associated	Animal	Animal distal gut	Animal distal gut (non-saline)				NA
ERR5004921	37505458	Wallemia mellicola CBS 633.66	species	phylum-Basidiomycota|class-Wallemiomycetes|order-Wallemiales|family-Wallemiaceae|genus-Wallemia|species-Wallemia_mellicola	671144	13114.song.53.s006	Host-associated	Animal	Animal distal gut	Animal distal gut (non-saline)	Basidiomycota	Wallemia	N	Wallemiomycotina
ERR5004819	12473718	Chloropicon mariensis	species	phylum-Chlorophyta|class-Chloropicophyceae|order-Chloropicales|family-Chloropicaceae|genus-Chloropicon|species-Chloropicon_mariensis	1606511	13114.sandin.54.s012	Host-associated	Animal	Animal proximal gut	Animal proximal gut (saline)				NA
ERR5004819	12473718	Prasinococcaceae sp. CCMP 1430	species	phylum-Chlorophyta|class-Palmophyllophyceae|order-Prasinococcales|family-Prasinococcaceae|species-Prasinococcaceae_sp._CCMP_1430	2489100	13114.sandin.54.s012	Host-associated	Animal	Animal proximal gut	Animal proximal gut (saline)				NA
ERR5004819	12473718	Prasinoderma coloniale	species	phylum-Chlorophyta|class-Palmophyllophyceae|order-Prasinococcales|family-Prasinococcaceae|genus-Prasinoderma|species-Prasinoderma_coloniale	156133	13114.sandin.54.s012	Host-associated	Animal	Animal proximal gut	Animal proximal gut (saline)				NA
ERR5003913	4624324	Alternaria arborescens	species	phylum-Ascomycota|class-Dothideomycetes|order-Pleosporales|family-Pleosporaceae|genus-Alternaria|species-Alternaria_arborescens	156630	13114.myrold.59.s020	Free-living	Non-saline	Soil (non-saline)	Soil (non-saline)				NA
ERR5003949	18901936	Leucoagaricus gongylophorus Ac12	species	phylum-Basidiomycota|class-Agaricomycetes|order-Agaricales|family-Agaricaceae|genus-Leucoagaricus|species-Leucoagaricus_gongylophorus	1258663	13114.pinto.63.s015	Host-associated	Plant	Plant corpus	Plant corpus (non-saline)	Basidiomycota	Leucoagaricus	N	Agaricomycotina
ERR5005170	42660882	Scedosporium boydii	species	phylum-Ascomycota|class-Sordariomycetes|order-Microascales|family-Microascaceae|genus-Scedosporium|species-Scedosporium_boydii	5597	13114.minich.76.s005	Host-associated	Animal	Animal distal gut	Animal distal gut (non-saline)	Ascomycota	Scedosporium	N	Pezizomycotina
ERR5005095	15741024	Porites rus	species	phylum-Cnidaria|class-Anthozoa|order-Scleractinia|family-Poritidae|genus-Porites|species-Porites_rus	262591	13114.zaneveld.9.s007	Host-associated	Animal	Animal secretion	Animal secretion (saline)				NA
ERR5003005	3203010	Saccharomyces cerevisiae S288C	species	phylum-Ascomycota|class-Saccharomycetes|order-Saccharomycetales|family-Saccharomycetaceae|genus-Saccharomyces|species-Saccharomyces_cerevisiae	559292	13114.angenent.65.s003	Host-associated	Animal	Animal proximal gut	Animal proximal gut (non-saline)	Ascomycota	Saccharomyces	Y	Saccharomycotina
ERR5003009	21949208	Saccharomyces cerevisiae S288C	species	phylum-Ascomycota|class-Saccharomycetes|order-Saccharomycetales|family-Saccharomycetaceae|genus-Saccharomyces|species-Saccharomyces_cerevisiae	559292	13114.angenent.65.s007	Host-associated	Animal	Animal proximal gut	Animal proximal gut (non-saline)				NA
ERR5004473	7715280	Phialophora attae	species	phylum-Ascomycota|class-Eurotiomycetes|order-Chaetothyriales|family-Herpotrichiellaceae|genus-Phialophora|species-Phialophora_attae	1664694	13114.king.27.s010	Free-living	Non-saline	Soil (non-saline)	Soil (non-saline)	Ascomycota	Phialophora	N	Pezizomycotina
ERR5004473	7715280	Fusarium fracticaudum	species	phylum-Ascomycota|class-Sordariomycetes|order-Hypocreales|family-Nectriaceae|genus-Fusarium|species-Fusarium_fracticaudum	1604329	13114.king.27.s010	Free-living	Non-saline	Soil (non-saline)	Soil (non-saline)				NA
ERR5005106	16117594	Porites rus	species	phylum-Cnidaria|class-Anthozoa|order-Scleractinia|family-Poritidae|genus-Porites|species-Porites_rus	262591	13114.zaneveld.9.s018	Host-associated	Animal	Animal secretion	Animal secretion (saline)				NA
ERR5005016	24338518	Prasinoderma coloniale	species	phylum-Chlorophyta|class-Palmophyllophyceae|order-Prasinococcales|family-Prasinococcaceae|genus-Prasinoderma|species-Prasinoderma_coloniale	156133	13114.thomas.18.s028	Host-associated	Animal	Animal corpus	Animal corpus (saline)				NA
ERR5005016	24338518	Prasinococcaceae sp. CCMP 1430	species	phylum-Chlorophyta|class-Palmophyllophyceae|order-Prasinococcales|family-Prasinococcaceae|species-Prasinococcaceae_sp._CCMP_1430	2489100	13114.thomas.18.s028	Host-associated	Animal	Animal corpus	Animal corpus (saline)				NA
ERR5005016	24338518	Gephyrocapsa oceanica	species	phylum-Haptista|class-Haptophyta|order-Isochrysidales|family-Noelaerhabdaceae|genus-Gephyrocapsa|species-Gephyrocapsa_oceanica	38817	13114.thomas.18.s028	Host-associated	Animal	Animal corpus	Animal corpus (saline)				NA
ERR5005016	24338518	Chloropicon roscoffensis	species	phylum-Chlorophyta|class-Chloropicophyceae|order-Chloropicales|family-Chloropicaceae|genus-Chloropicon|species-Chloropicon_roscoffensis	1461544	13114.thomas.18.s028	Host-associated	Animal	Animal corpus	Animal corpus (saline)				NA
ERR5004985	7624264	Ostreococcus lucimarinus CCE9901	species	phylum-Chlorophyta|class-Mamiellophyceae|order-Mamiellales|family-Bathycoccaceae|genus-Ostreococcus|species-Ostreococcus_sp._'lucimarinus'	436017	13114.stewart.26.s008	Free-living	Saline	Water (saline)	Water (saline)				NA
ERR5004364	7669196	Saccharomyces cerevisiae S288C	species	phylum-Ascomycota|class-Saccharomycetes|order-Saccharomycetales|family-Saccharomycetaceae|genus-Saccharomyces|species-Saccharomyces_cerevisiae	559292	13114.angenent.65.s005	Host-associated	Animal	Animal proximal gut	Animal proximal gut (non-saline)	Ascomycota	Saccharomyces	Y	Saccharomycotina
ERR5005086	16635146	Umbilicaria muehlenbergii	species	phylum-Ascomycota|class-Lecanoromycetes|order-Umbilicariales|family-Umbilicariaceae|genus-Umbilicaria|species-Umbilicaria_muehlenbergii	87280	13114.uren.82.s010	Host-associated	Fungus	Fungus corpus	Fungus corpus (non-saline)	Ascomycota	Umbilicaria	N	Pezizomycotina
ERR5005224	5503898	Debaryomyces hansenii CBS767	species	phylum-Ascomycota|class-Saccharomycetes|order-Saccharomycetales|family-Debaryomycetaceae|genus-Debaryomyces|species-Debaryomyces_hansenii	284592	13114.mousseau.88.s054	Host-associated	Animal	Animal distal gut	Animal distal gut (non-saline)	Ascomycota	Debaryomyces	Y	Saccharomycotina
ERR5004425	24966532	Choanoeca perplexa	species	class-Choanoflagellata|order-Craspedida|family-Salpingoecidae|genus-Choanoeca|species-Choanoeca_perplexa	81531	13114.distel.72.s008	Host-associated	Animal	Animal proximal gut	Animal proximal gut (saline)				NA
ERR5003360	35587402	Wallemia mellicola CBS 633.66	species	phylum-Basidiomycota|class-Wallemiomycetes|order-Wallemiales|family-Wallemiaceae|genus-Wallemia|species-Wallemia_mellicola	671144	13114.song.51.s007	Host-associated	Animal	Animal distal gut	Animal distal gut (non-saline)	Basidiomycota	Wallemia	N	Wallemiomycotina
ERR5003360	35587402	Aspergillus ruber CBS 135680	species	phylum-Ascomycota|class-Eurotiomycetes|order-Eurotiales|family-Aspergillaceae|genus-Aspergillus|species-Aspergillus_ruber	1388766	13114.song.51.s007	Host-associated	Animal	Animal distal gut	Animal distal gut (non-saline)				NA
ERR5003360	35587402	Debaryomyces nepalensis	species	phylum-Ascomycota|class-Saccharomycetes|order-Saccharomycetales|family-Debaryomycetaceae|genus-Debaryomyces|species-Debaryomyces_nepalensis	27299	13114.song.51.s007	Host-associated	Animal	Animal distal gut	Animal distal gut (non-saline)	Ascomycota	Debaryomyces	Y	Saccharomycotina
ERR5005110	12847568	Micromonas pusilla	species	phylum-Chlorophyta|class-Mamiellophyceae|order-Mamiellales|family-Mamiellaceae|genus-Micromonas|species-Micromonas_pusilla	38833	13114.zaneveld.9.s022	Free-living	Saline	Water (saline)	Water (saline)				NA
ERR5005110	12847568	Chloropicon roscoffensis	species	phylum-Chlorophyta|class-Chloropicophyceae|order-Chloropicales|family-Chloropicaceae|genus-Chloropicon|species-Chloropicon_roscoffensis	1461544	13114.zaneveld.9.s022	Free-living	Saline	Water (saline)	Water (saline)				NA
ERR5005110	12847568	Stramenopiles sp. TOSAG41-1	species	species-Stramenopiles_sp._TOSAG41-1	1735744	13114.zaneveld.9.s022	Free-living	Saline	Water (saline)	Water (saline)				NA
ERR5003334	43463498	Gymnopus luxurians FD-317 M1	species	phylum-Basidiomycota|class-Agaricomycetes|order-Agaricales|family-Omphalotaceae|genus-Gymnopus|species-Gymnopus_luxurians	944289	13114.seedorf.71.s009	Free-living	Non-saline	Soil (non-saline)	Soil (non-saline)				NA
ERR5004757	18329866	Porites rus	species	phylum-Cnidaria|class-Anthozoa|order-Scleractinia|family-Poritidae|genus-Porites|species-Porites_rus	262591	13114.rohwer.85.s004	Free-living	Saline	Sediment (saline)	Sediment (saline)				NA
ERR5003267	4004280	Hypsibius dujardini	species	phylum-Tardigrada|class-Eutardigrada|order-Parachela|family-Hypsibiidae|genus-Hypsibius|species-Hypsibius_dujardini	232323	13114.rohwer.84.s002	Free-living	Non-saline	Soil (non-saline)	Soil (non-saline)				NA
ERR5003173	22865776	Hyaloscypha bicolor E	species	phylum-Ascomycota|class-Leotiomycetes|order-Helotiales|family-Hyaloscyphaceae|genus-Hyaloscypha|species-Hyaloscypha_bicolor	1095630	13114.metcalf.40.s006	Free-living	Non-saline	Soil (non-saline)	Soil (non-saline)				NA
ERR5003173	22865776	Phialocephala subalpina	species	phylum-Ascomycota|class-Leotiomycetes|order-Helotiales|genus-Phialocephala|species-Phialocephala_subalpina	576137	13114.metcalf.40.s006	Free-living	Non-saline	Soil (non-saline)	Soil (non-saline)				NA
ERR5003173	22865776	Cenococcum geophilum 1.58	species	phylum-Ascomycota|class-Dothideomycetes|family-Gloniaceae|genus-Cenococcum|species-Cenococcum_geophilum	794803	13114.metcalf.40.s006	Free-living	Non-saline	Soil (non-saline)	Soil (non-saline)	Ascomycota	Cenococcum	N	Pezizomycotina
ERR5003173	22865776	Elaphomyces granulatus	species	phylum-Ascomycota|class-Eurotiomycetes|order-Eurotiales|family-Elaphomycetaceae|genus-Elaphomyces|species-Elaphomyces_granulatus	519963	13114.metcalf.40.s006	Free-living	Non-saline	Soil (non-saline)	Soil (non-saline)				NA
ERR5004721	20169164	Ostreococcus lucimarinus CCE9901	species	phylum-Chlorophyta|class-Mamiellophyceae|order-Mamiellales|family-Bathycoccaceae|genus-Ostreococcus|species-Ostreococcus_sp._'lucimarinus'	436017	13114.palenik.42.s020	Free-living	Saline	Water (saline)	Water (saline)				NA
ERR5004721	20169164	Bathycoccus prasinos	species	phylum-Chlorophyta|class-Mamiellophyceae|order-Mamiellales|family-Bathycoccaceae|genus-Bathycoccus|species-Bathycoccus_prasinos	41875	13114.palenik.42.s020	Free-living	Saline	Water (saline)	Water (saline)				NA
ERR5004721	20169164	Micromonas bravo	species	phylum-Chlorophyta|class-Mamiellophyceae|order-Mamiellales|family-Mamiellaceae|genus-Micromonas|species-Micromonas_bravo	296588	13114.palenik.42.s020	Free-living	Saline	Water (saline)	Water (saline)				NA
ERR5004721	20169164	Pycnococcus provasolii	species	phylum-Chlorophyta|family-Pycnococcaceae|genus-Pycnococcus|species-Pycnococcus_provasolii	41880	13114.palenik.42.s020	Free-living	Saline	Water (saline)	Water (saline)				NA
ERR5004721	20169164	Stramenopiles sp. TOSAG23-3	species	species-Stramenopiles_sp._TOSAG23-3	1735745	13114.palenik.42.s020	Free-living	Saline	Water (saline)	Water (saline)				NA
ERR5004721	20169164	Arcocellulus cornucervis	species	phylum-Bacillariophyta|class-Mediophyceae|order-Cymatosirales|family-Cymatosiraceae|genus-Arcocellulus|species-Arcocellulus_cornucervis	1155433	13114.palenik.42.s020	Free-living	Saline	Water (saline)	Water (saline)				NA
ERR5004721	20169164	Minutocellus polymorphus	species	phylum-Bacillariophyta|class-Mediophyceae|order-Cymatosirales|family-Cymatosiraceae|genus-Minutocellus|species-Minutocellus_polymorphus	265543	13114.palenik.42.s020	Free-living	Saline	Water (saline)	Water (saline)				NA
ERR5004721	20169164	Stramenopiles sp. TOSAG23-2	species	species-Stramenopiles_sp._TOSAG23-2	1735743	13114.palenik.42.s020	Free-living	Saline	Water (saline)	Water (saline)				NA
ERR5004721	20169164	Haptolina ericina	species	phylum-Haptista|class-Haptophyta|order-Prymnesiales|family-Prymnesiaceae|genus-Haptolina|species-Haptolina_ericina	156174	13114.palenik.42.s020	Free-living	Saline	Water (saline)	Water (saline)				NA
ERR5004721	20169164	Prasinoderma singulare	species	phylum-Chlorophyta|class-Palmophyllophyceae|order-Prasinococcales|family-Prasinococcaceae|genus-Prasinoderma|species-Prasinoderma_singulare	676789	13114.palenik.42.s020	Free-living	Saline	Water (saline)	Water (saline)				NA
ERR5004721	20169164	Pseudo-nitzschia arenysensis	species	phylum-Bacillariophyta|class-Bacillariophyceae|order-Bacillariales|family-Bacillariaceae|genus-Pseudo-nitzschia|species-Pseudo-nitzschia_arenysensis	697910	13114.palenik.42.s020	Free-living	Saline	Water (saline)	Water (saline)				NA
ERR5004721	20169164	Thalassiosira oceanica	species	phylum-Bacillariophyta|class-Coscinodiscophyceae|order-Thalassiosirales|family-Thalassiosiraceae|genus-Thalassiosira|species-Thalassiosira_oceanica	159749	13114.palenik.42.s020	Free-living	Saline	Water (saline)	Water (saline)				NA
ERR5003943	19167348	Leucoagaricus gongylophorus Ac12	species	phylum-Basidiomycota|class-Agaricomycetes|order-Agaricales|family-Agaricaceae|genus-Leucoagaricus|species-Leucoagaricus_gongylophorus	1258663	13114.pinto.63.s009	Host-associated	Plant	Plant corpus	Plant corpus (non-saline)	Basidiomycota	Leucoagaricus	N	Agaricomycotina
ERR5005284	39768660	Piromyces sp. E2	species	phylum-Chytridiomycota|class-Neocallimastigomycetes|order-Neocallimastigales|family-Neocallimastigaceae|genus-Piromyces|species-Piromyces_sp._E2	73868	13114.song.51.s003	Host-associated	Animal	Animal distal gut	Animal distal gut (non-saline)				NA
ERR5003679	1919446	Pezoloma ericae	species	phylum-Ascomycota|class-Leotiomycetes|order-Helotiales|family-Leotiaceae|genus-Pezoloma|species-Pezoloma_ericae	1745343	13114.king.27.s003	Free-living	Non-saline	Soil (non-saline)	Soil (non-saline)				NA
ERR5004741	15551944	Frieseomelitta varia	species	phylum-Arthropoda|class-Insecta|order-Hymenoptera|family-Apidae|genus-Frieseomelitta|species-Frieseomelitta_varia	561572	13114.pinto.63.s020	Host-associated	Plant	Plant corpus	Plant corpus (non-saline)				NA
ERR5004741	15551944	Tetragonula hockingsi	species	phylum-Arthropoda|class-Insecta|order-Hymenoptera|family-Apidae|genus-Tetragonula|species-Tetragonula_hockingsi	270528	13114.pinto.63.s020	Host-associated	Plant	Plant corpus	Plant corpus (non-saline)				NA
ERR5004741	15551944	Melipona quadrifasciata	species	phylum-Arthropoda|class-Insecta|order-Hymenoptera|family-Apidae|genus-Melipona|species-Melipona_quadrifasciata	166423	13114.pinto.63.s020	Host-associated	Plant	Plant corpus	Plant corpus (non-saline)				NA
ERR5004301	24484660	Umbilicaria muehlenbergii	species	phylum-Ascomycota|class-Lecanoromycetes|order-Umbilicariales|family-Umbilicariaceae|genus-Umbilicaria|species-Umbilicaria_muehlenbergii	87280	13114.uren.82.s012	Host-associated	Fungus	Fungus corpus	Fungus corpus (non-saline)				NA
ERR5004301	24484660	Cladonia macilenta KoLRI003786	species	phylum-Ascomycota|class-Lecanoromycetes|order-Lecanorales|family-Cladoniaceae|genus-Cladonia|species-Cladonia_macilenta	1353983	13114.uren.82.s012	Host-associated	Fungus	Fungus corpus	Fungus corpus (non-saline)				NA
ERR5003220	10548926	Bifiguratus adelaidae	species	phylum-Mucoromycota|class-Endogonomycetes|order-Endogonales|genus-Bifiguratus|species-Bifiguratus_adelaidae	1938954	13114.myrold.59.s022	Free-living	Non-saline	Soil (non-saline)	Soil (non-saline)	Mucoromycota	Bifiguratus	N	Mucoromycotina
ERR5003576	22607094	Saccharomyces cerevisiae S288C	species	phylum-Ascomycota|class-Saccharomycetes|order-Saccharomycetales|family-Saccharomycetaceae|genus-Saccharomyces|species-Saccharomyces_cerevisiae	559292	13114.angenent.65.s002	Host-associated	Animal	Animal proximal gut	Animal proximal gut (non-saline)				NA
ERR5004474	10403660	Ostreococcus lucimarinus CCE9901	species	phylum-Chlorophyta|class-Mamiellophyceae|order-Mamiellales|family-Bathycoccaceae|genus-Ostreococcus|species-Ostreococcus_sp._'lucimarinus'	436017	13114.king.27.s011	Free-living	Non-saline	Soil (non-saline)	Soil (non-saline)				NA
ERR5004713	24379378	Tetrahymena thermophila	species	phylum-Ciliophora|class-Oligohymenophorea|order-Hymenostomatida|family-Tetrahymenidae|genus-Tetrahymena|species-Tetrahymena_thermophila	5911	13114.palenik.42.s011	Free-living	Saline	Water (saline)	Water (saline)				NA
ERR5004713	24379378	Bathycoccus prasinos	species	phylum-Chlorophyta|class-Mamiellophyceae|order-Mamiellales|family-Bathycoccaceae|genus-Bathycoccus|species-Bathycoccus_prasinos	41875	13114.palenik.42.s011	Free-living	Saline	Water (saline)	Water (saline)				NA
ERR5004713	24379378	Ostreococcus lucimarinus CCE9901	species	phylum-Chlorophyta|class-Mamiellophyceae|order-Mamiellales|family-Bathycoccaceae|genus-Ostreococcus|species-Ostreococcus_sp._'lucimarinus'	436017	13114.palenik.42.s011	Free-living	Saline	Water (saline)	Water (saline)				NA
ERR5004713	24379378	Micromonas bravo	species	phylum-Chlorophyta|class-Mamiellophyceae|order-Mamiellales|family-Mamiellaceae|genus-Micromonas|species-Micromonas_bravo	296588	13114.palenik.42.s011	Free-living	Saline	Water (saline)	Water (saline)				NA
ERR5004713	24379378	Florenciella parvula	species	class-Dictyochophyceae|order-Florenciellales|genus-Florenciella|species-Florenciella_parvula	236787	13114.palenik.42.s011	Free-living	Saline	Water (saline)	Water (saline)				NA
ERR5004713	24379378	Aureococcus anophagefferens	species	class-Pelagophyceae|order-Pelagomonadales|genus-Aureococcus|species-Aureococcus_anophagefferens	44056	13114.palenik.42.s011	Free-living	Saline	Water (saline)	Water (saline)				NA
ERR5004713	24379378	Alexandrium tamarense	species	class-Dinophyceae|order-Gonyaulacales|family-Gonyaulacaceae|genus-Alexandrium|species-Alexandrium_tamarense	2926	13114.palenik.42.s011	Free-living	Saline	Water (saline)	Water (saline)				NA
ERR5004713	24379378	Pycnococcus provasolii	species	phylum-Chlorophyta|family-Pycnococcaceae|genus-Pycnococcus|species-Pycnococcus_provasolii	41880	13114.palenik.42.s011	Free-living	Saline	Water (saline)	Water (saline)				NA
ERR5001962	8885858	Leucoagaricus gongylophorus Ac12	species	phylum-Basidiomycota|class-Agaricomycetes|order-Agaricales|family-Agaricaceae|genus-Leucoagaricus|species-Leucoagaricus_gongylophorus	1258663	13114.pinto.63.s003	Host-associated	Plant	Plant corpus	Plant corpus (non-saline)	Basidiomycota	Leucoagaricus	N	Agaricomycotina
ERR5004993	14693420	Ostreococcus lucimarinus CCE9901	species	phylum-Chlorophyta|class-Mamiellophyceae|order-Mamiellales|family-Bathycoccaceae|genus-Ostreococcus|species-Ostreococcus_sp._'lucimarinus'	436017	13114.tait.77.s008	Free-living	Saline	Water (saline)	Water (saline)				NA
ERR5004993	14693420	Stramenopiles sp. TOSAG23-2	species	species-Stramenopiles_sp._TOSAG23-2	1735743	13114.tait.77.s008	Free-living	Saline	Water (saline)	Water (saline)				NA
ERR5004993	14693420	Bathycoccus prasinos	species	phylum-Chlorophyta|class-Mamiellophyceae|order-Mamiellales|family-Bathycoccaceae|genus-Bathycoccus|species-Bathycoccus_prasinos	41875	13114.tait.77.s008	Free-living	Saline	Water (saline)	Water (saline)				NA
ERR5004993	14693420	Stramenopiles sp. TOSAG23-3	species	species-Stramenopiles_sp._TOSAG23-3	1735745	13114.tait.77.s008	Free-living	Saline	Water (saline)	Water (saline)				NA
ERR5004993	14693420	Oikopleura dioica	species	phylum-Chordata|class-Appendicularia|order-Copelata|family-Oikopleuridae|genus-Oikopleura|species-Oikopleura_dioica	34765	13114.tait.77.s008	Free-living	Saline	Water (saline)	Water (saline)				NA
ERR5004993	14693420	Pseudo-nitzschia delicatissima	species	phylum-Bacillariophyta|class-Bacillariophyceae|order-Bacillariales|family-Bacillariaceae|genus-Pseudo-nitzschia|species-Pseudo-nitzschia_delicatissima	44447	13114.tait.77.s008	Free-living	Saline	Water (saline)	Water (saline)				NA
ERR5004993	14693420	Phaeocystis globosa	species	phylum-Haptista|class-Haptophyta|order-Phaeocystales|family-Phaeocystaceae|genus-Phaeocystis|species-Phaeocystis_globosa	33658	13114.tait.77.s008	Free-living	Saline	Water (saline)	Water (saline)				NA
ERR5004993	14693420	Fritillaria borealis	species	phylum-Chordata|class-Appendicularia|order-Copelata|family-Fritillariidae|genus-Fritillaria|species-Fritillaria_borealis	2507563	13114.tait.77.s008	Free-living	Saline	Water (saline)	Water (saline)				NA
ERR5003199	21436330	Hyaloscypha bicolor E	species	phylum-Ascomycota|class-Leotiomycetes|order-Helotiales|family-Hyaloscyphaceae|genus-Hyaloscypha|species-Hyaloscypha_bicolor	1095630	13114.myrold.5.s009	Free-living	Non-saline	Soil (non-saline)	Soil (non-saline)	Ascomycota	Hyaloscypha	N	Pezizomycotina
ERR5003199	21436330	Cenococcum geophilum 1.58	species	phylum-Ascomycota|class-Dothideomycetes|family-Gloniaceae|genus-Cenococcum|species-Cenococcum_geophilum	794803	13114.myrold.5.s009	Free-living	Non-saline	Soil (non-saline)	Soil (non-saline)	Ascomycota	Cenococcum	N	Pezizomycotina
ERR5001875	4248634	Ostreococcus lucimarinus CCE9901	species	phylum-Chlorophyta|class-Mamiellophyceae|order-Mamiellales|family-Bathycoccaceae|genus-Ostreococcus|species-Ostreococcus_sp._'lucimarinus'	436017	13114.mcmahon.21.s004	Free-living	Non-saline	Water (non-saline)	Water (non-saline)				NA
ERR5004180	372206	Pezoloma ericae	species	phylum-Ascomycota|class-Leotiomycetes|order-Helotiales|family-Leotiaceae|genus-Pezoloma|species-Pezoloma_ericae	1745343	13114.stegen.38.s008	Free-living	Non-saline	Soil (non-saline)	Soil (non-saline)	Ascomycota	Pezoloma	N	Pezizomycotina
ERR5004204	17996486	Stramenopiles sp. TOSAG23-2	species	species-Stramenopiles_sp._TOSAG23-2	1735743	13114.tait.77.s006	Free-living	Saline	Water (saline)	Water (saline)				NA
ERR5004204	17996486	Ostreococcus lucimarinus CCE9901	species	phylum-Chlorophyta|class-Mamiellophyceae|order-Mamiellales|family-Bathycoccaceae|genus-Ostreococcus|species-Ostreococcus_sp._'lucimarinus'	436017	13114.tait.77.s006	Free-living	Saline	Water (saline)	Water (saline)				NA
ERR5004204	17996486	Phaeocystis antarctica	species	phylum-Haptista|class-Haptophyta|order-Phaeocystales|family-Phaeocystaceae|genus-Phaeocystis|species-Phaeocystis_antarctica	33657	13114.tait.77.s006	Free-living	Saline	Water (saline)	Water (saline)				NA
ERR5004204	17996486	Phaeocystis globosa	species	phylum-Haptista|class-Haptophyta|order-Phaeocystales|family-Phaeocystaceae|genus-Phaeocystis|species-Phaeocystis_globosa	33658	13114.tait.77.s006	Free-living	Saline	Water (saline)	Water (saline)				NA
ERR5004204	17996486	Florenciella parvula	species	class-Dictyochophyceae|order-Florenciellales|genus-Florenciella|species-Florenciella_parvula	236787	13114.tait.77.s006	Free-living	Saline	Water (saline)	Water (saline)				NA
ERR5004204	17996486	Stramenopiles sp. TOSAG23-3	species	species-Stramenopiles_sp._TOSAG23-3	1735745	13114.tait.77.s006	Free-living	Saline	Water (saline)	Water (saline)				NA
ERR5004204	17996486	Bicosta minor	species	class-Choanoflagellata|order-Craspedida|family-Salpingoecidae|genus-Bicosta|species-Bicosta_minor	1864616	13114.tait.77.s006	Free-living	Saline	Water (saline)	Water (saline)				NA
ERR5004204	17996486	Bathycoccus prasinos	species	phylum-Chlorophyta|class-Mamiellophyceae|order-Mamiellales|family-Bathycoccaceae|genus-Bathycoccus|species-Bathycoccus_prasinos	41875	13114.tait.77.s006	Free-living	Saline	Water (saline)	Water (saline)				NA
ERR5004204	17996486	Pseudo-nitzschia delicatissima	species	phylum-Bacillariophyta|class-Bacillariophyceae|order-Bacillariales|family-Bacillariaceae|genus-Pseudo-nitzschia|species-Pseudo-nitzschia_delicatissima	44447	13114.tait.77.s006	Free-living	Saline	Water (saline)	Water (saline)				NA
ERR5004204	17996486	Oikopleura dioica	species	phylum-Chordata|class-Appendicularia|order-Copelata|family-Oikopleuridae|genus-Oikopleura|species-Oikopleura_dioica	34765	13114.tait.77.s006	Free-living	Saline	Water (saline)	Water (saline)				NA
ERR5004708	17443866	Bathycoccus prasinos	species	phylum-Chlorophyta|class-Mamiellophyceae|order-Mamiellales|family-Bathycoccaceae|genus-Bathycoccus|species-Bathycoccus_prasinos	41875	13114.palenik.42.s006	Free-living	Saline	Water (saline)	Water (saline)				NA
ERR5004708	17443866	Micromonas bravo	species	phylum-Chlorophyta|class-Mamiellophyceae|order-Mamiellales|family-Mamiellaceae|genus-Micromonas|species-Micromonas_bravo	296588	13114.palenik.42.s006	Free-living	Saline	Water (saline)	Water (saline)				NA
ERR5004708	17443866	Ostreococcus lucimarinus CCE9901	species	phylum-Chlorophyta|class-Mamiellophyceae|order-Mamiellales|family-Bathycoccaceae|genus-Ostreococcus|species-Ostreococcus_sp._'lucimarinus'	436017	13114.palenik.42.s006	Free-living	Saline	Water (saline)	Water (saline)				NA
ERR5004708	17443866	Tetrahymena thermophila	species	phylum-Ciliophora|class-Oligohymenophorea|order-Hymenostomatida|family-Tetrahymenidae|genus-Tetrahymena|species-Tetrahymena_thermophila	5911	13114.palenik.42.s006	Free-living	Saline	Water (saline)	Water (saline)				NA
ERR5004708	17443866	Florenciella parvula	species	class-Dictyochophyceae|order-Florenciellales|genus-Florenciella|species-Florenciella_parvula	236787	13114.palenik.42.s006	Free-living	Saline	Water (saline)	Water (saline)				NA
ERR5004708	17443866	Minutocellus polymorphus	species	phylum-Bacillariophyta|class-Mediophyceae|order-Cymatosirales|family-Cymatosiraceae|genus-Minutocellus|species-Minutocellus_polymorphus	265543	13114.palenik.42.s006	Free-living	Saline	Water (saline)	Water (saline)				NA
ERR5004708	17443866	Stramenopiles sp. TOSAG23-3	species	species-Stramenopiles_sp._TOSAG23-3	1735745	13114.palenik.42.s006	Free-living	Saline	Water (saline)	Water (saline)				NA
ERR5004708	17443866	Alexandrium tamarense	species	class-Dinophyceae|order-Gonyaulacales|family-Gonyaulacaceae|genus-Alexandrium|species-Alexandrium_tamarense	2926	13114.palenik.42.s006	Free-living	Saline	Water (saline)	Water (saline)				NA
ERR5004708	17443866	Chrysochromulina rotalis	species	phylum-Haptista|class-Haptophyta|order-Prymnesiales|family-Chrysochromulinaceae|genus-Chrysochromulina|species-Chrysochromulina_rotalis	412157	13114.palenik.42.s006	Free-living	Saline	Water (saline)	Water (saline)				NA
ERR5004708	17443866	Stramenopiles sp. TOSAG23-2	species	species-Stramenopiles_sp._TOSAG23-2	1735743	13114.palenik.42.s006	Free-living	Saline	Water (saline)	Water (saline)				NA
ERR5004708	17443866	Arcocellulus cornucervis	species	phylum-Bacillariophyta|class-Mediophyceae|order-Cymatosirales|family-Cymatosiraceae|genus-Arcocellulus|species-Arcocellulus_cornucervis	1155433	13114.palenik.42.s006	Free-living	Saline	Water (saline)	Water (saline)				NA
ERR5004708	17443866	Pyramimonas obovata	species	phylum-Chlorophyta|order-Pyramimonadales|family-Pyramimonadaceae|genus-Pyramimonas|species-Pyramimonas_obovata	1411642	13114.palenik.42.s006	Free-living	Saline	Water (saline)	Water (saline)				NA
ERR5004205	17013110	Ostreococcus lucimarinus CCE9901	species	phylum-Chlorophyta|class-Mamiellophyceae|order-Mamiellales|family-Bathycoccaceae|genus-Ostreococcus|species-Ostreococcus_sp._'lucimarinus'	436017	13114.tait.77.s007	Free-living	Saline	Water (saline)	Water (saline)				NA
ERR5004205	17013110	Fritillaria borealis	species	phylum-Chordata|class-Appendicularia|order-Copelata|family-Fritillariidae|genus-Fritillaria|species-Fritillaria_borealis	2507563	13114.tait.77.s007	Free-living	Saline	Water (saline)	Water (saline)				NA
ERR5004205	17013110	Bathycoccus prasinos	species	phylum-Chlorophyta|class-Mamiellophyceae|order-Mamiellales|family-Bathycoccaceae|genus-Bathycoccus|species-Bathycoccus_prasinos	41875	13114.tait.77.s007	Free-living	Saline	Water (saline)	Water (saline)				NA
ERR5004205	17013110	Thalassiosira oceanica	species	phylum-Bacillariophyta|class-Coscinodiscophyceae|order-Thalassiosirales|family-Thalassiosiraceae|genus-Thalassiosira|species-Thalassiosira_oceanica	159749	13114.tait.77.s007	Free-living	Saline	Water (saline)	Water (saline)				NA
ERR5004205	17013110	Oikopleura dioica	species	phylum-Chordata|class-Appendicularia|order-Copelata|family-Oikopleuridae|genus-Oikopleura|species-Oikopleura_dioica	34765	13114.tait.77.s007	Free-living	Saline	Water (saline)	Water (saline)				NA
ERR5004205	17013110	Oithona nana	species	phylum-Arthropoda|class-Hexanauplia|order-Cyclopoida|family-Oithonidae|genus-Oithona|species-Oithona_nana	136191	13114.tait.77.s007	Free-living	Saline	Water (saline)	Water (saline)				NA
ERR5004205	17013110	Leptocylindrus danicus	species	phylum-Bacillariophyta|class-Coscinodiscophyceae|order-Leptocylindrales|family-Leptocylindraceae|genus-Leptocylindrus|species-Leptocylindrus_danicus	163516	13114.tait.77.s007	Free-living	Saline	Water (saline)	Water (saline)				NA
ERR5003677	31839284	Pezoloma ericae	species	phylum-Ascomycota|class-Leotiomycetes|order-Helotiales|family-Leotiaceae|genus-Pezoloma|species-Pezoloma_ericae	1745343	13114.king.27.s001	Free-living	Non-saline	Soil (non-saline)	Soil (non-saline)	Ascomycota	Pezoloma	N	Pezizomycotina
ERR5003677	31839284	Neofusicoccum parvum UCRNP2	species	phylum-Ascomycota|class-Dothideomycetes|order-Botryosphaeriales|family-Botryosphaeriaceae|genus-Neofusicoccum|species-Neofusicoccum_parvum	1287680	13114.king.27.s001	Free-living	Non-saline	Soil (non-saline)	Soil (non-saline)	Ascomycota	Neofusicoccum	N	Pezizomycotina
ERR5004715	15150890	Bathycoccus prasinos	species	phylum-Chlorophyta|class-Mamiellophyceae|order-Mamiellales|family-Bathycoccaceae|genus-Bathycoccus|species-Bathycoccus_prasinos	41875	13114.palenik.42.s013	Free-living	Saline	Water (saline)	Water (saline)				NA
ERR5004715	15150890	Stramenopiles sp. TOSAG23-2	species	species-Stramenopiles_sp._TOSAG23-2	1735743	13114.palenik.42.s013	Free-living	Saline	Water (saline)	Water (saline)				NA
ERR5004715	15150890	Triparma laevis	species	class-Bolidophyceae|order-Parmales|family-Triparmaceae|genus-Triparma|species-Triparma_laevis	1534972	13114.palenik.42.s013	Free-living	Saline	Water (saline)	Water (saline)				NA
ERR5004715	15150890	Stramenopiles sp. TOSAG23-3	species	species-Stramenopiles_sp._TOSAG23-3	1735745	13114.palenik.42.s013	Free-living	Saline	Water (saline)	Water (saline)				NA
ERR5004715	15150890	Pelagomonas calceolata	species	class-Pelagophyceae|order-Pelagomonadales|genus-Pelagomonas|species-Pelagomonas_calceolata	35677	13114.palenik.42.s013	Free-living	Saline	Water (saline)	Water (saline)				NA
ERR5004715	15150890	Gephyrocapsa oceanica	species	phylum-Haptista|class-Haptophyta|order-Isochrysidales|family-Noelaerhabdaceae|genus-Gephyrocapsa|species-Gephyrocapsa_oceanica	38817	13114.palenik.42.s013	Free-living	Saline	Water (saline)	Water (saline)				NA
ERR5004715	15150890	Ostreococcus lucimarinus CCE9901	species	phylum-Chlorophyta|class-Mamiellophyceae|order-Mamiellales|family-Bathycoccaceae|genus-Ostreococcus|species-Ostreococcus_sp._'lucimarinus'	436017	13114.palenik.42.s013	Free-living	Saline	Water (saline)	Water (saline)				NA
ERR5001938	7826580	Hyaloscypha bicolor E	species	phylum-Ascomycota|class-Leotiomycetes|order-Helotiales|family-Hyaloscyphaceae|genus-Hyaloscypha|species-Hyaloscypha_bicolor	1095630	13114.myrold.59.s019	Free-living	Non-saline	Soil (non-saline)	Soil (non-saline)	Ascomycota	Hyaloscypha	N	Pezizomycotina
ERR5003782	151174046	Leucoagaricus gongylophorus Ac12	species	phylum-Basidiomycota|class-Agaricomycetes|order-Agaricales|family-Agaricaceae|genus-Leucoagaricus|species-Leucoagaricus_gongylophorus	1258663	13114.mousseau.88.s011	Host-associated	Animal	Animal distal gut	Animal distal gut (non-saline)	Basidiomycota	Leucoagaricus	N	Agaricomycotina
ERR5003782	151174046	Scedosporium boydii	species	phylum-Ascomycota|class-Sordariomycetes|order-Microascales|family-Microascaceae|genus-Scedosporium|species-Scedosporium_boydii	5597	13114.mousseau.88.s011	Host-associated	Animal	Animal distal gut	Animal distal gut (non-saline)	Ascomycota	Scedosporium	N	Pezizomycotina
ERR5003782	151174046	Wickerhamiella versatilis	species	phylum-Ascomycota|class-Saccharomycetes|order-Saccharomycetales|family-Trichomonascaceae|genus-Wickerhamiella|species-Wickerhamiella_versatilis	27304	13114.mousseau.88.s011	Host-associated	Animal	Animal distal gut	Animal distal gut (non-saline)	Ascomycota	Wickerhamiella	Y	Saccharomycotina
ERR5003782	151174046	Chloropicon roscoffensis	species	phylum-Chlorophyta|class-Chloropicophyceae|order-Chloropicales|family-Chloropicaceae|genus-Chloropicon|species-Chloropicon_roscoffensis	1461544	13114.mousseau.88.s011	Host-associated	Animal	Animal distal gut	Animal distal gut (non-saline)				NA
ERR5004745	17041182	Wickerhamiella versatilis	species	phylum-Ascomycota|class-Saccharomycetes|order-Saccharomycetales|family-Trichomonascaceae|genus-Wickerhamiella|species-Wickerhamiella_versatilis	27304	13114.pinto.63.s024	Host-associated	Plant	Plant corpus	Plant corpus (non-saline)	Ascomycota	Wickerhamiella	Y	Saccharomycotina
ERR5004745	17041182	Penicillium citrinum	species	phylum-Ascomycota|class-Eurotiomycetes|order-Eurotiales|family-Aspergillaceae|genus-Penicillium|species-Penicillium_citrinum	5077	13114.pinto.63.s024	Host-associated	Plant	Plant corpus	Plant corpus (non-saline)				NA
ERR5004745	17041182	Aspergillus versicolor CBS 583.65	species	phylum-Ascomycota|class-Eurotiomycetes|order-Eurotiales|family-Aspergillaceae|genus-Aspergillus|species-Aspergillus_versicolor	1036611	13114.pinto.63.s024	Host-associated	Plant	Plant corpus	Plant corpus (non-saline)				NA
ERR5004745	17041182	Mycosphaerella populi pn0402	species	phylum-Ascomycota|class-Dothideomycetes|order-Capnodiales|family-Mycosphaerellaceae|genus-Mycosphaerella|species-Mycosphaerella_populi	1367537	13114.pinto.63.s024	Host-associated	Plant	Plant corpus	Plant corpus (non-saline)				NA
ERR5004745	17041182	Kodamaea ohmeri	species	phylum-Ascomycota|class-Saccharomycetes|order-Saccharomycetales|family-Metschnikowiaceae|genus-Kodamaea|species-Kodamaea_ohmeri	34356	13114.pinto.63.s024	Host-associated	Plant	Plant corpus	Plant corpus (non-saline)				NA
ERR5004745	17041182	Byssochlamys sp. BYSS01	species	phylum-Ascomycota|class-Eurotiomycetes|order-Eurotiales|family-Thermoascaceae|genus-Byssochlamys|species-Byssochlamys_sp._BYSS01	2059436	13114.pinto.63.s024	Host-associated	Plant	Plant corpus	Plant corpus (non-saline)	Ascomycota	Byssochlamys	N	Pezizomycotina
ERR5004968	16087418	Chalara longipes BDJ	species	phylum-Ascomycota|class-Leotiomycetes|order-Helotiales|genus-Chalara|species-Chalara_longipes	1379296	13114.stegen.38.s009	Free-living	Non-saline	Soil (non-saline)	Soil (non-saline)				NA
ERR5004968	16087418	Hyaloscypha variabilis F	species	phylum-Ascomycota|class-Leotiomycetes|order-Helotiales|family-Hyaloscyphaceae|genus-Hyaloscypha|species-Hyaloscypha_variabilis	1149755	13114.stegen.38.s009	Free-living	Non-saline	Soil (non-saline)	Soil (non-saline)				NA
ERR5004968	16087418	Pezoloma ericae	species	phylum-Ascomycota|class-Leotiomycetes|order-Helotiales|family-Leotiaceae|genus-Pezoloma|species-Pezoloma_ericae	1745343	13114.stegen.38.s009	Free-living	Non-saline	Soil (non-saline)	Soil (non-saline)	Ascomycota	Pezoloma	N	Pezizomycotina
ERR5004968	16087418	Oidiodendron maius Zn	species	phylum-Ascomycota|class-Leotiomycetes|family-Myxotrichaceae|genus-Oidiodendron|species-Oidiodendron_maius	913774	13114.stegen.38.s009	Free-living	Non-saline	Soil (non-saline)	Soil (non-saline)				NA
ERR5005024	10990278	Chloropicon roscoffensis	species	phylum-Chlorophyta|class-Chloropicophyceae|order-Chloropicales|family-Chloropicaceae|genus-Chloropicon|species-Chloropicon_roscoffensis	1461544	13114.thomas.18.s036	Host-associated	Animal	Animal corpus	Animal corpus (saline)				NA
ERR5003010	4144210	Saccharomyces cerevisiae S288C	species	phylum-Ascomycota|class-Saccharomycetes|order-Saccharomycetales|family-Saccharomycetaceae|genus-Saccharomyces|species-Saccharomyces_cerevisiae	559292	13114.angenent.65.s008	Host-associated	Animal	Animal proximal gut	Animal proximal gut (non-saline)	Ascomycota	Saccharomyces	Y	Saccharomycotina
ERR5001821	1886002					13114.jensen.43.s014	Free-living	Saline	Sediment (saline)	Sediment (saline)				NA
ERR5001761	5807606					13114.bittleston.68.s010	Host-associated	Plant	Plant surface	Plant surface (non-saline)				NA
ERR5001874	5875872					13114.mcmahon.21.s003	Free-living	Non-saline	Water (non-saline)	Water (non-saline)				NA
ERR5001887	3027698					13114.mcmahon.21.s016	Free-living	Non-saline	Water (non-saline)	Water (non-saline)				NA
ERR5001886	5317150					13114.mcmahon.21.s015	Free-living	Non-saline	Water (non-saline)	Water (non-saline)				NA
ERR5001832	14220040					13114.king.27.s008	Free-living	Non-saline	Soil (non-saline)	Soil (non-saline)				NA
ERR5001823	18685370					13114.jensen.43.s016	Free-living	Saline	Sediment (saline)	Sediment (saline)				NA
ERR5001810	20898594					13114.jensen.43.s003	Free-living	Saline	Sediment (saline)	Sediment (saline)				NA
ERR5001778	23612144					13114.bowen.74.s013	Free-living	Saline	Sediment (saline)	Sediment (saline)				NA
ERR5001989	2009072					13114.rohwer.84.s003	Free-living	Non-saline	Soil (non-saline)	Soil (non-saline)				NA
ERR5001861	25189284					13114.mayer.33.s007	Free-living	Non-saline	Sediment (non-saline)	Sediment (non-saline)				NA
ERR5001987	6608944					13114.rohwer.84.s001	Free-living	Non-saline	Soil (non-saline)	Soil (non-saline)				NA
ERR5001915	14181796					13114.myrold.5.s004	Free-living	Non-saline	Soil (non-saline)	Soil (non-saline)				NA
ERR5002021	11003848					13114.roy.chowdhury.45.s015	Free-living	Non-saline	Soil (non-saline)	Soil (saline)				NA
ERR5001992	15173400					13114.rohwer.84.s006	Free-living	Non-saline	Soil (non-saline)	Soil (non-saline)				NA
ERR5002013	21133670					13114.rohwer.86.s001	Free-living	Saline	Surface (saline)	Surface (saline)				NA
ERR5001991	22751892					13114.rohwer.84.s005	Free-living	Non-saline	Soil (non-saline)	Soil (non-saline)				NA
ERR5002194	4965640					13114.thomas.18.s017	Host-associated	Animal	Animal corpus	Animal corpus (saline)				NA
ERR5002030	18712218					13114.sandin.54.s009	Host-associated	Animal	Animal proximal gut	Animal proximal gut (saline)				NA
ERR5002195	5162644					13114.thomas.18.s018	Host-associated	Animal	Animal corpus	Animal corpus (saline)				NA
ERR5002215	3994260					13114.thomas.19.s014	Host-associated	Plant	Plant surface	Plant surface (saline)				NA
ERR5002032	18671798					13114.sandin.54.s011	Host-associated	Animal	Animal proximal gut	Animal proximal gut (saline)				NA
ERR5002221	3246922					13114.thomas.19.s021	Host-associated	Plant	Plant surface	Plant surface (saline)				NA
ERR5002217	4321606					13114.thomas.19.s017	Host-associated	Plant	Plant surface	Plant surface (saline)				NA
ERR5002225	4075294					13114.thomas.19.s025	Host-associated	Plant	Plant surface	Plant surface (saline)				NA
ERR5002218	5156400					13114.thomas.19.s018	Host-associated	Plant	Plant surface	Plant surface (saline)				NA
ERR5002208	7128680					13114.thomas.19.s002	Host-associated	Plant	Plant surface	Plant surface (saline)				NA
ERR5002197	9995682					13114.thomas.18.s020	Host-associated	Animal	Animal corpus	Animal corpus (saline)				NA
ERR5002084	30827864					13114.song.51.s010	Host-associated	Animal	Animal distal gut	Animal distal gut (non-saline)				NA
ERR5003043	5042178					13114.bittleston.68.s014	Host-associated	Plant	Plant surface	Plant surface (non-saline)				NA
ERR5003014	18594710					13114.berry.2.s003	Free-living	Non-saline	Sediment (non-saline)	Sediment (non-saline)				NA
ERR5003037	16786652					13114.bittleston.68.s006	Host-associated	Plant	Plant surface	Plant surface (non-saline)				NA
ERR5003091	2493564					13114.jensen.43.s005	Free-living	Saline	Sediment (saline)	Sediment (saline)				NA
ERR5003012	21406882					13114.berry.2.s001	Free-living	Non-saline	Sediment (non-saline)	Sediment (non-saline)				NA
ERR5003050	18865838					13114.bowen.74.s006	Free-living	Saline	Sediment (saline)	Sediment (saline)				NA
ERR5003112	5596244					13114.king.27.s009	Free-living	Non-saline	Soil (non-saline)	Soil (non-saline)				NA
ERR5003087	12962990					13114.jensen.43.s001	Free-living	Saline	Sediment (saline)	Sediment (saline)				NA
ERR5003101	17058966					13114.jensen.43.s015	Free-living	Saline	Sediment (saline)	Sediment (saline)				NA
ERR5003119	15974958					13114.king.27.s016	Free-living	Non-saline	Soil (non-saline)	Soil (non-saline)				NA
ERR5003116	18881676					13114.king.27.s013	Free-living	Non-saline	Soil (non-saline)	Soil (non-saline)				NA
ERR5003126	16026964					13114.macrae.crerar.3.s005	Free-living	Non-saline	Soil (non-saline)	Soil (non-saline)				NA
ERR5003125	22964122					13114.macrae.crerar.3.s004	Free-living	Non-saline	Soil (non-saline)	Soil (non-saline)				NA
ERR5003132	18158642					13114.macrae.crerar.3.s012	Free-living	Non-saline	Soil (non-saline)	Soil (non-saline)				NA
ERR5003151	3394082					13114.mcmahon.21.s001	Free-living	Non-saline	Water (non-saline)	Water (non-saline)				NA
ERR5003152	4337854					13114.mcmahon.21.s002	Free-living	Non-saline	Water (non-saline)	Water (non-saline)				NA
ERR5003144	12023314					13114.mayer.34.s004	Free-living	Non-saline	Sediment (non-saline)	Sediment (non-saline)				NA
ERR5003156	2976416					13114.mcmahon.21.s006	Free-living	Non-saline	Water (non-saline)	Water (non-saline)				NA
ERR5003133	16273326					13114.makhalanyane.46.s010	Free-living	Non-saline	Soil (non-saline)	Soil (non-saline)				NA
ERR5003155	5045316					13114.mcmahon.21.s005	Free-living	Non-saline	Water (non-saline)	Water (non-saline)				NA
ERR5003079	45668360					13114.girguis.50.s005	Host-associated	Animal	Animal distal gut	Animal distal gut (saline)				NA
ERR5003162	2367226					13114.mcmahon.21.s012	Free-living	Non-saline	Water (non-saline)	Water (non-saline)				NA
ERR5003157	5000662					13114.mcmahon.21.s007	Free-living	Non-saline	Water (non-saline)	Water (non-saline)				NA
ERR5003163	4466818					13114.mcmahon.21.s013	Free-living	Non-saline	Water (non-saline)	Water (non-saline)				NA
ERR5003164	4230240					13114.mcmahon.21.s014	Free-living	Non-saline	Water (non-saline)	Water (non-saline)				NA
ERR5003167	4714442					13114.mcmahon.21.s017	Free-living	Non-saline	Water (non-saline)	Water (non-saline)				NA
ERR5003161	8994320					13114.mcmahon.21.s011	Free-living	Non-saline	Water (non-saline)	Water (non-saline)				NA
ERR5003169	17504588					13114.metcalf.40.s002	Free-living	Non-saline	Soil (non-saline)	Soil (non-saline)				NA
ERR5003207	13428290					13114.myrold.59.s005	Free-living	Non-saline	Soil (non-saline)	Soil (non-saline)				NA
ERR5003258	3260880					13114.pinto.63.s021	Host-associated	Plant	Plant corpus	Plant corpus (non-saline)				NA
ERR5003274	1314976					13114.rohwer.84.s014	Free-living	Non-saline	Water (non-saline)	Water (non-saline)				NA
ERR5003269	4622066					13114.rohwer.84.s004	Free-living	Non-saline	Soil (non-saline)	Soil (non-saline)				NA
ERR5003298	1928612					13114.roy.chowdhury.45.s010	Free-living	Non-saline	Soil (non-saline)	Soil (saline)				NA
ERR5003275	7838856					13114.rohwer.85.s001	Free-living	Saline	Sediment (saline)	Sediment (saline)				NA
ERR5002135	141443184					13114.stegen.36.s010	Free-living	Non-saline	Soil (non-saline)	Soil (non-saline)				NA
ERR5003301	13521414					13114.roy.chowdhury.45.s016	Free-living	Non-saline	Soil (non-saline)	Soil (saline)				NA
ERR5003328	13542234					13114.seedorf.71.s001	Free-living	Non-saline	Soil (non-saline)	Soil (non-saline)				NA
ERR5003286	20605622					13114.rohwer.85.s019	Free-living	Saline	Sediment (saline)	Sediment (saline)				NA
ERR5003353	1923314					13114.smith.39.s006	Host-associated	Plant	Plant surface	Plant surface (saline)				NA
ERR5003348	5639128					13114.smith.39.s001	Host-associated	Plant	Plant surface	Plant surface (saline)				NA
ERR5003306	27756388					13114.sandin.54.s004	Host-associated	Animal	Animal proximal gut	Animal proximal gut (saline)				NA
ERR5003336	21856984					13114.seedorf.71.s011	Free-living	Non-saline	Soil (non-saline)	Soil (non-saline)				NA
ERR5003408	3446194					13114.stegen.36.s003	Free-living	Non-saline	Soil (non-saline)	Soil (non-saline)				NA
ERR5003411	9914708					13114.stegen.36.s007	Free-living	Non-saline	Soil (non-saline)	Soil (non-saline)				NA
ERR5003441	3794358					13114.stewart.26.s005	Free-living	Saline	Water (saline)	Water (saline)				NA
ERR5003442	3934488					13114.stewart.26.s006	Free-living	Saline	Water (saline)	Water (saline)				NA
ERR5003417	14393346					13114.stegen.36.s013	Free-living	Non-saline	Soil (non-saline)	Soil (non-saline)				NA
ERR5003376	41732186					13114.song.52.s003	Host-associated	Animal	Animal distal gut	Animal distal gut (non-saline)				NA
ERR5003380	41763760					13114.song.52.s007	Host-associated	Animal	Animal distal gut	Animal distal gut (non-saline)				NA
ERR5003382	41411170					13114.song.52.s009	Host-associated	Animal	Animal distal gut	Animal distal gut (non-saline)				NA
ERR5003460	5243684					13114.thomas.18.s004	Host-associated	Animal	Animal corpus	Animal corpus (saline)				NA
ERR5003462	4164988					13114.thomas.18.s006	Host-associated	Animal	Animal corpus	Animal corpus (saline)				NA
ERR5003461	6080374					13114.thomas.18.s005	Host-associated	Animal	Animal corpus	Animal corpus (saline)				NA
ERR5003463	6648462					13114.thomas.18.s007	Host-associated	Animal	Animal corpus	Animal corpus (saline)				NA
ERR5003483	2736236					13114.thomas.18.s027	Host-associated	Animal	Animal corpus	Animal corpus (saline)				NA
ERR5003467	5302460					13114.thomas.18.s011	Host-associated	Animal	Animal corpus	Animal corpus (saline)				NA
ERR5003478	4964602					13114.thomas.18.s022	Host-associated	Animal	Animal corpus	Animal corpus (saline)				NA
ERR5003389	41016756					13114.song.53.s001	Host-associated	Animal	Animal distal gut	Animal distal gut (non-saline)				NA
ERR5003488	3592336					13114.thomas.19.s003	Host-associated	Plant	Plant surface	Plant surface (saline)				NA
ERR5003489	4312076					13114.thomas.19.s004	Host-associated	Plant	Plant surface	Plant surface (saline)				NA
ERR5003490	4565636					13114.thomas.19.s007	Host-associated	Plant	Plant surface	Plant surface (saline)				NA
ERR5003491	6687702					13114.thomas.19.s008	Host-associated	Plant	Plant surface	Plant surface (saline)				NA
ERR5003493	5344968					13114.thomas.19.s010	Host-associated	Plant	Plant surface	Plant surface (saline)				NA
ERR5003502	4781262					13114.thomas.19.s023	Host-associated	Plant	Plant surface	Plant surface (saline)				NA
ERR5003561	4					13114.BLANK1.1C	Control	Negative	Sterile water blank	Sterile water blank				NA
ERR5003563	212					13114.BLANK2.2A	Control	Negative	Sterile water blank	Sterile water blank				NA
ERR5003568	22					13114.BLANK3.3B	Control	Negative	Sterile water blank	Sterile water blank				NA
ERR5003569	50					13114.BLANK3.3C	Control	Negative	Sterile water blank	Sterile water blank				NA
ERR5003573	88					13114.BLANK4.3C	Control	Negative	Sterile water blank	Sterile water blank				NA
ERR5003574	238					13114.BLANK4.3D	Control	Negative	Sterile water blank	Sterile water blank				NA
ERR5003498	6271614					13114.thomas.19.s019	Host-associated	Plant	Plant surface	Plant surface (saline)				NA
ERR5003505	4846662					13114.thomas.19.s026	Host-associated	Plant	Plant surface	Plant surface (saline)				NA
ERR5003503	5793454					13114.thomas.19.s024	Host-associated	Plant	Plant surface	Plant surface (saline)				NA
ERR5003495	8344768					13114.thomas.19.s015	Host-associated	Plant	Plant surface	Plant surface (saline)				NA
ERR5003585	16431896					13114.berry.2.s006	Free-living	Non-saline	Sediment (non-saline)	Sediment (non-saline)				NA
ERR5003528	19190030					13114.zaneveld.9.s003	Host-associated	Animal	Animal secretion	Animal secretion (saline)				NA
ERR5003515	23993374					13114.tucker.58.s016	Free-living	Non-saline	Water (non-saline)	Water (non-saline)				NA
ERR5003600	5637018					13114.bittleston.68.s001	Host-associated	Plant	Plant surface	Plant surface (non-saline)				NA
ERR5003596	14324750					13114.berry.2.s017	Free-living	Non-saline	Sediment (non-saline)	Sediment (non-saline)				NA
ERR5003614	2143214					13114.bittleston.68.s015	Host-associated	Plant	Plant surface	Plant surface (non-saline)				NA
ERR5003611	4804516					13114.bittleston.68.s012	Host-associated	Plant	Plant surface	Plant surface (non-saline)				NA
ERR5003595	20730642					13114.berry.2.s016	Free-living	Non-saline	Sediment (non-saline)	Sediment (non-saline)				NA
ERR5003598	12549480					13114.berry.2.s019	Free-living	Non-saline	Sediment (non-saline)	Sediment (non-saline)				NA
ERR5003592	25438624					13114.berry.2.s013	Free-living	Non-saline	Sediment (non-saline)	Sediment (non-saline)				NA
ERR5003659	941944					13114.jensen.43.s002	Free-living	Saline	Sediment (saline)	Sediment (saline)				NA
ERR5003587	27625858					13114.berry.2.s008	Free-living	Non-saline	Sediment (non-saline)	Sediment (non-saline)				NA
ERR5003604	18365436					13114.bittleston.68.s005	Host-associated	Plant	Plant surface	Plant surface (non-saline)				NA
ERR5003607	17844580					13114.bittleston.68.s008	Host-associated	Plant	Plant surface	Plant surface (non-saline)				NA
ERR5003665	1574594					13114.jensen.43.s008	Free-living	Saline	Sediment (saline)	Sediment (saline)				NA
ERR5003661	12381348					13114.jensen.43.s004	Free-living	Saline	Sediment (saline)	Sediment (saline)				NA
ERR5003635	17116310					13114.distel.72.s005	Host-associated	Animal	Animal corpus	Animal corpus (saline)				NA
ERR5003664	14721568					13114.jensen.43.s007	Free-living	Saline	Sediment (saline)	Sediment (saline)				NA
ERR5003666	10140742					13114.jensen.43.s009	Free-living	Saline	Sediment (saline)	Sediment (saline)				NA
ERR5003641	22707816					13114.distel.72.s011	Host-associated	Animal	Animal proximal gut	Animal proximal gut (saline)				NA
ERR5003674	8183722					13114.jensen.43.s017	Free-living	Saline	Sediment (saline)	Sediment (saline)				NA
ERR5003693	898					13114.king.27.s017	Free-living	Non-saline	Soil (non-saline)	Soil (non-saline)				NA
ERR5003697	70					13114.king.27.s021	Free-living	Non-saline	Soil (non-saline)	Soil (non-saline)				NA
ERR5003694	4541220					13114.king.27.s018	Free-living	Non-saline	Soil (non-saline)	Soil (non-saline)				NA
ERR5003667	22466786					13114.jensen.43.s010	Free-living	Saline	Sediment (saline)	Sediment (saline)				NA
ERR5003705	4508926					13114.macrae.crerar.3.s008	Free-living	Non-saline	Soil (non-saline)	Soil (non-saline)				NA
ERR5003711	750					13114.makhalanyane.46.s002	Free-living	Non-saline	Soil (non-saline)	Soil (non-saline)				NA
ERR5003714	207812					13114.makhalanyane.46.s005	Free-living	Non-saline	Soil (non-saline)	Soil (non-saline)				NA
ERR5003718	155732					13114.makhalanyane.46.s009	Free-living	Non-saline	Soil (non-saline)	Soil (non-saline)				NA
ERR5003720	3654					13114.makhalanyane.47.s001	Free-living	Non-saline	Soil (non-saline)	Soil (non-saline)				NA
ERR5003723	366					13114.makhalanyane.47.s004	Free-living	Non-saline	Soil (non-saline)	Soil (non-saline)				NA
ERR5003727	890					13114.makhalanyane.47.s008	Free-living	Non-saline	Soil (non-saline)	Soil (non-saline)				NA
ERR5003668	23131672					13114.jensen.43.s011	Free-living	Saline	Sediment (saline)	Sediment (saline)				NA
ERR5003653	37244198					13114.girguis.50.s008	Host-associated	Animal	Animal distal gut	Animal distal gut (saline)				NA
ERR5003703	10465424					13114.macrae.crerar.3.s006	Free-living	Non-saline	Soil (non-saline)	Soil (non-saline)				NA
ERR5003699	14304614					13114.macrae.crerar.3.s002	Free-living	Non-saline	Soil (non-saline)	Soil (non-saline)				NA
ERR5003707	4907550					13114.macrae.crerar.3.s010	Free-living	Non-saline	Soil (non-saline)	Soil (non-saline)				NA
ERR5003696	18802102					13114.king.27.s020	Free-living	Non-saline	Soil (non-saline)	Soil (non-saline)				NA
ERR5003752	10128042					13114.metcalf.40.s004	Free-living	Non-saline	Soil (non-saline)	Soil (non-saline)				NA
ERR5003732	22197846					13114.mayer.33.s004	Free-living	Non-saline	Sediment (non-saline)	Sediment (non-saline)				NA
ERR5003743	21665692					13114.mayer.34.s008	Free-living	Non-saline	Sediment (non-saline)	Sediment (non-saline)				NA
ERR5003758	21326452					13114.metcalf.40.s010	Free-living	Non-saline	Soil (non-saline)	Soil (non-saline)				NA
ERR5003757	22194584					13114.metcalf.40.s009	Free-living	Non-saline	Soil (non-saline)	Soil (non-saline)				NA
ERR5003747	28650678					13114.mcmahon.21.s009	Free-living	Non-saline	Water (non-saline)	Water (non-saline)				NA
ERR5003818	581294					13114.mousseau.88.s048	Host-associated	Animal	Animal distal gut	Animal distal gut (non-saline)				NA
ERR5003807	6216332					13114.mousseau.88.s036	Host-associated	Animal	Animal distal gut	Animal distal gut (non-saline)				NA
ERR5003819	14911492					13114.mousseau.88.s049	Host-associated	Animal	Animal distal gut	Animal distal gut (non-saline)				NA
ERR5003836	158298					13114.mousseau.88.s067	Host-associated	Animal	Animal distal gut	Animal distal gut (non-saline)				NA
ERR5003816	16885242					13114.mousseau.88.s046	Host-associated	Animal	Animal distal gut	Animal distal gut (non-saline)				NA
ERR5003823	14765916					13114.mousseau.88.s053	Host-associated	Animal	Animal distal gut	Animal distal gut (non-saline)				NA
ERR5003825	15534702					13114.mousseau.88.s055	Host-associated	Animal	Animal distal gut	Animal distal gut (non-saline)				NA
ERR5003835	8725194					13114.mousseau.88.s066	Host-associated	Animal	Animal distal gut	Animal distal gut (non-saline)				NA
ERR5003854	3204152					13114.mousseau.88.s085	Host-associated	Animal	Animal distal gut	Animal distal gut (non-saline)				NA
ERR5003828	17708506					13114.mousseau.88.s058	Host-associated	Animal	Animal distal gut	Animal distal gut (non-saline)				NA
ERR5003801	30810488					13114.mousseau.88.s030	Host-associated	Animal	Animal distal gut	Animal distal gut (non-saline)				NA
ERR5003873	11397892					13114.mousseau.88.s104	Host-associated	Animal	Animal distal gut	Animal distal gut (non-saline)				NA
ERR5003905	3342					13114.myrold.59.s012	Free-living	Non-saline	Soil (non-saline)	Soil (non-saline)				NA
ERR5003855	16208164					13114.mousseau.88.s086	Host-associated	Animal	Animal distal gut	Animal distal gut (non-saline)				NA
ERR5003882	19329976					13114.myrold.5.s001	Free-living	Non-saline	Soil (non-saline)	Soil (non-saline)				NA
ERR5003929	542286					13114.palenik.42.s014	Free-living	Saline	Water (saline)	Water (saline)				NA
ERR5003893	15461678					13114.myrold.5.s012	Free-living	Non-saline	Soil (non-saline)	Soil (non-saline)				NA
ERR5003886	35170344					13114.myrold.5.s005	Free-living	Non-saline	Soil (non-saline)	Soil (non-saline)				NA
ERR5003975	92					13114.rohwer.85.s009	Free-living	Saline	Sediment (saline)	Sediment (saline)				NA
ERR5003976	129158					13114.rohwer.85.s010	Free-living	Saline	Sediment (saline)	Sediment (saline)				NA
ERR5003997	155428					13114.roy.chowdhury.45.s001	Free-living	Non-saline	Soil (non-saline)	Soil (saline)				NA
ERR5003998	13358					13114.roy.chowdhury.45.s002	Free-living	Non-saline	Soil (non-saline)	Soil (saline)				NA
ERR5003999	18118					13114.roy.chowdhury.45.s003	Free-living	Non-saline	Soil (non-saline)	Soil (saline)				NA
ERR5004001	3746					13114.roy.chowdhury.45.s005	Free-living	Non-saline	Soil (non-saline)	Soil (saline)				NA
ERR5004007	591374					13114.roy.chowdhury.45.s011	Free-living	Non-saline	Soil (non-saline)	Soil (saline)				NA
ERR5004014	26422					13114.roy.chowdhury.45.s018	Free-living	Non-saline	Soil (non-saline)	Soil (saline)				NA
ERR5004021	126006					13114.sandin.54.s001	Host-associated	Animal	Animal proximal gut	Animal proximal gut (saline)				NA
ERR5004022	139938					13114.sandin.54.s002	Host-associated	Animal	Animal proximal gut	Animal proximal gut (saline)				NA
ERR5004025	604754					13114.sandin.54.s005	Host-associated	Animal	Animal proximal gut	Animal proximal gut (saline)				NA
ERR5004002	14358292					13114.roy.chowdhury.45.s006	Free-living	Non-saline	Soil (non-saline)	Soil (saline)				NA
ERR5004017	7684548					13114.roy.chowdhury.45.s021	Free-living	Non-saline	Soil (non-saline)	Soil (saline)				NA
ERR5004040	22018					13114.schmidt.56.s005	Free-living	Non-saline	Soil (non-saline)	Soil (non-saline)				NA
ERR5004045	2944					13114.schmidt.56.s010	Free-living	Non-saline	Soil (non-saline)	Soil (non-saline)				NA
ERR5004046	14038					13114.schmidt.56.s011	Free-living	Non-saline	Soil (non-saline)	Soil (non-saline)				NA
ERR5003965	20381844					13114.rohwer.84.s007	Free-living	Non-saline	Soil (non-saline)	Soil (non-saline)				NA
ERR5004037	1016430					13114.schmidt.56.s002	Free-living	Non-saline	Soil (non-saline)	Soil (non-saline)				NA
ERR5004051	7376					13114.schmidt.56.s016	Free-living	Non-saline	Soil (non-saline)	Soil (non-saline)				NA
ERR5004054	22666					13114.schmidt.56.s019	Free-living	Non-saline	Soil (non-saline)	Soil (non-saline)				NA
ERR5004027	5034502					13114.sandin.54.s007	Host-associated	Animal	Animal proximal gut	Animal proximal gut (saline)				NA
ERR5004016	16204852					13114.roy.chowdhury.45.s020	Free-living	Non-saline	Soil (non-saline)	Soil (saline)				NA
ERR5004030	17071184					13114.sandin.54.s010	Host-associated	Animal	Animal proximal gut	Animal proximal gut (saline)				NA
ERR5004069	213564					13114.seedorf.71.s008	Free-living	Non-saline	Soil (non-saline)	Soil (non-saline)				NA
ERR5004047	14047906					13114.schmidt.56.s012	Free-living	Non-saline	Soil (non-saline)	Soil (non-saline)				NA
ERR5004076	318730					13114.shade.23.s001	Free-living	Non-saline	Soil (non-saline)	Soil (non-saline)				NA
ERR5004049	15487226					13114.schmidt.56.s014	Free-living	Non-saline	Soil (non-saline)	Soil (non-saline)				NA
ERR5004059	18751984					13114.schmidt.56.s024	Free-living	Non-saline	Soil (non-saline)	Soil (non-saline)				NA
ERR5004089	846234					13114.smith.39.s004	Host-associated	Plant	Plant surface	Plant surface (saline)				NA
ERR5004068	13725482					13114.seedorf.71.s007	Free-living	Non-saline	Soil (non-saline)	Soil (non-saline)				NA
ERR5004093	401574					13114.smith.39.s008	Host-associated	Plant	Plant surface	Plant surface (saline)				NA
ERR5004087	4910318					13114.smith.39.s002	Host-associated	Plant	Plant surface	Plant surface (saline)				NA
ERR5004105	36140640					13114.song.51.s012	Host-associated	Animal	Animal distal gut	Animal distal gut (non-saline)				NA
ERR5004152	45940					13114.stegen.36.s005	Free-living	Non-saline	Soil (non-saline)	Soil (non-saline)				NA
ERR5004118	35372506					13114.song.52.s005	Host-associated	Animal	Animal distal gut	Animal distal gut (non-saline)				NA
ERR5004137	16774274					13114.song.53.s009	Host-associated	Animal	Animal distal gut	Animal distal gut (non-saline)				NA
ERR5004167	3222					13114.stegen.37.s005	Free-living	Non-saline	Sediment (non-saline)	Sediment (non-saline)				NA
ERR5004162	9716910					13114.stegen.36.s015	Free-living	Non-saline	Soil (non-saline)	Soil (non-saline)				NA
ERR5004155	17208800					13114.stegen.36.s008	Free-living	Non-saline	Soil (non-saline)	Soil (non-saline)				NA
ERR5003787	178639060					13114.mousseau.88.s016	Host-associated	Animal	Animal distal gut	Animal distal gut (non-saline)				NA
ERR5004159	20724106					13114.stegen.36.s012	Free-living	Non-saline	Soil (non-saline)	Soil (non-saline)				NA
ERR5004193	1325160					13114.stewart.26.s003	Free-living	Saline	Water (saline)	Water (saline)				NA
ERR5004213	14677948					13114.thomas.18.s003	Host-associated	Animal	Animal corpus	Animal corpus (saline)				NA
ERR5004233	452					13114.thomas.18.s032	Host-associated	Animal	Animal corpus	Animal corpus (saline)				NA
ERR5004223	14887102					13114.thomas.18.s019	Host-associated	Animal	Animal corpus	Animal corpus (saline)				NA
ERR5004235	358					13114.thomas.18.s034	Host-associated	Animal	Animal corpus	Animal corpus (saline)				NA
ERR5004143	77065632					13114.song.53.s015	Host-associated	Animal	Animal distal gut	Animal distal gut (non-saline)				NA
ERR5004243	30					13114.thomas.18.s042	Host-associated	Animal	Animal corpus	Animal corpus (saline)				NA
ERR5004212	30497398					13114.thomas.18.s002	Host-associated	Animal	Animal corpus	Animal corpus (saline)				NA
ERR5004221	21036742					13114.thomas.18.s015	Host-associated	Animal	Animal corpus	Animal corpus (saline)				NA
ERR5004219	25942770					13114.thomas.18.s013	Host-associated	Animal	Animal corpus	Animal corpus (saline)				NA
ERR5004234	12329828					13114.thomas.18.s033	Host-associated	Animal	Animal corpus	Animal corpus (saline)				NA
ERR5004252	5111260					13114.thomas.18.s051	Host-associated	Animal	Animal corpus	Animal corpus (saline)				NA
ERR5004251	8203814					13114.thomas.18.s050	Host-associated	Animal	Animal corpus	Animal corpus (saline)				NA
ERR5004241	14360072					13114.thomas.18.s040	Host-associated	Animal	Animal corpus	Animal corpus (saline)				NA
ERR5004260	2637224					13114.thomas.19.s051	Host-associated	Plant	Plant surface	Plant surface (saline)				NA
ERR5004244	11548994					13114.thomas.18.s043	Host-associated	Animal	Animal corpus	Animal corpus (saline)				NA
ERR5004270	1878310					13114.thomas.19.s061	Host-associated	Plant	Plant surface	Plant surface (saline)				NA
ERR5004275	18330					13114.tucker.58.s002	Free-living	Non-saline	Subsurface (non-saline)	Subsurface (non-saline)				NA
ERR5004278	2480					13114.tucker.58.s005	Free-living	Non-saline	Subsurface (non-saline)	Subsurface (non-saline)				NA
ERR5004283	526906					13114.tucker.58.s010	Free-living	Non-saline	Subsurface (non-saline)	Subsurface (non-saline)				NA
ERR5004272	2864456					13114.thomas.19.s063	Host-associated	Plant	Plant surface	Plant surface (saline)				NA
ERR5004274	2222750					13114.tucker.58.s001	Free-living	Non-saline	Subsurface (non-saline)	Subsurface (non-saline)				NA
ERR5004266	4572550					13114.thomas.19.s057	Host-associated	Plant	Plant surface	Plant surface (saline)				NA
ERR5004300	368750					13114.uren.82.s011	Host-associated	Fungus	Fungus corpus	Fungus corpus (non-saline)				NA
ERR5004255	8090210					13114.thomas.18.s054	Host-associated	Animal	Animal corpus	Animal corpus (saline)				NA
ERR5004249	14432014					13114.thomas.18.s048	Host-associated	Animal	Animal corpus	Animal corpus (saline)				NA
ERR5004247	15207334					13114.thomas.18.s046	Host-associated	Animal	Animal corpus	Animal corpus (saline)				NA
ERR5004261	9371500					13114.thomas.19.s052	Host-associated	Plant	Plant surface	Plant surface (saline)				NA
ERR5004347	32					13114.BLANK1.1A	Control	Negative	Sterile water blank	Sterile water blank				NA
ERR5004348	88					13114.BLANK1.1B	Control	Negative	Sterile water blank	Sterile water blank				NA
ERR5004349	70					13114.BLANK1.1D	Control	Negative	Sterile water blank	Sterile water blank				NA
ERR5004351	434					13114.BLANK2.2B	Control	Negative	Sterile water blank	Sterile water blank				NA
ERR5004352	214					13114.BLANK2.2C	Control	Negative	Sterile water blank	Sterile water blank				NA
ERR5004353	264					13114.BLANK2.2D	Control	Negative	Sterile water blank	Sterile water blank				NA
ERR5004354	50					13114.BLANK3.3A	Control	Negative	Sterile water blank	Sterile water blank				NA
ERR5004357	50					13114.BLANK3.3D	Control	Negative	Sterile water blank	Sterile water blank				NA
ERR5004358	28					13114.BLANK4.3A	Control	Negative	Sterile water blank	Sterile water blank				NA
ERR5004359	32					13114.BLANK4.3B	Control	Negative	Sterile water blank	Sterile water blank				NA
ERR5004262	9319168					13114.thomas.19.s053	Host-associated	Plant	Plant surface	Plant surface (saline)				NA
ERR5004373	4416216					13114.berry.2.s007	Free-living	Non-saline	Sediment (non-saline)	Sediment (non-saline)				NA
ERR5004311	7995802					13114.zaneveld.9.s010	Host-associated	Animal	Animal secretion	Animal secretion (saline)				NA
ERR5004371	5498120					13114.berry.2.s005	Free-living	Non-saline	Sediment (non-saline)	Sediment (non-saline)				NA
ERR5003790	250066480					13114.mousseau.88.s019	Host-associated	Animal	Animal distal gut	Animal distal gut (non-saline)				NA
ERR5004370	9571552					13114.berry.2.s004	Free-living	Non-saline	Sediment (non-saline)	Sediment (non-saline)				NA
ERR5004378	6018772					13114.berry.2.s012	Free-living	Non-saline	Sediment (non-saline)	Sediment (non-saline)				NA
ERR5004285	19422068					13114.tucker.58.s012	Free-living	Non-saline	Water (non-saline)	Water (non-saline)				NA
ERR5004377	15398996					13114.berry.2.s011	Free-living	Non-saline	Sediment (non-saline)	Sediment (non-saline)				NA
ERR5004376	16409960					13114.berry.2.s010	Free-living	Non-saline	Sediment (non-saline)	Sediment (non-saline)				NA
ERR5004368	22677348					13114.berry.2.s002	Free-living	Non-saline	Sediment (non-saline)	Sediment (non-saline)				NA
ERR5004381	13551100					13114.berry.2.s015	Free-living	Non-saline	Sediment (non-saline)	Sediment (non-saline)				NA
ERR5004399	148898					13114.bittleston.68.s013	Host-associated	Plant	Plant surface	Plant surface (non-saline)				NA
ERR5004397	1269750					13114.bittleston.68.s011	Host-associated	Plant	Plant surface	Plant surface (non-saline)				NA
ERR5004395	4978422					13114.bittleston.68.s009	Host-associated	Plant	Plant surface	Plant surface (non-saline)				NA
ERR5004384	15564866					13114.berry.2.s018	Free-living	Non-saline	Sediment (non-saline)	Sediment (non-saline)				NA
ERR5004375	24006558					13114.berry.2.s009	Free-living	Non-saline	Sediment (non-saline)	Sediment (non-saline)				NA
ERR5004380	24957934					13114.berry.2.s014	Free-living	Non-saline	Sediment (non-saline)	Sediment (non-saline)				NA
ERR5004393	14608978					13114.bittleston.68.s007	Host-associated	Plant	Plant surface	Plant surface (non-saline)				NA
ERR5004411	925548					13114.bowen.74.s010	Free-living	Saline	Sediment (saline)	Sediment (saline)				NA
ERR5004388	19599338					13114.bittleston.68.s002	Host-associated	Plant	Plant surface	Plant surface (non-saline)				NA
ERR5004390	17435060					13114.bittleston.68.s004	Host-associated	Plant	Plant surface	Plant surface (non-saline)				NA
ERR5004386	25146800					13114.berry.2.s020	Free-living	Non-saline	Sediment (non-saline)	Sediment (non-saline)				NA
ERR5004406	16396728					13114.bowen.74.s005	Free-living	Saline	Sediment (saline)	Sediment (saline)				NA
ERR5004408	18889142					13114.bowen.74.s007	Free-living	Saline	Sediment (saline)	Sediment (saline)				NA
ERR5004419	11180480					13114.distel.72.s002	Host-associated	Animal	Animal corpus	Animal corpus (saline)				NA
ERR5004413	23331332					13114.bowen.74.s012	Free-living	Saline	Sediment (saline)	Sediment (saline)				NA
ERR5004426	7143252					13114.distel.72.s009	Host-associated	Animal	Animal proximal gut	Animal proximal gut (saline)				NA
ERR5004431	15136					13114.distel.72.s014	Free-living	Saline	Surface (saline)	Surface (saline)				NA
ERR5004412	25597538					13114.bowen.74.s011	Free-living	Saline	Sediment (saline)	Sediment (saline)				NA
ERR5004418	18271856					13114.distel.72.s001	Host-associated	Animal	Animal corpus	Animal corpus (saline)				NA
ERR5004423	17727388					13114.distel.72.s006	Host-associated	Animal	Animal corpus	Animal corpus (saline)				NA
ERR5004421	19718770					13114.distel.72.s004	Host-associated	Animal	Animal corpus	Animal corpus (saline)				NA
ERR5004420	21708304					13114.distel.72.s003	Host-associated	Animal	Animal corpus	Animal corpus (saline)				NA
ERR5004429	12492610					13114.distel.72.s012	Host-associated	Animal	Animal proximal gut	Animal proximal gut (saline)				NA
ERR5004465	369080					13114.king.27.s002	Free-living	Non-saline	Soil (non-saline)	Soil (non-saline)				NA
ERR5004469	233852					13114.king.27.s006	Free-living	Non-saline	Soil (non-saline)	Soil (non-saline)				NA
ERR5004457	4044246					13114.jensen.43.s013	Free-living	Saline	Sediment (saline)	Sediment (saline)				NA
ERR5004462	5278932					13114.jensen.43.s018	Free-living	Saline	Sediment (saline)	Sediment (saline)				NA
ERR5004470	5473932					13114.king.27.s007	Free-living	Non-saline	Soil (non-saline)	Soil (non-saline)				NA
ERR5004427	21110912					13114.distel.72.s010	Host-associated	Animal	Animal corpus	Animal corpus (saline)				NA
ERR5004435	15571432					13114.girguis.50.s003	Host-associated	Animal	Animal distal gut	Animal distal gut (saline)				NA
ERR5004482	202					13114.king.27.s019	Free-living	Non-saline	Soil (non-saline)	Soil (non-saline)				NA
ERR5004443	14327896					13114.girguis.50.s011	Host-associated	Animal	Animal distal gut	Animal distal gut (saline)				NA
ERR5004491	22930					13114.macrae.crerar.3.s007	Free-living	Non-saline	Soil (non-saline)	Soil (non-saline)				NA
ERR5004442	16209178					13114.girguis.50.s010	Host-associated	Animal	Animal distal gut	Animal distal gut (saline)				NA
ERR5004497	518					13114.makhalanyane.46.s001	Free-living	Non-saline	Soil (non-saline)	Soil (non-saline)				NA
ERR5004499	572					13114.makhalanyane.46.s003	Free-living	Non-saline	Soil (non-saline)	Soil (non-saline)				NA
ERR5004500	40856					13114.makhalanyane.46.s004	Free-living	Non-saline	Soil (non-saline)	Soil (non-saline)				NA
ERR5004502	24124					13114.makhalanyane.46.s006	Free-living	Non-saline	Soil (non-saline)	Soil (non-saline)				NA
ERR5004504	57784					13114.makhalanyane.46.s008	Free-living	Non-saline	Soil (non-saline)	Soil (non-saline)				NA
ERR5004508	50					13114.makhalanyane.47.s002	Free-living	Non-saline	Soil (non-saline)	Soil (non-saline)				NA
ERR5004509	788					13114.makhalanyane.47.s003	Free-living	Non-saline	Soil (non-saline)	Soil (non-saline)				NA
ERR5004511	132					13114.makhalanyane.47.s005	Free-living	Non-saline	Soil (non-saline)	Soil (non-saline)				NA
ERR5004512	46					13114.makhalanyane.47.s006	Free-living	Non-saline	Soil (non-saline)	Soil (non-saline)				NA
ERR5004513	11026					13114.makhalanyane.47.s007	Free-living	Non-saline	Soil (non-saline)	Soil (non-saline)				NA
ERR5004515	536					13114.makhalanyane.47.s009	Free-living	Non-saline	Soil (non-saline)	Soil (non-saline)				NA
ERR5004503	616610					13114.makhalanyane.46.s007	Free-living	Non-saline	Soil (non-saline)	Soil (non-saline)				NA
ERR5004430	17551376					13114.distel.72.s013	Host-associated	Animal	Animal proximal gut	Animal proximal gut (saline)				NA
ERR5004485	3944422					13114.macrae.crerar.3.s001	Free-living	Non-saline	Soil (non-saline)	Soil (non-saline)				NA
ERR5004478	7155474					13114.king.27.s015	Free-living	Non-saline	Soil (non-saline)	Soil (non-saline)				NA
ERR5004475	8607806					13114.king.27.s012	Free-living	Non-saline	Soil (non-saline)	Soil (non-saline)				NA
ERR5004518	11549730					13114.mayer.33.s003	Free-living	Non-saline	Sediment (non-saline)	Sediment (non-saline)				NA
ERR5004495	17291056					13114.macrae.crerar.3.s011	Free-living	Non-saline	Soil (non-saline)	Soil (non-saline)				NA
ERR5004516	23129294					13114.mayer.33.s001	Free-living	Non-saline	Sediment (non-saline)	Sediment (non-saline)				NA
ERR5004531	20565646					13114.mayer.34.s009	Free-living	Non-saline	Sediment (non-saline)	Sediment (non-saline)				NA
ERR5004521	24711042					13114.mayer.33.s006	Free-living	Non-saline	Sediment (non-saline)	Sediment (non-saline)				NA
ERR5004517	28322196					13114.mayer.33.s002	Free-living	Non-saline	Sediment (non-saline)	Sediment (non-saline)				NA
ERR5004560	6337640					13114.mousseau.88.s002	Host-associated	Animal	Animal distal gut	Animal distal gut (non-saline)				NA
ERR5004533	30332514					13114.mcmahon.21.s008	Free-living	Non-saline	Water (non-saline)	Water (non-saline)				NA
ERR5004570	577576					13114.mousseau.88.s012	Host-associated	Animal	Animal distal gut	Animal distal gut (non-saline)				NA
ERR5004571	340220					13114.mousseau.88.s013	Host-associated	Animal	Animal distal gut	Animal distal gut (non-saline)				NA
ERR5004576	28898					13114.mousseau.88.s018	Host-associated	Animal	Animal distal gut	Animal distal gut (non-saline)				NA
ERR5004564	5874386					13114.mousseau.88.s006	Host-associated	Animal	Animal distal gut	Animal distal gut (non-saline)				NA
ERR5004565	6116156					13114.mousseau.88.s007	Host-associated	Animal	Animal distal gut	Animal distal gut (non-saline)				NA
ERR5004592	1110540					13114.mousseau.88.s034	Host-associated	Animal	Animal distal gut	Animal distal gut (non-saline)				NA
ERR5004561	14435968					13114.mousseau.88.s003	Host-associated	Animal	Animal distal gut	Animal distal gut (non-saline)				NA
ERR5004601	2439096					13114.mousseau.88.s044	Host-associated	Animal	Animal distal gut	Animal distal gut (non-saline)				NA
ERR5004585	4535070					13114.mousseau.88.s027	Host-associated	Animal	Animal distal gut	Animal distal gut (non-saline)				NA
ERR5004617	4293466					13114.mousseau.88.s061	Host-associated	Animal	Animal distal gut	Animal distal gut (non-saline)				NA
ERR5004579	14020556					13114.mousseau.88.s021	Host-associated	Animal	Animal distal gut	Animal distal gut (non-saline)				NA
ERR5004572	17758194					13114.mousseau.88.s014	Host-associated	Animal	Animal distal gut	Animal distal gut (non-saline)				NA
ERR5004619	11987704					13114.mousseau.88.s063	Host-associated	Animal	Animal distal gut	Animal distal gut (non-saline)				NA
ERR5004598	15041148					13114.mousseau.88.s041	Host-associated	Animal	Animal distal gut	Animal distal gut (non-saline)				NA
ERR5004553	42247104					13114.minich.76.s001	Host-associated	Animal	Animal distal gut	Animal distal gut (non-saline)				NA
ERR5004624	12082688					13114.mousseau.88.s068	Host-associated	Animal	Animal distal gut	Animal distal gut (non-saline)				NA
ERR5004644	3995268					13114.mousseau.88.s088	Host-associated	Animal	Animal distal gut	Animal distal gut (non-saline)				NA
ERR5004625	18604324					13114.mousseau.88.s069	Host-associated	Animal	Animal distal gut	Animal distal gut (non-saline)				NA
ERR5004646	11363734					13114.mousseau.88.s090	Host-associated	Animal	Animal distal gut	Animal distal gut (non-saline)				NA
ERR5004648	7627424					13114.mousseau.88.s092	Host-associated	Animal	Animal distal gut	Animal distal gut (non-saline)				NA
ERR5004643	17722456					13114.mousseau.88.s087	Host-associated	Animal	Animal distal gut	Animal distal gut (non-saline)				NA
ERR5004637	21734564					13114.mousseau.88.s081	Host-associated	Animal	Animal distal gut	Animal distal gut (non-saline)				NA
ERR5004658	4225554					13114.mousseau.88.s102	Host-associated	Animal	Animal distal gut	Animal distal gut (non-saline)				NA
ERR5004656	8888998					13114.mousseau.88.s100	Host-associated	Animal	Animal distal gut	Animal distal gut (non-saline)				NA
ERR5004659	3808608					13114.mousseau.88.s103	Host-associated	Animal	Animal distal gut	Animal distal gut (non-saline)				NA
ERR5004667	1068058					13114.mousseau.88.s111	Host-associated	Animal	Animal distal gut	Animal distal gut (non-saline)				NA
ERR5004581	40571884					13114.mousseau.88.s023	Host-associated	Animal	Animal distal gut	Animal distal gut (non-saline)				NA
ERR5004621	30765384					13114.mousseau.88.s065	Host-associated	Animal	Animal distal gut	Animal distal gut (non-saline)				NA
ERR5004640	24746336					13114.mousseau.88.s084	Host-associated	Animal	Animal distal gut	Animal distal gut (non-saline)				NA
ERR5004554	61601736					13114.minich.76.s002	Host-associated	Animal	Animal distal gut	Animal distal gut (non-saline)				NA
ERR5004668	4934030					13114.mousseau.88.s112	Host-associated	Animal	Animal distal gut	Animal distal gut (non-saline)				NA
ERR5004662	9893692					13114.mousseau.88.s106	Host-associated	Animal	Animal distal gut	Animal distal gut (non-saline)				NA
ERR5004657	13233414					13114.mousseau.88.s101	Host-associated	Animal	Animal distal gut	Animal distal gut (non-saline)				NA
ERR5004688	1493196					13114.myrold.59.s008	Free-living	Non-saline	Soil (non-saline)	Soil (non-saline)				NA
ERR5004689	3687480					13114.myrold.59.s009	Free-living	Non-saline	Soil (non-saline)	Soil (non-saline)				NA
ERR5004693	71154					13114.myrold.59.s013	Free-living	Non-saline	Soil (non-saline)	Soil (non-saline)				NA
ERR5004694	26788					13114.myrold.59.s014	Free-living	Non-saline	Soil (non-saline)	Soil (non-saline)				NA
ERR5004696	1028098					13114.myrold.59.s016	Free-living	Non-saline	Soil (non-saline)	Soil (non-saline)				NA
ERR5004698	168					13114.myrold.59.s018	Free-living	Non-saline	Soil (non-saline)	Soil (non-saline)				NA
ERR5004690	14859266					13114.myrold.59.s010	Free-living	Non-saline	Soil (non-saline)	Soil (non-saline)				NA
ERR5004687	22892368					13114.myrold.59.s007	Free-living	Non-saline	Soil (non-saline)	Soil (non-saline)				NA
ERR5004706	267762					13114.palenik.42.s004	Free-living	Saline	Water (saline)	Water (saline)				NA
ERR5004678	29744724					13114.myrold.5.s010	Free-living	Non-saline	Soil (non-saline)	Soil (non-saline)				NA
ERR5004765	129522					13114.rohwer.85.s012	Free-living	Saline	Sediment (saline)	Sediment (saline)				NA
ERR5004767	50726					13114.rohwer.85.s014	Free-living	Saline	Sediment (saline)	Sediment (saline)				NA
ERR5004768	460					13114.rohwer.85.s015	Free-living	Saline	Sediment (saline)	Sediment (saline)				NA
ERR5004770	33314					13114.rohwer.85.s017	Free-living	Saline	Sediment (saline)	Sediment (saline)				NA
ERR5004771	134654					13114.rohwer.85.s018	Free-living	Saline	Sediment (saline)	Sediment (saline)				NA
ERR5004753	15530146					13114.rohwer.84.s008	Free-living	Non-saline	Soil (non-saline)	Soil (non-saline)				NA
ERR5004791	53388					13114.roy.chowdhury.45.s008	Free-living	Non-saline	Soil (non-saline)	Soil (saline)				NA
ERR5004795	45774					13114.roy.chowdhury.45.s012	Free-living	Non-saline	Soil (non-saline)	Soil (saline)				NA
ERR5004760	10404100					13114.rohwer.85.s007	Free-living	Saline	Sediment (saline)	Sediment (saline)				NA
ERR5004797	7516					13114.roy.chowdhury.45.s014	Free-living	Non-saline	Soil (non-saline)	Soil (saline)				NA
ERR5004800	27272					13114.roy.chowdhury.45.s017	Free-living	Non-saline	Soil (non-saline)	Soil (saline)				NA
ERR5004802	508					13114.roy.chowdhury.45.s019	Free-living	Non-saline	Soil (non-saline)	Soil (saline)				NA
ERR5004805	12550					13114.roy.chowdhury.45.s022	Free-living	Non-saline	Soil (non-saline)	Soil (saline)				NA
ERR5004783	4597994					13114.rohwer.86.s003	Free-living	Saline	Surface (saline)	Surface (saline)				NA
ERR5004806	2862468					13114.roy.chowdhury.45.s023	Free-living	Non-saline	Soil (non-saline)	Soil (saline)				NA
ERR5004810	148078					13114.sandin.54.s003	Host-associated	Animal	Animal proximal gut	Animal proximal gut (saline)				NA
ERR5004813	599462					13114.sandin.54.s006	Host-associated	Animal	Animal proximal gut	Animal proximal gut (saline)				NA
ERR5004773	12067016					13114.rohwer.85.s020	Free-living	Saline	Sediment (saline)	Sediment (saline)				NA
ERR5004823	162892					13114.schmidt.56.s001	Free-living	Non-saline	Soil (non-saline)	Soil (non-saline)				NA
ERR5004826	1582					13114.schmidt.56.s004	Free-living	Non-saline	Soil (non-saline)	Soil (non-saline)				NA
ERR5004828	15194					13114.schmidt.56.s006	Free-living	Non-saline	Soil (non-saline)	Soil (non-saline)				NA
ERR5004807	6619224					13114.roy.chowdhury.45.s024	Free-living	Non-saline	Soil (non-saline)	Soil (saline)				NA
ERR5004830	494					13114.schmidt.56.s008	Free-living	Non-saline	Soil (non-saline)	Soil (non-saline)				NA
ERR5004831	394					13114.schmidt.56.s009	Free-living	Non-saline	Soil (non-saline)	Soil (non-saline)				NA
ERR5004835	86610					13114.schmidt.56.s013	Free-living	Non-saline	Soil (non-saline)	Soil (non-saline)				NA
ERR5004837	4454					13114.schmidt.56.s015	Free-living	Non-saline	Soil (non-saline)	Soil (non-saline)				NA
ERR5004825	3402952					13114.schmidt.56.s003	Free-living	Non-saline	Soil (non-saline)	Soil (non-saline)				NA
ERR5004840	1124					13114.schmidt.56.s018	Free-living	Non-saline	Soil (non-saline)	Soil (non-saline)				NA
ERR5004829	2355932					13114.schmidt.56.s007	Free-living	Non-saline	Soil (non-saline)	Soil (non-saline)				NA
ERR5004843	4814					13114.schmidt.56.s021	Free-living	Non-saline	Soil (non-saline)	Soil (non-saline)				NA
ERR5004769	19549174					13114.rohwer.85.s016	Free-living	Saline	Sediment (saline)	Sediment (saline)				NA
ERR5004782	15978462					13114.rohwer.86.s002	Free-living	Saline	Sediment (saline)	Sediment (saline)				NA
ERR5004815	10101514					13114.sandin.54.s008	Host-associated	Animal	Animal proximal gut	Animal proximal gut (saline)				NA
ERR5004839	4757682					13114.schmidt.56.s017	Free-living	Non-saline	Soil (non-saline)	Soil (non-saline)				NA
ERR5004796	16193866					13114.roy.chowdhury.45.s013	Free-living	Non-saline	Soil (non-saline)	Soil (saline)				NA
ERR5004847	4252908					13114.schmidt.56.s025	Free-living	Non-saline	Soil (non-saline)	Soil (non-saline)				NA
ERR5004853	6304					13114.seedorf.71.s005	Free-living	Non-saline	Soil (non-saline)	Soil (non-saline)				NA
ERR5004842	8713392					13114.schmidt.56.s020	Free-living	Non-saline	Soil (non-saline)	Soil (non-saline)				NA
ERR5004861	2082244					13114.seedorf.71.s013	Free-living	Non-saline	Soil (non-saline)	Soil (non-saline)				NA
ERR5004850	14063808					13114.seedorf.71.s002	Free-living	Non-saline	Soil (non-saline)	Soil (non-saline)				NA
ERR5004867	150918					13114.shade.23.s005	Free-living	Non-saline	Soil (non-saline)	Soil (non-saline)				NA
ERR5004848	17405912					13114.schmidt.56.s026	Free-living	Non-saline	Soil (non-saline)	Soil (non-saline)				NA
ERR5004854	16827120					13114.seedorf.71.s006	Free-living	Non-saline	Soil (non-saline)	Soil (non-saline)				NA
ERR5004844	25082456					13114.schmidt.56.s022	Free-living	Non-saline	Soil (non-saline)	Soil (non-saline)				NA
ERR5004869	15663226					13114.shade.23.s007	Free-living	Non-saline	Soil (non-saline)	Soil (non-saline)				NA
ERR5004879	12377152					13114.smith.39.s007	Host-associated	Plant	Plant surface	Plant surface (saline)				NA
ERR5004875	24795230					13114.smith.39.s003	Host-associated	Plant	Plant surface	Plant surface (saline)				NA
ERR5004908	13507900					13114.song.52.s008	Host-associated	Animal	Animal distal gut	Animal distal gut (non-saline)				NA
ERR5004913	11704744					13114.song.52.s013	Host-associated	Animal	Animal distal gut	Animal distal gut (non-saline)				NA
ERR5004884	31143624					13114.song.51.s004	Host-associated	Animal	Animal distal gut	Animal distal gut (non-saline)				NA
ERR5004888	36920506					13114.song.51.s008	Host-associated	Animal	Animal distal gut	Animal distal gut (non-saline)				NA
ERR5004931	129330					13114.song.75.s001	Host-associated	Animal	Animal distal gut	Animal distal gut (non-saline)				NA
ERR5004901	39949260					13114.song.52.s001	Host-associated	Animal	Animal distal gut	Animal distal gut (non-saline)				NA
ERR5004898	46637696					13114.song.51.s018	Host-associated	Animal	Animal distal gut	Animal distal gut (non-saline)				NA
ERR5004935	8171604					13114.stegen.36.s001	Free-living	Non-saline	Soil (non-saline)	Soil (non-saline)				NA
ERR5004885	56172748					13114.song.51.s005	Host-associated	Animal	Animal distal gut	Animal distal gut (non-saline)				NA
ERR5004950	1958					13114.stegen.37.s001	Free-living	Non-saline	Sediment (non-saline)	Sediment (non-saline)				NA
ERR5004951	11296					13114.stegen.37.s002	Free-living	Non-saline	Sediment (non-saline)	Sediment (non-saline)				NA
ERR5004952	22078					13114.stegen.37.s003	Free-living	Non-saline	Sediment (non-saline)	Sediment (non-saline)				NA
ERR5004955	7612					13114.stegen.37.s006	Free-living	Non-saline	Sediment (non-saline)	Sediment (non-saline)				NA
ERR5004956	22068					13114.stegen.37.s007	Free-living	Non-saline	Sediment (non-saline)	Sediment (non-saline)				NA
ERR5004957	431460					13114.stegen.37.s008	Free-living	Non-saline	Sediment (non-saline)	Sediment (non-saline)				NA
ERR5004958	50186					13114.stegen.37.s009	Free-living	Non-saline	Sediment (non-saline)	Sediment (non-saline)				NA
ERR5004959	119928					13114.stegen.37.s010	Free-living	Non-saline	Sediment (non-saline)	Sediment (non-saline)				NA
ERR5004963	25776					13114.stegen.38.s004	Free-living	Non-saline	Soil (non-saline)	Soil (non-saline)				NA
ERR5004948	2528638					13114.stegen.36.s014	Free-living	Non-saline	Soil (non-saline)	Soil (non-saline)				NA
ERR5004943	14970766					13114.stegen.36.s009	Free-living	Non-saline	Soil (non-saline)	Soil (non-saline)				NA
ERR5004936	22028776					13114.stegen.36.s002	Free-living	Non-saline	Soil (non-saline)	Soil (non-saline)				NA
ERR5004940	23357746					13114.stegen.36.s006	Free-living	Non-saline	Soil (non-saline)	Soil (non-saline)				NA
ERR5004923	48921222					13114.song.53.s008	Host-associated	Animal	Animal distal gut	Animal distal gut (non-saline)				NA
ERR5004926	45237716					13114.song.53.s011	Host-associated	Animal	Animal distal gut	Animal distal gut (non-saline)				NA
ERR5004981	3849242					13114.stewart.26.s004	Free-living	Saline	Water (saline)	Water (saline)				NA
ERR5004998	25388496					13114.thomas.18.s001	Host-associated	Animal	Animal corpus	Animal corpus (saline)				NA
ERR5005003	24565932					13114.thomas.18.s010	Host-associated	Animal	Animal corpus	Animal corpus (saline)				NA
ERR5004997	28251374					13114.tait.78.s003	Free-living	Saline	Sediment (saline)	Sediment (saline)				NA
ERR5005012	14344736					13114.thomas.18.s023	Host-associated	Animal	Animal corpus	Animal corpus (saline)				NA
ERR5005007	19119796					13114.thomas.18.s014	Host-associated	Animal	Animal corpus	Animal corpus (saline)				NA
ERR5005005	25483172					13114.thomas.18.s012	Host-associated	Animal	Animal corpus	Animal corpus (saline)				NA
ERR5005019	3976356					13114.thomas.18.s031	Host-associated	Animal	Animal corpus	Animal corpus (saline)				NA
ERR5005009	23239300					13114.thomas.18.s016	Host-associated	Animal	Animal corpus	Animal corpus (saline)				NA
ERR5005026	4947336					13114.thomas.18.s038	Host-associated	Animal	Animal corpus	Animal corpus (saline)				NA
ERR5005032	17120					13114.thomas.18.s044	Host-associated	Animal	Animal corpus	Animal corpus (saline)				NA
ERR5005035	8860					13114.thomas.18.s047	Host-associated	Animal	Animal corpus	Animal corpus (saline)				NA
ERR5005037	1069142					13114.thomas.18.s049	Host-associated	Animal	Animal corpus	Animal corpus (saline)				NA
ERR5005029	4821226					13114.thomas.18.s041	Host-associated	Animal	Animal corpus	Animal corpus (saline)				NA
ERR5005033	8160778					13114.thomas.18.s045	Host-associated	Animal	Animal corpus	Animal corpus (saline)				NA
ERR5005041	5254762					13114.thomas.18.s053	Host-associated	Animal	Animal corpus	Animal corpus (saline)				NA
ERR5005040	7078692					13114.thomas.18.s052	Host-associated	Animal	Animal corpus	Animal corpus (saline)				NA
ERR5005017	22415896					13114.thomas.18.s029	Host-associated	Animal	Animal corpus	Animal corpus (saline)				NA
ERR5005046	3168946					13114.thomas.19.s050	Host-associated	Plant	Plant surface	Plant surface (saline)				NA
ERR5005050	3310184					13114.thomas.19.s054	Host-associated	Plant	Plant surface	Plant surface (saline)				NA
ERR5005054	1918038					13114.thomas.19.s058	Host-associated	Plant	Plant surface	Plant surface (saline)				NA
ERR5005055	2172346					13114.thomas.19.s059	Host-associated	Plant	Plant surface	Plant surface (saline)				NA
ERR5005064	5502					13114.tucker.58.s004	Free-living	Non-saline	Subsurface (non-saline)	Subsurface (non-saline)				NA
ERR5005066	36048					13114.tucker.58.s006	Free-living	Non-saline	Subsurface (non-saline)	Subsurface (non-saline)				NA
ERR5005067	4336					13114.tucker.58.s007	Free-living	Non-saline	Subsurface (non-saline)	Subsurface (non-saline)				NA
ERR5005069	1122					13114.tucker.58.s009	Free-living	Non-saline	Subsurface (non-saline)	Subsurface (non-saline)				NA
ERR5005063	654738					13114.tucker.58.s003	Free-living	Non-saline	Subsurface (non-saline)	Subsurface (non-saline)				NA
ERR5005071	365766					13114.tucker.58.s011	Free-living	Non-saline	Water (non-saline)	Water (non-saline)				NA
ERR5005045	7783776					13114.thomas.18.s057	Host-associated	Animal	Animal corpus	Animal corpus (saline)				NA
ERR5005044	9217538					13114.thomas.18.s056	Host-associated	Animal	Animal corpus	Animal corpus (saline)				NA
ERR5005075	873982					13114.tucker.58.s015	Free-living	Non-saline	Water (non-saline)	Water (non-saline)				NA
ERR5005058	2821628					13114.thomas.19.s062	Host-associated	Plant	Plant surface	Plant surface (saline)				NA
ERR5005052	4752598					13114.thomas.19.s056	Host-associated	Plant	Plant surface	Plant surface (saline)				NA
ERR5005051	5972540					13114.thomas.19.s055	Host-associated	Plant	Plant surface	Plant surface (saline)				NA
ERR5005090	1140302					13114.zaneveld.9.s002	Host-associated	Animal	Animal secretion	Animal secretion (saline)				NA
ERR5005073	2937946					13114.tucker.58.s013	Free-living	Non-saline	Water (non-saline)	Water (non-saline)				NA
ERR5005060	7458042					13114.thomas.19.s064	Host-associated	Plant	Plant surface	Plant surface (saline)				NA
ERR5005099	487566					13114.zaneveld.9.s011	Host-associated	Animal	Animal secretion	Animal secretion (saline)				NA
ERR5005056	8938396					13114.thomas.19.s060	Host-associated	Plant	Plant surface	Plant surface (saline)				NA
ERR5005089	22110222					13114.zaneveld.9.s001	Host-associated	Animal	Animal secretion	Animal secretion (saline)				NA
ERR5005159	3125662					13114.girguis.50.s006	Host-associated	Animal	Animal distal gut	Animal distal gut (saline)				NA
ERR5005157	9628912					13114.girguis.50.s004	Host-associated	Animal	Animal distal gut	Animal distal gut (saline)				NA
ERR5005160	6777162					13114.girguis.50.s007	Host-associated	Animal	Animal distal gut	Animal distal gut (saline)				NA
ERR5005175	200018					13114.mousseau.88.s004	Host-associated	Animal	Animal distal gut	Animal distal gut (non-saline)				NA
ERR5005176	18095970					13114.mousseau.88.s005	Host-associated	Animal	Animal distal gut	Animal distal gut (non-saline)				NA
ERR5005179	19520250					13114.mousseau.88.s008	Host-associated	Animal	Animal distal gut	Animal distal gut (non-saline)				NA
ERR5005172	25580916					13114.mousseau.88.s001	Host-associated	Animal	Animal distal gut	Animal distal gut (non-saline)				NA
ERR5005186	279114					13114.mousseau.88.s015	Host-associated	Animal	Animal distal gut	Animal distal gut (non-saline)				NA
ERR5005193	210030					13114.mousseau.88.s022	Host-associated	Animal	Animal distal gut	Animal distal gut (non-saline)				NA
ERR5005154	43615700					13114.girguis.50.s001	Host-associated	Animal	Animal distal gut	Animal distal gut (saline)				NA
ERR5005181	4396114					13114.mousseau.88.s010	Host-associated	Animal	Animal distal gut	Animal distal gut (non-saline)				NA
ERR5005180	8671712					13114.mousseau.88.s009	Host-associated	Animal	Animal distal gut	Animal distal gut (non-saline)				NA
ERR5005188	4170728					13114.mousseau.88.s017	Host-associated	Animal	Animal distal gut	Animal distal gut (non-saline)				NA
ERR5005204	260072					13114.mousseau.88.s033	Host-associated	Animal	Animal distal gut	Animal distal gut (non-saline)				NA
ERR5005195	4560656					13114.mousseau.88.s024	Host-associated	Animal	Animal distal gut	Animal distal gut (non-saline)				NA
ERR5005199	2998112					13114.mousseau.88.s028	Host-associated	Animal	Animal distal gut	Animal distal gut (non-saline)				NA
ERR5005196	7005744					13114.mousseau.88.s025	Host-associated	Animal	Animal distal gut	Animal distal gut (non-saline)				NA
ERR5005213	446666					13114.mousseau.88.s043	Host-associated	Animal	Animal distal gut	Animal distal gut (non-saline)				NA
ERR5005197	6040686					13114.mousseau.88.s026	Host-associated	Animal	Animal distal gut	Animal distal gut (non-saline)				NA
ERR5005212	6792630					13114.mousseau.88.s042	Host-associated	Animal	Animal distal gut	Animal distal gut (non-saline)				NA
ERR5005168	44230718					13114.minich.76.s003	Host-associated	Animal	Animal distal gut	Animal distal gut (non-saline)				NA
ERR5005210	8262234					13114.mousseau.88.s040	Host-associated	Animal	Animal distal gut	Animal distal gut (non-saline)				NA
ERR5005221	2130880					13114.mousseau.88.s051	Host-associated	Animal	Animal distal gut	Animal distal gut (non-saline)				NA
ERR5005209	11384958					13114.mousseau.88.s039	Host-associated	Animal	Animal distal gut	Animal distal gut (non-saline)				NA
ERR5005206	14185516					13114.mousseau.88.s035	Host-associated	Animal	Animal distal gut	Animal distal gut (non-saline)				NA
ERR5005208	17690818					13114.mousseau.88.s037	Host-associated	Animal	Animal distal gut	Animal distal gut (non-saline)				NA
ERR5005217	16734626					13114.mousseau.88.s047	Host-associated	Animal	Animal distal gut	Animal distal gut (non-saline)				NA
ERR5005240	426926					13114.mousseau.88.s071	Host-associated	Animal	Animal distal gut	Animal distal gut (non-saline)				NA
ERR5005241	1221306					13114.mousseau.88.s072	Host-associated	Animal	Animal distal gut	Animal distal gut (non-saline)				NA
ERR5005239	7455232					13114.mousseau.88.s070	Host-associated	Animal	Animal distal gut	Animal distal gut (non-saline)				NA
ERR5005215	22442130					13114.mousseau.88.s045	Host-associated	Animal	Animal distal gut	Animal distal gut (non-saline)				NA
ERR5005233	11388020					13114.mousseau.88.s064	Host-associated	Animal	Animal distal gut	Animal distal gut (non-saline)				NA
ERR5005246	637916					13114.mousseau.88.s077	Host-associated	Animal	Animal distal gut	Animal distal gut (non-saline)				NA
ERR5005226	17512928					13114.mousseau.88.s056	Host-associated	Animal	Animal distal gut	Animal distal gut (non-saline)				NA
ERR5005220	21996972					13114.mousseau.88.s050	Host-associated	Animal	Animal distal gut	Animal distal gut (non-saline)				NA
ERR5005251	205422					13114.mousseau.88.s082	Host-associated	Animal	Animal distal gut	Animal distal gut (non-saline)				NA
ERR5005244	4778274					13114.mousseau.88.s075	Host-associated	Animal	Animal distal gut	Animal distal gut (non-saline)				NA
ERR5005242	8700656					13114.mousseau.88.s073	Host-associated	Animal	Animal distal gut	Animal distal gut (non-saline)				NA
ERR5005247	5677454					13114.mousseau.88.s078	Host-associated	Animal	Animal distal gut	Animal distal gut (non-saline)				NA
ERR5005227	21844564					13114.mousseau.88.s057	Host-associated	Animal	Animal distal gut	Animal distal gut (non-saline)				NA
ERR5005243	10653878					13114.mousseau.88.s074	Host-associated	Animal	Animal distal gut	Animal distal gut (non-saline)				NA
ERR5005252	9785232					13114.mousseau.88.s083	Host-associated	Animal	Animal distal gut	Animal distal gut (non-saline)				NA
ERR5005258	10096216					13114.mousseau.88.s089	Host-associated	Animal	Animal distal gut	Animal distal gut (non-saline)				NA
ERR5005245	14044486					13114.mousseau.88.s076	Host-associated	Animal	Animal distal gut	Animal distal gut (non-saline)				NA
ERR5005249	12383980					13114.mousseau.88.s080	Host-associated	Animal	Animal distal gut	Animal distal gut (non-saline)				NA
ERR5005263	9907632					13114.mousseau.88.s094	Host-associated	Animal	Animal distal gut	Animal distal gut (non-saline)				NA
ERR5005260	11831588					13114.mousseau.88.s091	Host-associated	Animal	Animal distal gut	Animal distal gut (non-saline)				NA
ERR5005264	9135432					13114.mousseau.88.s095	Host-associated	Animal	Animal distal gut	Animal distal gut (non-saline)				NA
ERR5005262	11956448					13114.mousseau.88.s093	Host-associated	Animal	Animal distal gut	Animal distal gut (non-saline)				NA
ERR5005248	19503382					13114.mousseau.88.s079	Host-associated	Animal	Animal distal gut	Animal distal gut (non-saline)				NA
ERR5005282	141402					13114.song.51.s001	Host-associated	Animal	Animal distal gut	Animal distal gut (non-saline)				NA
ERR5005265	12572298					13114.mousseau.88.s096	Host-associated	Animal	Animal distal gut	Animal distal gut (non-saline)				NA
ERR5005279	5918600					13114.mousseau.88.s110	Host-associated	Animal	Animal distal gut	Animal distal gut (non-saline)				NA
ERR5005278	8164824					13114.mousseau.88.s109	Host-associated	Animal	Animal distal gut	Animal distal gut (non-saline)				NA
ERR5005274	14132704					13114.mousseau.88.s105	Host-associated	Animal	Animal distal gut	Animal distal gut (non-saline)				NA
ERR5005267	16274634					13114.mousseau.88.s098	Host-associated	Animal	Animal distal gut	Animal distal gut (non-saline)				NA
ERR5005277	20120092					13114.mousseau.88.s108	Host-associated	Animal	Animal distal gut	Animal distal gut (non-saline)				NA
ERR5005276	23163738					13114.mousseau.88.s107	Host-associated	Animal	Animal distal gut	Animal distal gut (non-saline)				NA
ERR5005266	32457998					13114.mousseau.88.s097	Host-associated	Animal	Animal distal gut	Animal distal gut (non-saline)				NA
ERR5005298	7923892					13114.song.51.s017	Host-associated	Animal	Animal distal gut	Animal distal gut (non-saline)				NA
ERR5005283	28003250					13114.song.51.s002	Host-associated	Animal	Animal distal gut	Animal distal gut (non-saline)				NA
ERR5005294	25627082					13114.song.51.s013	Host-associated	Animal	Animal distal gut	Animal distal gut (non-saline)				NA
ERR5005290	32012758					13114.song.51.s009	Host-associated	Animal	Animal distal gut	Animal distal gut (non-saline)				NA
ERR5005305	12005660					13114.song.52.s004	Host-associated	Animal	Animal distal gut	Animal distal gut (non-saline)				NA
ERR5005301	23640146					13114.song.51.s020	Host-associated	Animal	Animal distal gut	Animal distal gut (non-saline)				NA
ERR5005333	647262					13114.song.75.s002	Host-associated	Animal	Animal distal gut	Animal distal gut (non-saline)				NA
ERR5005328	18951772					13114.song.53.s012	Host-associated	Animal	Animal distal gut	Animal distal gut (non-saline)				NA
ERR5005303	37816086					13114.song.52.s002	Host-associated	Animal	Animal distal gut	Animal distal gut (non-saline)				NA
ERR5005326	29721034					13114.song.53.s010	Host-associated	Animal	Animal distal gut	Animal distal gut (non-saline)				NA
ERR5005320	33349932					13114.song.53.s004	Host-associated	Animal	Animal distal gut	Animal distal gut (non-saline)				NA
ERR5005313	39775998					13114.song.52.s012	Host-associated	Animal	Animal distal gut	Animal distal gut (non-saline)				NA
ERR5005334	49804982					13114.song.75.s003	Host-associated	Animal	Animal distal gut	Animal distal gut (non-saline)				NA
ERR5005335	46283004					13114.song.75.s004	Host-associated	Animal	Animal distal gut	Animal distal gut (non-saline)				NA
